mtllib cornell.mtl
v 0.0000 0.0000 0.0000
v 556.0000 0.0000 0.0000
v 556.0000 0.0000 559.0000
v 0.0000 0.0000 559.0000
v 0.0000 548.8000 0.0000
v 0.0000 548.8000 559.0000
v 556.0000 548.8000 559.0000
v 556.0000 548.8000 0.0000
v 0.0000 0.0000 559.0000
v 556.0000 0.0000 559.0000
v 556.0000 548.8000 559.0000
v 0.0000 548.8000 559.0000
v 0.0000 0.0000 0.0000
v 0.0000 0.0000 559.0000
v 0.0000 548.8000 559.0000
v 0.0000 548.8000 0.0000
v 556.0000 0.0000 0.0000
v 556.0000 548.8000 0.0000
v 556.0000 548.8000 559.0000
v 556.0000 0.0000 559.0000
v 213.0000 548.6000 227.0000
v 213.0000 548.6000 332.0000
v 343.0000 548.6000 332.0000
v 343.0000 548.6000 227.0000
v 267.3538 330.0000 324.5359
v 425.4641 330.0000 277.3538
v 472.6462 330.0000 435.4641
v 314.5359 330.0000 482.6462
v 267.3538 0.0000 324.5359
v 314.5359 0.0000 482.6462
v 472.6462 0.0000 435.4641
v 425.4641 0.0000 277.3538
v 267.3538 0.0000 324.5359
v 425.4641 0.0000 277.3538
v 425.4641 330.0000 277.3538
v 267.3538 330.0000 324.5359
v 425.4641 0.0000 277.3538
v 472.6462 0.0000 435.4641
v 472.6462 330.0000 435.4641
v 425.4641 330.0000 277.3538
v 472.6462 0.0000 435.4641
v 314.5359 0.0000 482.6462
v 314.5359 330.0000 482.6462
v 472.6462 330.0000 435.4641
v 314.5359 0.0000 482.6462
v 267.3538 0.0000 324.5359
v 267.3538 330.0000 324.5359
v 314.5359 330.0000 482.6462
v 180.0000 240.0000 180.0000
v 180.0000 240.0000 180.0000
v 180.0000 240.0000 180.0000
v 180.0000 240.0000 180.0000
v 180.0000 240.0000 180.0000
v 180.0000 240.0000 180.0000
v 180.0000 240.0000 180.0000
v 180.0000 240.0000 180.0000
v 180.0000 240.0000 180.0000
v 180.0000 240.0000 180.0000
v 180.0000 240.0000 180.0000
v 180.0000 240.0000 180.0000
v 180.0000 240.0000 180.0000
v 180.0000 240.0000 180.0000
v 180.0000 240.0000 180.0000
v 180.0000 240.0000 180.0000
v 180.0000 240.0000 180.0000
v 180.0000 240.0000 180.0000
v 180.0000 240.0000 180.0000
v 180.0000 240.0000 180.0000
v 180.0000 240.0000 180.0000
v 180.0000 240.0000 180.0000
v 180.0000 240.0000 180.0000
v 180.0000 240.0000 180.0000
v 180.0000 240.0000 180.0000
v 180.0000 240.0000 180.0000
v 180.0000 240.0000 180.0000
v 180.0000 240.0000 180.0000
v 180.0000 240.0000 180.0000
v 180.0000 240.0000 180.0000
v 180.0000 240.0000 180.0000
v 180.0000 240.0000 180.0000
v 180.0000 240.0000 180.0000
v 180.0000 240.0000 180.0000
v 180.0000 240.0000 180.0000
v 180.0000 240.0000 180.0000
v 180.0000 240.0000 180.0000
v 180.0000 240.0000 180.0000
v 180.0000 240.0000 180.0000
v 180.0000 240.0000 180.0000
v 180.0000 240.0000 180.0000
v 180.0000 240.0000 180.0000
v 180.0000 240.0000 180.0000
v 180.0000 240.0000 180.0000
v 180.0000 240.0000 180.0000
v 180.0000 240.0000 180.0000
v 180.0000 240.0000 180.0000
v 180.0000 240.0000 180.0000
v 180.0000 240.0000 180.0000
v 195.6631 238.9734 180.0000
v 195.5291 238.9734 182.0445
v 195.1294 238.9734 184.0539
v 194.4709 238.9734 185.9940
v 193.5647 238.9734 187.8316
v 192.4264 238.9734 189.5351
v 191.0755 238.9734 191.0755
v 189.5351 238.9734 192.4264
v 187.8316 238.9734 193.5647
v 185.9940 238.9734 194.4709
v 184.0539 238.9734 195.1294
v 182.0445 238.9734 195.5291
v 180.0000 238.9734 195.6631
v 177.9555 238.9734 195.5291
v 175.9461 238.9734 195.1294
v 174.0060 238.9734 194.4709
v 172.1684 238.9734 193.5647
v 170.4649 238.9734 192.4264
v 168.9245 238.9734 191.0755
v 167.5736 238.9734 189.5351
v 166.4353 238.9734 187.8316
v 165.5291 238.9734 185.9940
v 164.8706 238.9734 184.0539
v 164.4709 238.9734 182.0445
v 164.3369 238.9734 180.0000
v 164.4709 238.9734 177.9555
v 164.8706 238.9734 175.9461
v 165.5291 238.9734 174.0060
v 166.4353 238.9734 172.1684
v 167.5736 238.9734 170.4649
v 168.9245 238.9734 168.9245
v 170.4649 238.9734 167.5736
v 172.1684 238.9734 166.4353
v 174.0060 238.9734 165.5291
v 175.9461 238.9734 164.8706
v 177.9555 238.9734 164.4709
v 180.0000 238.9734 164.3369
v 182.0445 238.9734 164.4709
v 184.0539 238.9734 164.8706
v 185.9940 238.9734 165.5291
v 187.8316 238.9734 166.4353
v 189.5351 238.9734 167.5736
v 191.0755 238.9734 168.9245
v 192.4264 238.9734 170.4649
v 193.5647 238.9734 172.1684
v 194.4709 238.9734 174.0060
v 195.1294 238.9734 175.9461
v 195.5291 238.9734 177.9555
v 195.6631 238.9734 180.0000
v 211.0583 235.9111 180.0000
v 210.7926 235.9111 184.0539
v 210.0000 235.9111 188.0385
v 208.6941 235.9111 191.8855
v 206.8973 235.9111 195.5291
v 204.6402 235.9111 198.9071
v 201.9615 235.9111 201.9615
v 198.9071 235.9111 204.6402
v 195.5291 235.9111 206.8973
v 191.8855 235.9111 208.6941
v 188.0385 235.9111 210.0000
v 184.0539 235.9111 210.7926
v 180.0000 235.9111 211.0583
v 175.9461 235.9111 210.7926
v 171.9615 235.9111 210.0000
v 168.1145 235.9111 208.6941
v 164.4709 235.9111 206.8973
v 161.0929 235.9111 204.6402
v 158.0385 235.9111 201.9615
v 155.3598 235.9111 198.9071
v 153.1027 235.9111 195.5291
v 151.3059 235.9111 191.8855
v 150.0000 235.9111 188.0385
v 149.2074 235.9111 184.0539
v 148.9417 235.9111 180.0000
v 149.2074 235.9111 175.9461
v 150.0000 235.9111 171.9615
v 151.3059 235.9111 168.1145
v 153.1027 235.9111 164.4709
v 155.3598 235.9111 161.0929
v 158.0385 235.9111 158.0385
v 161.0929 235.9111 155.3598
v 164.4709 235.9111 153.1027
v 168.1145 235.9111 151.3059
v 171.9615 235.9111 150.0000
v 175.9461 235.9111 149.2074
v 180.0000 235.9111 148.9417
v 184.0539 235.9111 149.2074
v 188.0385 235.9111 150.0000
v 191.8855 235.9111 151.3059
v 195.5291 235.9111 153.1027
v 198.9071 235.9111 155.3598
v 201.9615 235.9111 158.0385
v 204.6402 235.9111 161.0929
v 206.8973 235.9111 164.4709
v 208.6941 235.9111 168.1145
v 210.0000 235.9111 171.9615
v 210.7926 235.9111 175.9461
v 211.0583 235.9111 180.0000
v 225.9220 230.8655 180.0000
v 225.5291 230.8655 185.9940
v 224.3573 230.8655 191.8855
v 222.4264 230.8655 197.5736
v 219.7696 230.8655 202.9610
v 216.4324 230.8655 207.9555
v 212.4718 230.8655 212.4718
v 207.9555 230.8655 216.4324
v 202.9610 230.8655 219.7696
v 197.5736 230.8655 222.4264
v 191.8855 230.8655 224.3573
v 185.9940 230.8655 225.5291
v 180.0000 230.8655 225.9220
v 174.0060 230.8655 225.5291
v 168.1145 230.8655 224.3573
v 162.4264 230.8655 222.4264
v 157.0390 230.8655 219.7696
v 152.0445 230.8655 216.4324
v 147.5282 230.8655 212.4718
v 143.5676 230.8655 207.9555
v 140.2304 230.8655 202.9610
v 137.5736 230.8655 197.5736
v 135.6427 230.8655 191.8855
v 134.4709 230.8655 185.9940
v 134.0780 230.8655 180.0000
v 134.4709 230.8655 174.0060
v 135.6427 230.8655 168.1145
v 137.5736 230.8655 162.4264
v 140.2304 230.8655 157.0390
v 143.5676 230.8655 152.0445
v 147.5282 230.8655 147.5282
v 152.0445 230.8655 143.5676
v 157.0390 230.8655 140.2304
v 162.4264 230.8655 137.5736
v 168.1145 230.8655 135.6427
v 174.0060 230.8655 134.4709
v 180.0000 230.8655 134.0780
v 185.9940 230.8655 134.4709
v 191.8855 230.8655 135.6427
v 197.5736 230.8655 137.5736
v 202.9610 230.8655 140.2304
v 207.9555 230.8655 143.5676
v 212.4718 230.8655 147.5282
v 216.4324 230.8655 152.0445
v 219.7696 230.8655 157.0390
v 222.4264 230.8655 162.4264
v 224.3573 230.8655 168.1145
v 225.5291 230.8655 174.0060
v 225.9220 230.8655 180.0000
v 240.0000 223.9230 180.0000
v 239.4867 223.9230 187.8316
v 237.9555 223.9230 195.5291
v 235.4328 223.9230 202.9610
v 231.9615 223.9230 210.0000
v 227.6012 223.9230 216.5257
v 222.4264 223.9230 222.4264
v 216.5257 223.9230 227.6012
v 210.0000 223.9230 231.9615
v 202.9610 223.9230 235.4328
v 195.5291 223.9230 237.9555
v 187.8316 223.9230 239.4867
v 180.0000 223.9230 240.0000
v 172.1684 223.9230 239.4867
v 164.4709 223.9230 237.9555
v 157.0390 223.9230 235.4328
v 150.0000 223.9230 231.9615
v 143.4743 223.9230 227.6012
v 137.5736 223.9230 222.4264
v 132.3988 223.9230 216.5257
v 128.0385 223.9230 210.0000
v 124.5672 223.9230 202.9610
v 122.0445 223.9230 195.5291
v 120.5133 223.9230 187.8316
v 120.0000 223.9230 180.0000
v 120.5133 223.9230 172.1684
v 122.0445 223.9230 164.4709
v 124.5672 223.9230 157.0390
v 128.0385 223.9230 150.0000
v 132.3988 223.9230 143.4743
v 137.5736 223.9230 137.5736
v 143.4743 223.9230 132.3988
v 150.0000 223.9230 128.0385
v 157.0390 223.9230 124.5672
v 164.4709 223.9230 122.0445
v 172.1684 223.9230 120.5133
v 180.0000 223.9230 120.0000
v 187.8316 223.9230 120.5133
v 195.5291 223.9230 122.0445
v 202.9610 223.9230 124.5672
v 210.0000 223.9230 128.0385
v 216.5257 223.9230 132.3988
v 222.4264 223.9230 137.5736
v 227.6012 223.9230 143.4743
v 231.9615 223.9230 150.0000
v 235.4328 223.9230 157.0390
v 237.9555 223.9230 164.4709
v 239.4867 223.9230 172.1684
v 240.0000 223.9230 180.0000
v 253.0514 215.2024 180.0000
v 252.4264 215.2024 189.5351
v 250.5622 215.2024 198.9071
v 247.4907 215.2024 207.9555
v 243.2643 215.2024 216.5257
v 237.9555 215.2024 224.4709
v 231.6551 215.2024 231.6551
v 224.4709 215.2024 237.9555
v 216.5257 215.2024 243.2643
v 207.9555 215.2024 247.4907
v 198.9071 215.2024 250.5622
v 189.5351 215.2024 252.4264
v 180.0000 215.2024 253.0514
v 170.4649 215.2024 252.4264
v 161.0929 215.2024 250.5622
v 152.0445 215.2024 247.4907
v 143.4743 215.2024 243.2643
v 135.5291 215.2024 237.9555
v 128.3449 215.2024 231.6551
v 122.0445 215.2024 224.4709
v 116.7357 215.2024 216.5257
v 112.5093 215.2024 207.9555
v 109.4378 215.2024 198.9071
v 107.5736 215.2024 189.5351
v 106.9486 215.2024 180.0000
v 107.5736 215.2024 170.4649
v 109.4378 215.2024 161.0929
v 112.5093 215.2024 152.0445
v 116.7357 215.2024 143.4743
v 122.0445 215.2024 135.5291
v 128.3449 215.2024 128.3449
v 135.5291 215.2024 122.0445
v 143.4743 215.2024 116.7357
v 152.0445 215.2024 112.5093
v 161.0929 215.2024 109.4378
v 170.4649 215.2024 107.5736
v 180.0000 215.2024 106.9486
v 189.5351 215.2024 107.5736
v 198.9071 215.2024 109.4378
v 207.9555 215.2024 112.5093
v 216.5257 215.2024 116.7357
v 224.4709 215.2024 122.0445
v 231.6551 215.2024 128.3449
v 237.9555 215.2024 135.5291
v 243.2643 215.2024 143.4743
v 247.4907 215.2024 152.0445
v 250.5622 215.2024 161.0929
v 252.4264 215.2024 170.4649
v 253.0514 215.2024 180.0000
v 264.8528 204.8528 180.0000
v 264.1269 204.8528 191.0755
v 261.9615 204.8528 201.9615
v 258.3938 204.8528 212.4718
v 253.4847 204.8528 222.4264
v 247.3183 204.8528 231.6551
v 240.0000 204.8528 240.0000
v 231.6551 204.8528 247.3183
v 222.4264 204.8528 253.4847
v 212.4718 204.8528 258.3938
v 201.9615 204.8528 261.9615
v 191.0755 204.8528 264.1269
v 180.0000 204.8528 264.8528
v 168.9245 204.8528 264.1269
v 158.0385 204.8528 261.9615
v 147.5282 204.8528 258.3938
v 137.5736 204.8528 253.4847
v 128.3449 204.8528 247.3183
v 120.0000 204.8528 240.0000
v 112.6817 204.8528 231.6551
v 106.5153 204.8528 222.4264
v 101.6062 204.8528 212.4718
v 98.0385 204.8528 201.9615
v 95.8731 204.8528 191.0755
v 95.1472 204.8528 180.0000
v 95.8731 204.8528 168.9245
v 98.0385 204.8528 158.0385
v 101.6062 204.8528 147.5282
v 106.5153 204.8528 137.5736
v 112.6817 204.8528 128.3449
v 120.0000 204.8528 120.0000
v 128.3449 204.8528 112.6817
v 137.5736 204.8528 106.5153
v 147.5282 204.8528 101.6062
v 158.0385 204.8528 98.0385
v 168.9245 204.8528 95.8731
v 180.0000 204.8528 95.1472
v 191.0755 204.8528 95.8731
v 201.9615 204.8528 98.0385
v 212.4718 204.8528 101.6062
v 222.4264 204.8528 106.5153
v 231.6551 204.8528 112.6817
v 240.0000 204.8528 120.0000
v 247.3183 204.8528 128.3449
v 253.4847 204.8528 137.5736
v 258.3938 204.8528 147.5282
v 261.9615 204.8528 158.0385
v 264.1269 204.8528 168.9245
v 264.8528 204.8528 180.0000
v 275.2024 193.0514 180.0000
v 274.3879 193.0514 192.4264
v 271.9585 193.0514 204.6402
v 267.9555 193.0514 216.4324
v 262.4477 193.0514 227.6012
v 255.5291 193.0514 237.9555
v 247.3183 193.0514 247.3183
v 237.9555 193.0514 255.5291
v 227.6012 193.0514 262.4477
v 216.4324 193.0514 267.9555
v 204.6402 193.0514 271.9585
v 192.4264 193.0514 274.3879
v 180.0000 193.0514 275.2024
v 167.5736 193.0514 274.3879
v 155.3598 193.0514 271.9585
v 143.5676 193.0514 267.9555
v 132.3988 193.0514 262.4477
v 122.0445 193.0514 255.5291
v 112.6817 193.0514 247.3183
v 104.4709 193.0514 237.9555
v 97.5523 193.0514 227.6012
v 92.0445 193.0514 216.4324
v 88.0415 193.0514 204.6402
v 85.6121 193.0514 192.4264
v 84.7976 193.0514 180.0000
v 85.6121 193.0514 167.5736
v 88.0415 193.0514 155.3598
v 92.0445 193.0514 143.5676
v 97.5523 193.0514 132.3988
v 104.4709 193.0514 122.0445
v 112.6817 193.0514 112.6817
v 122.0445 193.0514 104.4709
v 132.3988 193.0514 97.5523
v 143.5676 193.0514 92.0445
v 155.3598 193.0514 88.0415
v 167.5736 193.0514 85.6121
v 180.0000 193.0514 84.7976
v 192.4264 193.0514 85.6121
v 204.6402 193.0514 88.0415
v 216.4324 193.0514 92.0445
v 227.6012 193.0514 97.5523
v 237.9555 193.0514 104.4709
v 247.3183 193.0514 112.6817
v 255.5291 193.0514 122.0445
v 262.4477 193.0514 132.3988
v 267.9555 193.0514 143.5676
v 271.9585 193.0514 155.3598
v 274.3879 193.0514 167.5736
v 275.2024 193.0514 180.0000
v 283.9230 180.0000 180.0000
v 283.0340 180.0000 193.5647
v 280.3820 180.0000 206.8973
v 276.0124 180.0000 219.7696
v 270.0000 180.0000 231.9615
v 262.4477 180.0000 243.2643
v 253.4847 180.0000 253.4847
v 243.2643 180.0000 262.4477
v 231.9615 180.0000 270.0000
v 219.7696 180.0000 276.0124
v 206.8973 180.0000 280.3820
v 193.5647 180.0000 283.0340
v 180.0000 180.0000 283.9230
v 166.4353 180.0000 283.0340
v 153.1027 180.0000 280.3820
v 140.2304 180.0000 276.0124
v 128.0385 180.0000 270.0000
v 116.7357 180.0000 262.4477
v 106.5153 180.0000 253.4847
v 97.5523 180.0000 243.2643
v 90.0000 180.0000 231.9615
v 83.9876 180.0000 219.7696
v 79.6180 180.0000 206.8973
v 76.9660 180.0000 193.5647
v 76.0770 180.0000 180.0000
v 76.9660 180.0000 166.4353
v 79.6180 180.0000 153.1027
v 83.9876 180.0000 140.2304
v 90.0000 180.0000 128.0385
v 97.5523 180.0000 116.7357
v 106.5153 180.0000 106.5153
v 116.7357 180.0000 97.5523
v 128.0385 180.0000 90.0000
v 140.2304 180.0000 83.9876
v 153.1027 180.0000 79.6180
v 166.4353 180.0000 76.9660
v 180.0000 180.0000 76.0770
v 193.5647 180.0000 76.9660
v 206.8973 180.0000 79.6180
v 219.7696 180.0000 83.9876
v 231.9615 180.0000 90.0000
v 243.2643 180.0000 97.5523
v 253.4847 180.0000 106.5153
v 262.4477 180.0000 116.7357
v 270.0000 180.0000 128.0385
v 276.0124 180.0000 140.2304
v 280.3820 180.0000 153.1027
v 283.0340 180.0000 166.4353
v 283.9230 180.0000 180.0000
v 290.8655 165.9220 180.0000
v 289.9171 165.9220 194.4709
v 287.0879 165.9220 208.6941
v 282.4264 165.9220 222.4264
v 276.0124 165.9220 235.4328
v 267.9555 165.9220 247.4907
v 258.3938 165.9220 258.3938
v 247.4907 165.9220 267.9555
v 235.4328 165.9220 276.0124
v 222.4264 165.9220 282.4264
v 208.6941 165.9220 287.0879
v 194.4709 165.9220 289.9171
v 180.0000 165.9220 290.8655
v 165.5291 165.9220 289.9171
v 151.3059 165.9220 287.0879
v 137.5736 165.9220 282.4264
v 124.5672 165.9220 276.0124
v 112.5093 165.9220 267.9555
v 101.6062 165.9220 258.3938
v 92.0445 165.9220 247.4907
v 83.9876 165.9220 235.4328
v 77.5736 165.9220 222.4264
v 72.9121 165.9220 208.6941
v 70.0829 165.9220 194.4709
v 69.1345 165.9220 180.0000
v 70.0829 165.9220 165.5291
v 72.9121 165.9220 151.3059
v 77.5736 165.9220 137.5736
v 83.9876 165.9220 124.5672
v 92.0445 165.9220 112.5093
v 101.6062 165.9220 101.6062
v 112.5093 165.9220 92.0445
v 124.5672 165.9220 83.9876
v 137.5736 165.9220 77.5736
v 151.3059 165.9220 72.9121
v 165.5291 165.9220 70.0829
v 180.0000 165.9220 69.1345
v 194.4709 165.9220 70.0829
v 208.6941 165.9220 72.9121
v 222.4264 165.9220 77.5736
v 235.4328 165.9220 83.9876
v 247.4907 165.9220 92.0445
v 258.3938 165.9220 101.6062
v 267.9555 165.9220 112.5093
v 276.0124 165.9220 124.5672
v 282.4264 165.9220 137.5736
v 287.0879 165.9220 151.3059
v 289.9171 165.9220 165.5291
v 290.8655 165.9220 180.0000
v 295.9111 151.0583 180.0000
v 294.9195 151.0583 195.1294
v 291.9615 151.0583 210.0000
v 287.0879 151.0583 224.3573
v 280.3820 151.0583 237.9555
v 271.9585 151.0583 250.5622
v 261.9615 151.0583 261.9615
v 250.5622 151.0583 271.9585
v 237.9555 151.0583 280.3820
v 224.3573 151.0583 287.0879
v 210.0000 151.0583 291.9615
v 195.1294 151.0583 294.9195
v 180.0000 151.0583 295.9111
v 164.8706 151.0583 294.9195
v 150.0000 151.0583 291.9615
v 135.6427 151.0583 287.0879
v 122.0445 151.0583 280.3820
v 109.4378 151.0583 271.9585
v 98.0385 151.0583 261.9615
v 88.0415 151.0583 250.5622
v 79.6180 151.0583 237.9555
v 72.9121 151.0583 224.3573
v 68.0385 151.0583 210.0000
v 65.0805 151.0583 195.1294
v 64.0889 151.0583 180.0000
v 65.0805 151.0583 164.8706
v 68.0385 151.0583 150.0000
v 72.9121 151.0583 135.6427
v 79.6180 151.0583 122.0445
v 88.0415 151.0583 109.4378
v 98.0385 151.0583 98.0385
v 109.4378 151.0583 88.0415
v 122.0445 151.0583 79.6180
v 135.6427 151.0583 72.9121
v 150.0000 151.0583 68.0385
v 164.8706 151.0583 65.0805
v 180.0000 151.0583 64.0889
v 195.1294 151.0583 65.0805
v 210.0000 151.0583 68.0385
v 224.3573 151.0583 72.9121
v 237.9555 151.0583 79.6180
v 250.5622 151.0583 88.0415
v 261.9615 151.0583 98.0385
v 271.9585 151.0583 109.4378
v 280.3820 151.0583 122.0445
v 287.0879 151.0583 135.6427
v 291.9615 151.0583 150.0000
v 294.9195 151.0583 164.8706
v 295.9111 151.0583 180.0000
v 298.9734 135.6631 180.0000
v 297.9555 135.6631 195.5291
v 294.9195 135.6631 210.7926
v 289.9171 135.6631 225.5291
v 283.0340 135.6631 239.4867
v 274.3879 135.6631 252.4264
v 264.1269 135.6631 264.1269
v 252.4264 135.6631 274.3879
v 239.4867 135.6631 283.0340
v 225.5291 135.6631 289.9171
v 210.7926 135.6631 294.9195
v 195.5291 135.6631 297.9555
v 180.0000 135.6631 298.9734
v 164.4709 135.6631 297.9555
v 149.2074 135.6631 294.9195
v 134.4709 135.6631 289.9171
v 120.5133 135.6631 283.0340
v 107.5736 135.6631 274.3879
v 95.8731 135.6631 264.1269
v 85.6121 135.6631 252.4264
v 76.9660 135.6631 239.4867
v 70.0829 135.6631 225.5291
v 65.0805 135.6631 210.7926
v 62.0445 135.6631 195.5291
v 61.0266 135.6631 180.0000
v 62.0445 135.6631 164.4709
v 65.0805 135.6631 149.2074
v 70.0829 135.6631 134.4709
v 76.9660 135.6631 120.5133
v 85.6121 135.6631 107.5736
v 95.8731 135.6631 95.8731
v 107.5736 135.6631 85.6121
v 120.5133 135.6631 76.9660
v 134.4709 135.6631 70.0829
v 149.2074 135.6631 65.0805
v 164.4709 135.6631 62.0445
v 180.0000 135.6631 61.0266
v 195.5291 135.6631 62.0445
v 210.7926 135.6631 65.0805
v 225.5291 135.6631 70.0829
v 239.4867 135.6631 76.9660
v 252.4264 135.6631 85.6121
v 264.1269 135.6631 95.8731
v 274.3879 135.6631 107.5736
v 283.0340 135.6631 120.5133
v 289.9171 135.6631 134.4709
v 294.9195 135.6631 149.2074
v 297.9555 135.6631 164.4709
v 298.9734 135.6631 180.0000
v 300.0000 120.0000 180.0000
v 298.9734 120.0000 195.6631
v 295.9111 120.0000 211.0583
v 290.8655 120.0000 225.9220
v 283.9230 120.0000 240.0000
v 275.2024 120.0000 253.0514
v 264.8528 120.0000 264.8528
v 253.0514 120.0000 275.2024
v 240.0000 120.0000 283.9230
v 225.9220 120.0000 290.8655
v 211.0583 120.0000 295.9111
v 195.6631 120.0000 298.9734
v 180.0000 120.0000 300.0000
v 164.3369 120.0000 298.9734
v 148.9417 120.0000 295.9111
v 134.0780 120.0000 290.8655
v 120.0000 120.0000 283.9230
v 106.9486 120.0000 275.2024
v 95.1472 120.0000 264.8528
v 84.7976 120.0000 253.0514
v 76.0770 120.0000 240.0000
v 69.1345 120.0000 225.9220
v 64.0889 120.0000 211.0583
v 61.0266 120.0000 195.6631
v 60.0000 120.0000 180.0000
v 61.0266 120.0000 164.3369
v 64.0889 120.0000 148.9417
v 69.1345 120.0000 134.0780
v 76.0770 120.0000 120.0000
v 84.7976 120.0000 106.9486
v 95.1472 120.0000 95.1472
v 106.9486 120.0000 84.7976
v 120.0000 120.0000 76.0770
v 134.0780 120.0000 69.1345
v 148.9417 120.0000 64.0889
v 164.3369 120.0000 61.0266
v 180.0000 120.0000 60.0000
v 195.6631 120.0000 61.0266
v 211.0583 120.0000 64.0889
v 225.9220 120.0000 69.1345
v 240.0000 120.0000 76.0770
v 253.0514 120.0000 84.7976
v 264.8528 120.0000 95.1472
v 275.2024 120.0000 106.9486
v 283.9230 120.0000 120.0000
v 290.8655 120.0000 134.0780
v 295.9111 120.0000 148.9417
v 298.9734 120.0000 164.3369
v 300.0000 120.0000 180.0000
v 298.9734 104.3369 180.0000
v 297.9555 104.3369 195.5291
v 294.9195 104.3369 210.7926
v 289.9171 104.3369 225.5291
v 283.0340 104.3369 239.4867
v 274.3879 104.3369 252.4264
v 264.1269 104.3369 264.1269
v 252.4264 104.3369 274.3879
v 239.4867 104.3369 283.0340
v 225.5291 104.3369 289.9171
v 210.7926 104.3369 294.9195
v 195.5291 104.3369 297.9555
v 180.0000 104.3369 298.9734
v 164.4709 104.3369 297.9555
v 149.2074 104.3369 294.9195
v 134.4709 104.3369 289.9171
v 120.5133 104.3369 283.0340
v 107.5736 104.3369 274.3879
v 95.8731 104.3369 264.1269
v 85.6121 104.3369 252.4264
v 76.9660 104.3369 239.4867
v 70.0829 104.3369 225.5291
v 65.0805 104.3369 210.7926
v 62.0445 104.3369 195.5291
v 61.0266 104.3369 180.0000
v 62.0445 104.3369 164.4709
v 65.0805 104.3369 149.2074
v 70.0829 104.3369 134.4709
v 76.9660 104.3369 120.5133
v 85.6121 104.3369 107.5736
v 95.8731 104.3369 95.8731
v 107.5736 104.3369 85.6121
v 120.5133 104.3369 76.9660
v 134.4709 104.3369 70.0829
v 149.2074 104.3369 65.0805
v 164.4709 104.3369 62.0445
v 180.0000 104.3369 61.0266
v 195.5291 104.3369 62.0445
v 210.7926 104.3369 65.0805
v 225.5291 104.3369 70.0829
v 239.4867 104.3369 76.9660
v 252.4264 104.3369 85.6121
v 264.1269 104.3369 95.8731
v 274.3879 104.3369 107.5736
v 283.0340 104.3369 120.5133
v 289.9171 104.3369 134.4709
v 294.9195 104.3369 149.2074
v 297.9555 104.3369 164.4709
v 298.9734 104.3369 180.0000
v 295.9111 88.9417 180.0000
v 294.9195 88.9417 195.1294
v 291.9615 88.9417 210.0000
v 287.0879 88.9417 224.3573
v 280.3820 88.9417 237.9555
v 271.9585 88.9417 250.5622
v 261.9615 88.9417 261.9615
v 250.5622 88.9417 271.9585
v 237.9555 88.9417 280.3820
v 224.3573 88.9417 287.0879
v 210.0000 88.9417 291.9615
v 195.1294 88.9417 294.9195
v 180.0000 88.9417 295.9111
v 164.8706 88.9417 294.9195
v 150.0000 88.9417 291.9615
v 135.6427 88.9417 287.0879
v 122.0445 88.9417 280.3820
v 109.4378 88.9417 271.9585
v 98.0385 88.9417 261.9615
v 88.0415 88.9417 250.5622
v 79.6180 88.9417 237.9555
v 72.9121 88.9417 224.3573
v 68.0385 88.9417 210.0000
v 65.0805 88.9417 195.1294
v 64.0889 88.9417 180.0000
v 65.0805 88.9417 164.8706
v 68.0385 88.9417 150.0000
v 72.9121 88.9417 135.6427
v 79.6180 88.9417 122.0445
v 88.0415 88.9417 109.4378
v 98.0385 88.9417 98.0385
v 109.4378 88.9417 88.0415
v 122.0445 88.9417 79.6180
v 135.6427 88.9417 72.9121
v 150.0000 88.9417 68.0385
v 164.8706 88.9417 65.0805
v 180.0000 88.9417 64.0889
v 195.1294 88.9417 65.0805
v 210.0000 88.9417 68.0385
v 224.3573 88.9417 72.9121
v 237.9555 88.9417 79.6180
v 250.5622 88.9417 88.0415
v 261.9615 88.9417 98.0385
v 271.9585 88.9417 109.4378
v 280.3820 88.9417 122.0445
v 287.0879 88.9417 135.6427
v 291.9615 88.9417 150.0000
v 294.9195 88.9417 164.8706
v 295.9111 88.9417 180.0000
v 290.8655 74.0780 180.0000
v 289.9171 74.0780 194.4709
v 287.0879 74.0780 208.6941
v 282.4264 74.0780 222.4264
v 276.0124 74.0780 235.4328
v 267.9555 74.0780 247.4907
v 258.3938 74.0780 258.3938
v 247.4907 74.0780 267.9555
v 235.4328 74.0780 276.0124
v 222.4264 74.0780 282.4264
v 208.6941 74.0780 287.0879
v 194.4709 74.0780 289.9171
v 180.0000 74.0780 290.8655
v 165.5291 74.0780 289.9171
v 151.3059 74.0780 287.0879
v 137.5736 74.0780 282.4264
v 124.5672 74.0780 276.0124
v 112.5093 74.0780 267.9555
v 101.6062 74.0780 258.3938
v 92.0445 74.0780 247.4907
v 83.9876 74.0780 235.4328
v 77.5736 74.0780 222.4264
v 72.9121 74.0780 208.6941
v 70.0829 74.0780 194.4709
v 69.1345 74.0780 180.0000
v 70.0829 74.0780 165.5291
v 72.9121 74.0780 151.3059
v 77.5736 74.0780 137.5736
v 83.9876 74.0780 124.5672
v 92.0445 74.0780 112.5093
v 101.6062 74.0780 101.6062
v 112.5093 74.0780 92.0445
v 124.5672 74.0780 83.9876
v 137.5736 74.0780 77.5736
v 151.3059 74.0780 72.9121
v 165.5291 74.0780 70.0829
v 180.0000 74.0780 69.1345
v 194.4709 74.0780 70.0829
v 208.6941 74.0780 72.9121
v 222.4264 74.0780 77.5736
v 235.4328 74.0780 83.9876
v 247.4907 74.0780 92.0445
v 258.3938 74.0780 101.6062
v 267.9555 74.0780 112.5093
v 276.0124 74.0780 124.5672
v 282.4264 74.0780 137.5736
v 287.0879 74.0780 151.3059
v 289.9171 74.0780 165.5291
v 290.8655 74.0780 180.0000
v 283.9230 60.0000 180.0000
v 283.0340 60.0000 193.5647
v 280.3820 60.0000 206.8973
v 276.0124 60.0000 219.7696
v 270.0000 60.0000 231.9615
v 262.4477 60.0000 243.2643
v 253.4847 60.0000 253.4847
v 243.2643 60.0000 262.4477
v 231.9615 60.0000 270.0000
v 219.7696 60.0000 276.0124
v 206.8973 60.0000 280.3820
v 193.5647 60.0000 283.0340
v 180.0000 60.0000 283.9230
v 166.4353 60.0000 283.0340
v 153.1027 60.0000 280.3820
v 140.2304 60.0000 276.0124
v 128.0385 60.0000 270.0000
v 116.7357 60.0000 262.4477
v 106.5153 60.0000 253.4847
v 97.5523 60.0000 243.2643
v 90.0000 60.0000 231.9615
v 83.9876 60.0000 219.7696
v 79.6180 60.0000 206.8973
v 76.9660 60.0000 193.5647
v 76.0770 60.0000 180.0000
v 76.9660 60.0000 166.4353
v 79.6180 60.0000 153.1027
v 83.9876 60.0000 140.2304
v 90.0000 60.0000 128.0385
v 97.5523 60.0000 116.7357
v 106.5153 60.0000 106.5153
v 116.7357 60.0000 97.5523
v 128.0385 60.0000 90.0000
v 140.2304 60.0000 83.9876
v 153.1027 60.0000 79.6180
v 166.4353 60.0000 76.9660
v 180.0000 60.0000 76.0770
v 193.5647 60.0000 76.9660
v 206.8973 60.0000 79.6180
v 219.7696 60.0000 83.9876
v 231.9615 60.0000 90.0000
v 243.2643 60.0000 97.5523
v 253.4847 60.0000 106.5153
v 262.4477 60.0000 116.7357
v 270.0000 60.0000 128.0385
v 276.0124 60.0000 140.2304
v 280.3820 60.0000 153.1027
v 283.0340 60.0000 166.4353
v 283.9230 60.0000 180.0000
v 275.2024 46.9486 180.0000
v 274.3879 46.9486 192.4264
v 271.9585 46.9486 204.6402
v 267.9555 46.9486 216.4324
v 262.4477 46.9486 227.6012
v 255.5291 46.9486 237.9555
v 247.3183 46.9486 247.3183
v 237.9555 46.9486 255.5291
v 227.6012 46.9486 262.4477
v 216.4324 46.9486 267.9555
v 204.6402 46.9486 271.9585
v 192.4264 46.9486 274.3879
v 180.0000 46.9486 275.2024
v 167.5736 46.9486 274.3879
v 155.3598 46.9486 271.9585
v 143.5676 46.9486 267.9555
v 132.3988 46.9486 262.4477
v 122.0445 46.9486 255.5291
v 112.6817 46.9486 247.3183
v 104.4709 46.9486 237.9555
v 97.5523 46.9486 227.6012
v 92.0445 46.9486 216.4324
v 88.0415 46.9486 204.6402
v 85.6121 46.9486 192.4264
v 84.7976 46.9486 180.0000
v 85.6121 46.9486 167.5736
v 88.0415 46.9486 155.3598
v 92.0445 46.9486 143.5676
v 97.5523 46.9486 132.3988
v 104.4709 46.9486 122.0445
v 112.6817 46.9486 112.6817
v 122.0445 46.9486 104.4709
v 132.3988 46.9486 97.5523
v 143.5676 46.9486 92.0445
v 155.3598 46.9486 88.0415
v 167.5736 46.9486 85.6121
v 180.0000 46.9486 84.7976
v 192.4264 46.9486 85.6121
v 204.6402 46.9486 88.0415
v 216.4324 46.9486 92.0445
v 227.6012 46.9486 97.5523
v 237.9555 46.9486 104.4709
v 247.3183 46.9486 112.6817
v 255.5291 46.9486 122.0445
v 262.4477 46.9486 132.3988
v 267.9555 46.9486 143.5676
v 271.9585 46.9486 155.3598
v 274.3879 46.9486 167.5736
v 275.2024 46.9486 180.0000
v 264.8528 35.1472 180.0000
v 264.1269 35.1472 191.0755
v 261.9615 35.1472 201.9615
v 258.3938 35.1472 212.4718
v 253.4847 35.1472 222.4264
v 247.3183 35.1472 231.6551
v 240.0000 35.1472 240.0000
v 231.6551 35.1472 247.3183
v 222.4264 35.1472 253.4847
v 212.4718 35.1472 258.3938
v 201.9615 35.1472 261.9615
v 191.0755 35.1472 264.1269
v 180.0000 35.1472 264.8528
v 168.9245 35.1472 264.1269
v 158.0385 35.1472 261.9615
v 147.5282 35.1472 258.3938
v 137.5736 35.1472 253.4847
v 128.3449 35.1472 247.3183
v 120.0000 35.1472 240.0000
v 112.6817 35.1472 231.6551
v 106.5153 35.1472 222.4264
v 101.6062 35.1472 212.4718
v 98.0385 35.1472 201.9615
v 95.8731 35.1472 191.0755
v 95.1472 35.1472 180.0000
v 95.8731 35.1472 168.9245
v 98.0385 35.1472 158.0385
v 101.6062 35.1472 147.5282
v 106.5153 35.1472 137.5736
v 112.6817 35.1472 128.3449
v 120.0000 35.1472 120.0000
v 128.3449 35.1472 112.6817
v 137.5736 35.1472 106.5153
v 147.5282 35.1472 101.6062
v 158.0385 35.1472 98.0385
v 168.9245 35.1472 95.8731
v 180.0000 35.1472 95.1472
v 191.0755 35.1472 95.8731
v 201.9615 35.1472 98.0385
v 212.4718 35.1472 101.6062
v 222.4264 35.1472 106.5153
v 231.6551 35.1472 112.6817
v 240.0000 35.1472 120.0000
v 247.3183 35.1472 128.3449
v 253.4847 35.1472 137.5736
v 258.3938 35.1472 147.5282
v 261.9615 35.1472 158.0385
v 264.1269 35.1472 168.9245
v 264.8528 35.1472 180.0000
v 253.0514 24.7976 180.0000
v 252.4264 24.7976 189.5351
v 250.5622 24.7976 198.9071
v 247.4907 24.7976 207.9555
v 243.2643 24.7976 216.5257
v 237.9555 24.7976 224.4709
v 231.6551 24.7976 231.6551
v 224.4709 24.7976 237.9555
v 216.5257 24.7976 243.2643
v 207.9555 24.7976 247.4907
v 198.9071 24.7976 250.5622
v 189.5351 24.7976 252.4264
v 180.0000 24.7976 253.0514
v 170.4649 24.7976 252.4264
v 161.0929 24.7976 250.5622
v 152.0445 24.7976 247.4907
v 143.4743 24.7976 243.2643
v 135.5291 24.7976 237.9555
v 128.3449 24.7976 231.6551
v 122.0445 24.7976 224.4709
v 116.7357 24.7976 216.5257
v 112.5093 24.7976 207.9555
v 109.4378 24.7976 198.9071
v 107.5736 24.7976 189.5351
v 106.9486 24.7976 180.0000
v 107.5736 24.7976 170.4649
v 109.4378 24.7976 161.0929
v 112.5093 24.7976 152.0445
v 116.7357 24.7976 143.4743
v 122.0445 24.7976 135.5291
v 128.3449 24.7976 128.3449
v 135.5291 24.7976 122.0445
v 143.4743 24.7976 116.7357
v 152.0445 24.7976 112.5093
v 161.0929 24.7976 109.4378
v 170.4649 24.7976 107.5736
v 180.0000 24.7976 106.9486
v 189.5351 24.7976 107.5736
v 198.9071 24.7976 109.4378
v 207.9555 24.7976 112.5093
v 216.5257 24.7976 116.7357
v 224.4709 24.7976 122.0445
v 231.6551 24.7976 128.3449
v 237.9555 24.7976 135.5291
v 243.2643 24.7976 143.4743
v 247.4907 24.7976 152.0445
v 250.5622 24.7976 161.0929
v 252.4264 24.7976 170.4649
v 253.0514 24.7976 180.0000
v 240.0000 16.0770 180.0000
v 239.4867 16.0770 187.8316
v 237.9555 16.0770 195.5291
v 235.4328 16.0770 202.9610
v 231.9615 16.0770 210.0000
v 227.6012 16.0770 216.5257
v 222.4264 16.0770 222.4264
v 216.5257 16.0770 227.6012
v 210.0000 16.0770 231.9615
v 202.9610 16.0770 235.4328
v 195.5291 16.0770 237.9555
v 187.8316 16.0770 239.4867
v 180.0000 16.0770 240.0000
v 172.1684 16.0770 239.4867
v 164.4709 16.0770 237.9555
v 157.0390 16.0770 235.4328
v 150.0000 16.0770 231.9615
v 143.4743 16.0770 227.6012
v 137.5736 16.0770 222.4264
v 132.3988 16.0770 216.5257
v 128.0385 16.0770 210.0000
v 124.5672 16.0770 202.9610
v 122.0445 16.0770 195.5291
v 120.5133 16.0770 187.8316
v 120.0000 16.0770 180.0000
v 120.5133 16.0770 172.1684
v 122.0445 16.0770 164.4709
v 124.5672 16.0770 157.0390
v 128.0385 16.0770 150.0000
v 132.3988 16.0770 143.4743
v 137.5736 16.0770 137.5736
v 143.4743 16.0770 132.3988
v 150.0000 16.0770 128.0385
v 157.0390 16.0770 124.5672
v 164.4709 16.0770 122.0445
v 172.1684 16.0770 120.5133
v 180.0000 16.0770 120.0000
v 187.8316 16.0770 120.5133
v 195.5291 16.0770 122.0445
v 202.9610 16.0770 124.5672
v 210.0000 16.0770 128.0385
v 216.5257 16.0770 132.3988
v 222.4264 16.0770 137.5736
v 227.6012 16.0770 143.4743
v 231.9615 16.0770 150.0000
v 235.4328 16.0770 157.0390
v 237.9555 16.0770 164.4709
v 239.4867 16.0770 172.1684
v 240.0000 16.0770 180.0000
v 225.9220 9.1345 180.0000
v 225.5291 9.1345 185.9940
v 224.3573 9.1345 191.8855
v 222.4264 9.1345 197.5736
v 219.7696 9.1345 202.9610
v 216.4324 9.1345 207.9555
v 212.4718 9.1345 212.4718
v 207.9555 9.1345 216.4324
v 202.9610 9.1345 219.7696
v 197.5736 9.1345 222.4264
v 191.8855 9.1345 224.3573
v 185.9940 9.1345 225.5291
v 180.0000 9.1345 225.9220
v 174.0060 9.1345 225.5291
v 168.1145 9.1345 224.3573
v 162.4264 9.1345 222.4264
v 157.0390 9.1345 219.7696
v 152.0445 9.1345 216.4324
v 147.5282 9.1345 212.4718
v 143.5676 9.1345 207.9555
v 140.2304 9.1345 202.9610
v 137.5736 9.1345 197.5736
v 135.6427 9.1345 191.8855
v 134.4709 9.1345 185.9940
v 134.0780 9.1345 180.0000
v 134.4709 9.1345 174.0060
v 135.6427 9.1345 168.1145
v 137.5736 9.1345 162.4264
v 140.2304 9.1345 157.0390
v 143.5676 9.1345 152.0445
v 147.5282 9.1345 147.5282
v 152.0445 9.1345 143.5676
v 157.0390 9.1345 140.2304
v 162.4264 9.1345 137.5736
v 168.1145 9.1345 135.6427
v 174.0060 9.1345 134.4709
v 180.0000 9.1345 134.0780
v 185.9940 9.1345 134.4709
v 191.8855 9.1345 135.6427
v 197.5736 9.1345 137.5736
v 202.9610 9.1345 140.2304
v 207.9555 9.1345 143.5676
v 212.4718 9.1345 147.5282
v 216.4324 9.1345 152.0445
v 219.7696 9.1345 157.0390
v 222.4264 9.1345 162.4264
v 224.3573 9.1345 168.1145
v 225.5291 9.1345 174.0060
v 225.9220 9.1345 180.0000
v 211.0583 4.0889 180.0000
v 210.7926 4.0889 184.0539
v 210.0000 4.0889 188.0385
v 208.6941 4.0889 191.8855
v 206.8973 4.0889 195.5291
v 204.6402 4.0889 198.9071
v 201.9615 4.0889 201.9615
v 198.9071 4.0889 204.6402
v 195.5291 4.0889 206.8973
v 191.8855 4.0889 208.6941
v 188.0385 4.0889 210.0000
v 184.0539 4.0889 210.7926
v 180.0000 4.0889 211.0583
v 175.9461 4.0889 210.7926
v 171.9615 4.0889 210.0000
v 168.1145 4.0889 208.6941
v 164.4709 4.0889 206.8973
v 161.0929 4.0889 204.6402
v 158.0385 4.0889 201.9615
v 155.3598 4.0889 198.9071
v 153.1027 4.0889 195.5291
v 151.3059 4.0889 191.8855
v 150.0000 4.0889 188.0385
v 149.2074 4.0889 184.0539
v 148.9417 4.0889 180.0000
v 149.2074 4.0889 175.9461
v 150.0000 4.0889 171.9615
v 151.3059 4.0889 168.1145
v 153.1027 4.0889 164.4709
v 155.3598 4.0889 161.0929
v 158.0385 4.0889 158.0385
v 161.0929 4.0889 155.3598
v 164.4709 4.0889 153.1027
v 168.1145 4.0889 151.3059
v 171.9615 4.0889 150.0000
v 175.9461 4.0889 149.2074
v 180.0000 4.0889 148.9417
v 184.0539 4.0889 149.2074
v 188.0385 4.0889 150.0000
v 191.8855 4.0889 151.3059
v 195.5291 4.0889 153.1027
v 198.9071 4.0889 155.3598
v 201.9615 4.0889 158.0385
v 204.6402 4.0889 161.0929
v 206.8973 4.0889 164.4709
v 208.6941 4.0889 168.1145
v 210.0000 4.0889 171.9615
v 210.7926 4.0889 175.9461
v 211.0583 4.0889 180.0000
v 195.6631 1.0266 180.0000
v 195.5291 1.0266 182.0445
v 195.1294 1.0266 184.0539
v 194.4709 1.0266 185.9940
v 193.5647 1.0266 187.8316
v 192.4264 1.0266 189.5351
v 191.0755 1.0266 191.0755
v 189.5351 1.0266 192.4264
v 187.8316 1.0266 193.5647
v 185.9940 1.0266 194.4709
v 184.0539 1.0266 195.1294
v 182.0445 1.0266 195.5291
v 180.0000 1.0266 195.6631
v 177.9555 1.0266 195.5291
v 175.9461 1.0266 195.1294
v 174.0060 1.0266 194.4709
v 172.1684 1.0266 193.5647
v 170.4649 1.0266 192.4264
v 168.9245 1.0266 191.0755
v 167.5736 1.0266 189.5351
v 166.4353 1.0266 187.8316
v 165.5291 1.0266 185.9940
v 164.8706 1.0266 184.0539
v 164.4709 1.0266 182.0445
v 164.3369 1.0266 180.0000
v 164.4709 1.0266 177.9555
v 164.8706 1.0266 175.9461
v 165.5291 1.0266 174.0060
v 166.4353 1.0266 172.1684
v 167.5736 1.0266 170.4649
v 168.9245 1.0266 168.9245
v 170.4649 1.0266 167.5736
v 172.1684 1.0266 166.4353
v 174.0060 1.0266 165.5291
v 175.9461 1.0266 164.8706
v 177.9555 1.0266 164.4709
v 180.0000 1.0266 164.3369
v 182.0445 1.0266 164.4709
v 184.0539 1.0266 164.8706
v 185.9940 1.0266 165.5291
v 187.8316 1.0266 166.4353
v 189.5351 1.0266 167.5736
v 191.0755 1.0266 168.9245
v 192.4264 1.0266 170.4649
v 193.5647 1.0266 172.1684
v 194.4709 1.0266 174.0060
v 195.1294 1.0266 175.9461
v 195.5291 1.0266 177.9555
v 195.6631 1.0266 180.0000
v 180.0000 0.0000 180.0000
v 180.0000 0.0000 180.0000
v 180.0000 0.0000 180.0000
v 180.0000 0.0000 180.0000
v 180.0000 0.0000 180.0000
v 180.0000 0.0000 180.0000
v 180.0000 0.0000 180.0000
v 180.0000 0.0000 180.0000
v 180.0000 0.0000 180.0000
v 180.0000 0.0000 180.0000
v 180.0000 0.0000 180.0000
v 180.0000 0.0000 180.0000
v 180.0000 0.0000 180.0000
v 180.0000 0.0000 180.0000
v 180.0000 0.0000 180.0000
v 180.0000 0.0000 180.0000
v 180.0000 0.0000 180.0000
v 180.0000 0.0000 180.0000
v 180.0000 0.0000 180.0000
v 180.0000 0.0000 180.0000
v 180.0000 0.0000 180.0000
v 180.0000 0.0000 180.0000
v 180.0000 0.0000 180.0000
v 180.0000 0.0000 180.0000
v 180.0000 0.0000 180.0000
v 180.0000 0.0000 180.0000
v 180.0000 0.0000 180.0000
v 180.0000 0.0000 180.0000
v 180.0000 0.0000 180.0000
v 180.0000 0.0000 180.0000
v 180.0000 0.0000 180.0000
v 180.0000 0.0000 180.0000
v 180.0000 0.0000 180.0000
v 180.0000 0.0000 180.0000
v 180.0000 0.0000 180.0000
v 180.0000 0.0000 180.0000
v 180.0000 0.0000 180.0000
v 180.0000 0.0000 180.0000
v 180.0000 0.0000 180.0000
v 180.0000 0.0000 180.0000
v 180.0000 0.0000 180.0000
v 180.0000 0.0000 180.0000
v 180.0000 0.0000 180.0000
v 180.0000 0.0000 180.0000
v 180.0000 0.0000 180.0000
v 180.0000 0.0000 180.0000
v 180.0000 0.0000 180.0000
v 180.0000 0.0000 180.0000
v 180.0000 0.0000 180.0000
v 400.0000 190.0000 150.0000
v 400.0000 190.0000 150.0000
v 400.0000 190.0000 150.0000
v 400.0000 190.0000 150.0000
v 400.0000 190.0000 150.0000
v 400.0000 190.0000 150.0000
v 400.0000 190.0000 150.0000
v 400.0000 190.0000 150.0000
v 400.0000 190.0000 150.0000
v 400.0000 190.0000 150.0000
v 400.0000 190.0000 150.0000
v 400.0000 190.0000 150.0000
v 400.0000 190.0000 150.0000
v 400.0000 190.0000 150.0000
v 400.0000 190.0000 150.0000
v 400.0000 190.0000 150.0000
v 400.0000 190.0000 150.0000
v 400.0000 190.0000 150.0000
v 400.0000 190.0000 150.0000
v 400.0000 190.0000 150.0000
v 400.0000 190.0000 150.0000
v 400.0000 190.0000 150.0000
v 400.0000 190.0000 150.0000
v 400.0000 190.0000 150.0000
v 400.0000 190.0000 150.0000
v 400.0000 190.0000 150.0000
v 400.0000 190.0000 150.0000
v 400.0000 190.0000 150.0000
v 400.0000 190.0000 150.0000
v 400.0000 190.0000 150.0000
v 400.0000 190.0000 150.0000
v 400.0000 190.0000 150.0000
v 400.0000 190.0000 150.0000
v 400.0000 190.0000 150.0000
v 400.0000 190.0000 150.0000
v 400.0000 190.0000 150.0000
v 400.0000 190.0000 150.0000
v 400.0000 190.0000 150.0000
v 400.0000 190.0000 150.0000
v 400.0000 190.0000 150.0000
v 400.0000 190.0000 150.0000
v 400.0000 190.0000 150.0000
v 400.0000 190.0000 150.0000
v 400.0000 190.0000 150.0000
v 400.0000 190.0000 150.0000
v 400.0000 190.0000 150.0000
v 400.0000 190.0000 150.0000
v 400.0000 190.0000 150.0000
v 400.0000 190.0000 150.0000
v 412.4000 189.1873 150.0000
v 412.2939 189.1873 151.6185
v 411.9775 189.1873 153.2094
v 411.4561 189.1873 154.7453
v 410.7387 189.1873 156.2000
v 409.8376 189.1873 157.5486
v 408.7681 189.1873 158.7681
v 407.5486 189.1873 159.8376
v 406.2000 189.1873 160.7387
v 404.7453 189.1873 161.4561
v 403.2094 189.1873 161.9775
v 401.6185 189.1873 162.2939
v 400.0000 189.1873 162.4000
v 398.3815 189.1873 162.2939
v 396.7906 189.1873 161.9775
v 395.2547 189.1873 161.4561
v 393.8000 189.1873 160.7387
v 392.4514 189.1873 159.8376
v 391.2319 189.1873 158.7681
v 390.1624 189.1873 157.5486
v 389.2613 189.1873 156.2000
v 388.5439 189.1873 154.7453
v 388.0225 189.1873 153.2094
v 387.7061 189.1873 151.6185
v 387.6000 189.1873 150.0000
v 387.7061 189.1873 148.3815
v 388.0225 189.1873 146.7906
v 388.5439 189.1873 145.2547
v 389.2613 189.1873 143.8000
v 390.1624 189.1873 142.4514
v 391.2319 189.1873 141.2319
v 392.4514 189.1873 140.1624
v 393.8000 189.1873 139.2613
v 395.2547 189.1873 138.5439
v 396.7906 189.1873 138.0225
v 398.3815 189.1873 137.7061
v 400.0000 189.1873 137.6000
v 401.6185 189.1873 137.7061
v 403.2094 189.1873 138.0225
v 404.7453 189.1873 138.5439
v 406.2000 189.1873 139.2613
v 407.5486 189.1873 140.1624
v 408.7681 189.1873 141.2319
v 409.8376 189.1873 142.4514
v 410.7387 189.1873 143.8000
v 411.4561 189.1873 145.2547
v 411.9775 189.1873 146.7906
v 412.2939 189.1873 148.3815
v 412.4000 189.1873 150.0000
v 424.5878 186.7630 150.0000
v 424.3775 186.7630 153.2094
v 423.7500 186.7630 156.3638
v 422.7162 186.7630 159.4093
v 421.2937 186.7630 162.2939
v 419.5068 186.7630 164.9681
v 417.3862 186.7630 167.3862
v 414.9681 186.7630 169.5068
v 412.2939 186.7630 171.2937
v 409.4093 186.7630 172.7162
v 406.3638 186.7630 173.7500
v 403.2094 186.7630 174.3775
v 400.0000 186.7630 174.5878
v 396.7906 186.7630 174.3775
v 393.6362 186.7630 173.7500
v 390.5907 186.7630 172.7162
v 387.7061 186.7630 171.2937
v 385.0319 186.7630 169.5068
v 382.6138 186.7630 167.3862
v 380.4932 186.7630 164.9681
v 378.7063 186.7630 162.2939
v 377.2838 186.7630 159.4093
v 376.2500 186.7630 156.3638
v 375.6225 186.7630 153.2094
v 375.4122 186.7630 150.0000
v 375.6225 186.7630 146.7906
v 376.2500 186.7630 143.6362
v 377.2838 186.7630 140.5907
v 378.7063 186.7630 137.7061
v 380.4932 186.7630 135.0319
v 382.6138 186.7630 132.6138
v 385.0319 186.7630 130.4932
v 387.7061 186.7630 128.7063
v 390.5907 186.7630 127.2838
v 393.6362 186.7630 126.2500
v 396.7906 186.7630 125.6225
v 400.0000 186.7630 125.4122
v 403.2094 186.7630 125.6225
v 406.3638 186.7630 126.2500
v 409.4093 186.7630 127.2838
v 412.2939 186.7630 128.7063
v 414.9681 186.7630 130.4932
v 417.3862 186.7630 132.6138
v 419.5068 186.7630 135.0319
v 421.2937 186.7630 137.7061
v 422.7162 186.7630 140.5907
v 423.7500 186.7630 143.6362
v 424.3775 186.7630 146.7906
v 424.5878 186.7630 150.0000
v 436.3549 182.7686 150.0000
v 436.0439 182.7686 154.7453
v 435.1162 182.7686 159.4093
v 433.5876 182.7686 163.9124
v 431.4843 182.7686 168.1775
v 428.8423 182.7686 172.1315
v 425.7068 182.7686 175.7068
v 422.1315 182.7686 178.8423
v 418.1775 182.7686 181.4843
v 413.9124 182.7686 183.5876
v 409.4093 182.7686 185.1162
v 404.7453 182.7686 186.0439
v 400.0000 182.7686 186.3549
v 395.2547 182.7686 186.0439
v 390.5907 182.7686 185.1162
v 386.0876 182.7686 183.5876
v 381.8225 182.7686 181.4843
v 377.8685 182.7686 178.8423
v 374.2932 182.7686 175.7068
v 371.1577 182.7686 172.1315
v 368.5157 182.7686 168.1775
v 366.4124 182.7686 163.9124
v 364.8838 182.7686 159.4093
v 363.9561 182.7686 154.7453
v 363.6451 182.7686 150.0000
v 363.9561 182.7686 145.2547
v 364.8838 182.7686 140.5907
v 366.4124 182.7686 136.0876
v 368.5157 182.7686 131.8225
v 371.1577 182.7686 127.8685
v 374.2932 182.7686 124.2932
v 377.8685 182.7686 121.1577
v 381.8225 182.7686 118.5157
v 386.0876 182.7686 116.4124
v 390.5907 182.7686 114.8838
v 395.2547 182.7686 113.9561
v 400.0000 182.7686 113.6451
v 404.7453 182.7686 113.9561
v 409.4093 182.7686 114.8838
v 413.9124 182.7686 116.4124
v 418.1775 182.7686 118.5157
v 422.1315 182.7686 121.1577
v 425.7068 182.7686 124.2932
v 428.8423 182.7686 127.8685
v 431.4843 182.7686 131.8225
v 433.5876 182.7686 136.0876
v 435.1162 182.7686 140.5907
v 436.0439 182.7686 145.2547
v 436.3549 182.7686 150.0000
v 447.5000 177.2724 150.0000
v 447.0936 177.2724 156.2000
v 445.8815 177.2724 162.2939
v 443.8843 177.2724 168.1775
v 441.1362 177.2724 173.7500
v 437.6843 177.2724 178.9162
v 433.5876 177.2724 183.5876
v 428.9162 177.2724 187.6843
v 423.7500 177.2724 191.1362
v 418.1775 177.2724 193.8843
v 412.2939 177.2724 195.8815
v 406.2000 177.2724 197.0936
v 400.0000 177.2724 197.5000
v 393.8000 177.2724 197.0936
v 387.7061 177.2724 195.8815
v 381.8225 177.2724 193.8843
v 376.2500 177.2724 191.1362
v 371.0838 177.2724 187.6843
v 366.4124 177.2724 183.5876
v 362.3157 177.2724 178.9162
v 358.8638 177.2724 173.7500
v 356.1157 177.2724 168.1775
v 354.1185 177.2724 162.2939
v 352.9064 177.2724 156.2000
v 352.5000 177.2724 150.0000
v 352.9064 177.2724 143.8000
v 354.1185 177.2724 137.7061
v 356.1157 177.2724 131.8225
v 358.8638 177.2724 126.2500
v 362.3157 177.2724 121.0838
v 366.4124 177.2724 116.4124
v 371.0838 177.2724 112.3157
v 376.2500 177.2724 108.8638
v 381.8225 177.2724 106.1157
v 387.7061 177.2724 104.1185
v 393.8000 177.2724 102.9064
v 400.0000 177.2724 102.5000
v 406.2000 177.2724 102.9064
v 412.2939 177.2724 104.1185
v 418.1775 177.2724 106.1157
v 423.7500 177.2724 108.8638
v 428.9162 177.2724 112.3157
v 433.5876 177.2724 116.4124
v 437.6843 177.2724 121.0838
v 441.1362 177.2724 126.2500
v 443.8843 177.2724 131.8225
v 445.8815 177.2724 137.7061
v 447.0936 177.2724 143.8000
v 447.5000 177.2724 150.0000
v 457.8323 170.3686 150.0000
v 457.3376 170.3686 157.5486
v 455.8617 170.3686 164.9681
v 453.4301 170.3686 172.1315
v 450.0843 170.3686 178.9162
v 445.8815 170.3686 185.2061
v 440.8936 170.3686 190.8936
v 435.2061 170.3686 195.8815
v 428.9162 170.3686 200.0843
v 422.1315 170.3686 203.4301
v 414.9681 170.3686 205.8617
v 407.5486 170.3686 207.3376
v 400.0000 170.3686 207.8323
v 392.4514 170.3686 207.3376
v 385.0319 170.3686 205.8617
v 377.8685 170.3686 203.4301
v 371.0838 170.3686 200.0843
v 364.7939 170.3686 195.8815
v 359.1064 170.3686 190.8936
v 354.1185 170.3686 185.2061
v 349.9157 170.3686 178.9162
v 346.5699 170.3686 172.1315
v 344.1383 170.3686 164.9681
v 342.6624 170.3686 157.5486
v 342.1677 170.3686 150.0000
v 342.6624 170.3686 142.4514
v 344.1383 170.3686 135.0319
v 346.5699 170.3686 127.8685
v 349.9157 170.3686 121.0838
v 354.1185 170.3686 114.7939
v 359.1064 170.3686 109.1064
v 364.7939 170.3686 104.1185
v 371.0838 170.3686 99.9157
v 377.8685 170.3686 96.5699
v 385.0319 170.3686 94.1383
v 392.4514 170.3686 92.6624
v 400.0000 170.3686 92.1677
v 407.5486 170.3686 92.6624
v 414.9681 170.3686 94.1383
v 422.1315 170.3686 96.5699
v 428.9162 170.3686 99.9157
v 435.2061 170.3686 104.1185
v 440.8936 170.3686 109.1064
v 445.8815 170.3686 114.7939
v 450.0843 170.3686 121.0838
v 453.4301 170.3686 127.8685
v 455.8617 170.3686 135.0319
v 457.3376 170.3686 142.4514
v 457.8323 170.3686 150.0000
v 467.1751 162.1751 150.0000
v 466.6005 162.1751 158.7681
v 464.8862 162.1751 167.3862
v 462.0617 162.1751 175.7068
v 458.1754 162.1751 183.5876
v 453.2936 162.1751 190.8936
v 447.5000 162.1751 197.5000
v 440.8936 162.1751 203.2936
v 433.5876 162.1751 208.1754
v 425.7068 162.1751 212.0617
v 417.3862 162.1751 214.8862
v 408.7681 162.1751 216.6005
v 400.0000 162.1751 217.1751
v 391.2319 162.1751 216.6005
v 382.6138 162.1751 214.8862
v 374.2932 162.1751 212.0617
v 366.4124 162.1751 208.1754
v 359.1064 162.1751 203.2936
v 352.5000 162.1751 197.5000
v 346.7064 162.1751 190.8936
v 341.8246 162.1751 183.5876
v 337.9383 162.1751 175.7068
v 335.1138 162.1751 167.3862
v 333.3995 162.1751 158.7681
v 332.8249 162.1751 150.0000
v 333.3995 162.1751 141.2319
v 335.1138 162.1751 132.6138
v 337.9383 162.1751 124.2932
v 341.8246 162.1751 116.4124
v 346.7064 162.1751 109.1064
v 352.5000 162.1751 102.5000
v 359.1064 162.1751 96.7064
v 366.4124 162.1751 91.8246
v 374.2932 162.1751 87.9383
v 382.6138 162.1751 85.1138
v 391.2319 162.1751 83.3995
v 400.0000 162.1751 82.8249
v 408.7681 162.1751 83.3995
v 417.3862 162.1751 85.1138
v 425.7068 162.1751 87.9383
v 433.5876 162.1751 91.8246
v 440.8936 162.1751 96.7064
v 447.5000 162.1751 102.5000
v 453.2936 162.1751 109.1064
v 458.1754 162.1751 116.4124
v 462.0617 162.1751 124.2932
v 464.8862 162.1751 132.6138
v 466.6005 162.1751 141.2319
v 467.1751 162.1751 150.0000
v 475.3686 152.8323 150.0000
v 474.7238 152.8323 159.8376
v 472.8004 152.8323 169.5068
v 469.6315 152.8323 178.8423
v 465.2711 152.8323 187.6843
v 459.7939 152.8323 195.8815
v 453.2936 152.8323 203.2936
v 445.8815 152.8323 209.7939
v 437.6843 152.8323 215.2711
v 428.8423 152.8323 219.6315
v 419.5068 152.8323 222.8004
v 409.8376 152.8323 224.7238
v 400.0000 152.8323 225.3686
v 390.1624 152.8323 224.7238
v 380.4932 152.8323 222.8004
v 371.1577 152.8323 219.6315
v 362.3157 152.8323 215.2711
v 354.1185 152.8323 209.7939
v 346.7064 152.8323 203.2936
v 340.2061 152.8323 195.8815
v 334.7289 152.8323 187.6843
v 330.3685 152.8323 178.8423
v 327.1996 152.8323 169.5068
v 325.2762 152.8323 159.8376
v 324.6314 152.8323 150.0000
v 325.2762 152.8323 140.1624
v 327.1996 152.8323 130.4932
v 330.3685 152.8323 121.1577
v 334.7289 152.8323 112.3157
v 340.2061 152.8323 104.1185
v 346.7064 152.8323 96.7064
v 354.1185 152.8323 90.2061
v 362.3157 152.8323 84.7289
v 371.1577 152.8323 80.3685
v 380.4932 152.8323 77.1996
v 390.1624 152.8323 75.2762
v 400.0000 152.8323 74.6314
v 409.8376 152.8323 75.2762
v 419.5068 152.8323 77.1996
v 428.8423 152.8323 80.3685
v 437.6843 152.8323 84.7289
v 445.8815 152.8323 90.2061
v 453.2936 152.8323 96.7064
v 459.7939 152.8323 104.1185
v 465.2711 152.8323 112.3157
v 469.6315 152.8323 121.1577
v 472.8004 152.8323 130.4932
v 474.7238 152.8323 140.1624
v 475.3686 152.8323 150.0000
v 482.2724 142.5000 150.0000
v 481.5686 142.5000 160.7387
v 479.4690 142.5000 171.2937
v 476.0098 142.5000 181.4843
v 471.2500 142.5000 191.1362
v 465.2711 142.5000 200.0843
v 458.1754 142.5000 208.1754
v 450.0843 142.5000 215.2711
v 441.1362 142.5000 221.2500
v 431.4843 142.5000 226.0098
v 421.2937 142.5000 229.4690
v 410.7387 142.5000 231.5686
v 400.0000 142.5000 232.2724
v 389.2613 142.5000 231.5686
v 378.7063 142.5000 229.4690
v 368.5157 142.5000 226.0098
v 358.8638 142.5000 221.2500
v 349.9157 142.5000 215.2711
v 341.8246 142.5000 208.1754
v 334.7289 142.5000 200.0843
v 328.7500 142.5000 191.1362
v 323.9902 142.5000 181.4843
v 320.5310 142.5000 171.2937
v 318.4314 142.5000 160.7387
v 317.7276 142.5000 150.0000
v 318.4314 142.5000 139.2613
v 320.5310 142.5000 128.7063
v 323.9902 142.5000 118.5157
v 328.7500 142.5000 108.8638
v 334.7289 142.5000 99.9157
v 341.8246 142.5000 91.8246
v 349.9157 142.5000 84.7289
v 358.8638 142.5000 78.7500
v 368.5157 142.5000 73.9902
v 378.7063 142.5000 70.5310
v 389.2613 142.5000 68.4314
v 400.0000 142.5000 67.7276
v 410.7387 142.5000 68.4314
v 421.2937 142.5000 70.5310
v 431.4843 142.5000 73.9902
v 441.1362 142.5000 78.7500
v 450.0843 142.5000 84.7289
v 458.1754 142.5000 91.8246
v 465.2711 142.5000 99.9157
v 471.2500 142.5000 108.8638
v 476.0098 142.5000 118.5157
v 479.4690 142.5000 128.7063
v 481.5686 142.5000 139.2613
v 482.2724 142.5000 150.0000
v 487.7686 131.3549 150.0000
v 487.0177 131.3549 161.4561
v 484.7779 131.3549 172.7162
v 481.0876 131.3549 183.5876
v 476.0098 131.3549 193.8843
v 469.6315 131.3549 203.4301
v 462.0617 131.3549 212.0617
v 453.4301 131.3549 219.6315
v 443.8843 131.3549 226.0098
v 433.5876 131.3549 231.0876
v 422.7162 131.3549 234.7779
v 411.4561 131.3549 237.0177
v 400.0000 131.3549 237.7686
v 388.5439 131.3549 237.0177
v 377.2838 131.3549 234.7779
v 366.4124 131.3549 231.0876
v 356.1157 131.3549 226.0098
v 346.5699 131.3549 219.6315
v 337.9383 131.3549 212.0617
v 330.3685 131.3549 203.4301
v 323.9902 131.3549 193.8843
v 318.9124 131.3549 183.5876
v 315.2221 131.3549 172.7162
v 312.9823 131.3549 161.4561
v 312.2314 131.3549 150.0000
v 312.9823 131.3549 138.5439
v 315.2221 131.3549 127.2838
v 318.9124 131.3549 116.4124
v 323.9902 131.3549 106.1157
v 330.3685 131.3549 96.5699
v 337.9383 131.3549 87.9383
v 346.5699 131.3549 80.3685
v 356.1157 131.3549 73.9902
v 366.4124 131.3549 68.9124
v 377.2838 131.3549 65.2221
v 388.5439 131.3549 62.9823
v 400.0000 131.3549 62.2314
v 411.4561 131.3549 62.9823
v 422.7162 131.3549 65.2221
v 433.5876 131.3549 68.9124
v 443.8843 131.3549 73.9902
v 453.4301 131.3549 80.3685
v 462.0617 131.3549 87.9383
v 469.6315 131.3549 96.5699
v 476.0098 131.3549 106.1157
v 481.0876 131.3549 116.4124
v 484.7779 131.3549 127.2838
v 487.0177 131.3549 138.5439
v 487.7686 131.3549 150.0000
v 491.7630 119.5878 150.0000
v 490.9779 119.5878 161.9775
v 488.6362 119.5878 173.7500
v 484.7779 119.5878 185.1162
v 479.4690 119.5878 195.8815
v 472.8004 119.5878 205.8617
v 464.8862 119.5878 214.8862
v 455.8617 119.5878 222.8004
v 445.8815 119.5878 229.4690
v 435.1162 119.5878 234.7779
v 423.7500 119.5878 238.6362
v 411.9775 119.5878 240.9779
v 400.0000 119.5878 241.7630
v 388.0225 119.5878 240.9779
v 376.2500 119.5878 238.6362
v 364.8838 119.5878 234.7779
v 354.1185 119.5878 229.4690
v 344.1383 119.5878 222.8004
v 335.1138 119.5878 214.8862
v 327.1996 119.5878 205.8617
v 320.5310 119.5878 195.8815
v 315.2221 119.5878 185.1162
v 311.3638 119.5878 173.7500
v 309.0221 119.5878 161.9775
v 308.2370 119.5878 150.0000
v 309.0221 119.5878 138.0225
v 311.3638 119.5878 126.2500
v 315.2221 119.5878 114.8838
v 320.5310 119.5878 104.1185
v 327.1996 119.5878 94.1383
v 335.1138 119.5878 85.1138
v 344.1383 119.5878 77.1996
v 354.1185 119.5878 70.5310
v 364.8838 119.5878 65.2221
v 376.2500 119.5878 61.3638
v 388.0225 119.5878 59.0221
v 400.0000 119.5878 58.2370
v 411.9775 119.5878 59.0221
v 423.7500 119.5878 61.3638
v 435.1162 119.5878 65.2221
v 445.8815 119.5878 70.5310
v 455.8617 119.5878 77.1996
v 464.8862 119.5878 85.1138
v 472.8004 119.5878 94.1383
v 479.4690 119.5878 104.1185
v 484.7779 119.5878 114.8838
v 488.6362 119.5878 126.2500
v 490.9779 119.5878 138.0225
v 491.7630 119.5878 150.0000
v 494.1873 107.4000 150.0000
v 493.3815 107.4000 162.2939
v 490.9779 107.4000 174.3775
v 487.0177 107.4000 186.0439
v 481.5686 107.4000 197.0936
v 474.7238 107.4000 207.3376
v 466.6005 107.4000 216.6005
v 457.3376 107.4000 224.7238
v 447.0936 107.4000 231.5686
v 436.0439 107.4000 237.0177
v 424.3775 107.4000 240.9779
v 412.2939 107.4000 243.3815
v 400.0000 107.4000 244.1873
v 387.7061 107.4000 243.3815
v 375.6225 107.4000 240.9779
v 363.9561 107.4000 237.0177
v 352.9064 107.4000 231.5686
v 342.6624 107.4000 224.7238
v 333.3995 107.4000 216.6005
v 325.2762 107.4000 207.3376
v 318.4314 107.4000 197.0936
v 312.9823 107.4000 186.0439
v 309.0221 107.4000 174.3775
v 306.6185 107.4000 162.2939
v 305.8127 107.4000 150.0000
v 306.6185 107.4000 137.7061
v 309.0221 107.4000 125.6225
v 312.9823 107.4000 113.9561
v 318.4314 107.4000 102.9064
v 325.2762 107.4000 92.6624
v 333.3995 107.4000 83.3995
v 342.6624 107.4000 75.2762
v 352.9064 107.4000 68.4314
v 363.9561 107.4000 62.9823
v 375.6225 107.4000 59.0221
v 387.7061 107.4000 56.6185
v 400.0000 107.4000 55.8127
v 412.2939 107.4000 56.6185
v 424.3775 107.4000 59.0221
v 436.0439 107.4000 62.9823
v 447.0936 107.4000 68.4314
v 457.3376 107.4000 75.2762
v 466.6005 107.4000 83.3995
v 474.7238 107.4000 92.6624
v 481.5686 107.4000 102.9064
v 487.0177 107.4000 113.9561
v 490.9779 107.4000 125.6225
v 493.3815 107.4000 137.7061
v 494.1873 107.4000 150.0000
v 495.0000 95.0000 150.0000
v 494.1873 95.0000 162.4000
v 491.7630 95.0000 174.5878
v 487.7686 95.0000 186.3549
v 482.2724 95.0000 197.5000
v 475.3686 95.0000 207.8323
v 467.1751 95.0000 217.1751
v 457.8323 95.0000 225.3686
v 447.5000 95.0000 232.2724
v 436.3549 95.0000 237.7686
v 424.5878 95.0000 241.7630
v 412.4000 95.0000 244.1873
v 400.0000 95.0000 245.0000
v 387.6000 95.0000 244.1873
v 375.4122 95.0000 241.7630
v 363.6451 95.0000 237.7686
v 352.5000 95.0000 232.2724
v 342.1677 95.0000 225.3686
v 332.8249 95.0000 217.1751
v 324.6314 95.0000 207.8323
v 317.7276 95.0000 197.5000
v 312.2314 95.0000 186.3549
v 308.2370 95.0000 174.5878
v 305.8127 95.0000 162.4000
v 305.0000 95.0000 150.0000
v 305.8127 95.0000 137.6000
v 308.2370 95.0000 125.4122
v 312.2314 95.0000 113.6451
v 317.7276 95.0000 102.5000
v 324.6314 95.0000 92.1677
v 332.8249 95.0000 82.8249
v 342.1677 95.0000 74.6314
v 352.5000 95.0000 67.7276
v 363.6451 95.0000 62.2314
v 375.4122 95.0000 58.2370
v 387.6000 95.0000 55.8127
v 400.0000 95.0000 55.0000
v 412.4000 95.0000 55.8127
v 424.5878 95.0000 58.2370
v 436.3549 95.0000 62.2314
v 447.5000 95.0000 67.7276
v 457.8323 95.0000 74.6314
v 467.1751 95.0000 82.8249
v 475.3686 95.0000 92.1677
v 482.2724 95.0000 102.5000
v 487.7686 95.0000 113.6451
v 491.7630 95.0000 125.4122
v 494.1873 95.0000 137.6000
v 495.0000 95.0000 150.0000
v 494.1873 82.6000 150.0000
v 493.3815 82.6000 162.2939
v 490.9779 82.6000 174.3775
v 487.0177 82.6000 186.0439
v 481.5686 82.6000 197.0936
v 474.7238 82.6000 207.3376
v 466.6005 82.6000 216.6005
v 457.3376 82.6000 224.7238
v 447.0936 82.6000 231.5686
v 436.0439 82.6000 237.0177
v 424.3775 82.6000 240.9779
v 412.2939 82.6000 243.3815
v 400.0000 82.6000 244.1873
v 387.7061 82.6000 243.3815
v 375.6225 82.6000 240.9779
v 363.9561 82.6000 237.0177
v 352.9064 82.6000 231.5686
v 342.6624 82.6000 224.7238
v 333.3995 82.6000 216.6005
v 325.2762 82.6000 207.3376
v 318.4314 82.6000 197.0936
v 312.9823 82.6000 186.0439
v 309.0221 82.6000 174.3775
v 306.6185 82.6000 162.2939
v 305.8127 82.6000 150.0000
v 306.6185 82.6000 137.7061
v 309.0221 82.6000 125.6225
v 312.9823 82.6000 113.9561
v 318.4314 82.6000 102.9064
v 325.2762 82.6000 92.6624
v 333.3995 82.6000 83.3995
v 342.6624 82.6000 75.2762
v 352.9064 82.6000 68.4314
v 363.9561 82.6000 62.9823
v 375.6225 82.6000 59.0221
v 387.7061 82.6000 56.6185
v 400.0000 82.6000 55.8127
v 412.2939 82.6000 56.6185
v 424.3775 82.6000 59.0221
v 436.0439 82.6000 62.9823
v 447.0936 82.6000 68.4314
v 457.3376 82.6000 75.2762
v 466.6005 82.6000 83.3995
v 474.7238 82.6000 92.6624
v 481.5686 82.6000 102.9064
v 487.0177 82.6000 113.9561
v 490.9779 82.6000 125.6225
v 493.3815 82.6000 137.7061
v 494.1873 82.6000 150.0000
v 491.7630 70.4122 150.0000
v 490.9779 70.4122 161.9775
v 488.6362 70.4122 173.7500
v 484.7779 70.4122 185.1162
v 479.4690 70.4122 195.8815
v 472.8004 70.4122 205.8617
v 464.8862 70.4122 214.8862
v 455.8617 70.4122 222.8004
v 445.8815 70.4122 229.4690
v 435.1162 70.4122 234.7779
v 423.7500 70.4122 238.6362
v 411.9775 70.4122 240.9779
v 400.0000 70.4122 241.7630
v 388.0225 70.4122 240.9779
v 376.2500 70.4122 238.6362
v 364.8838 70.4122 234.7779
v 354.1185 70.4122 229.4690
v 344.1383 70.4122 222.8004
v 335.1138 70.4122 214.8862
v 327.1996 70.4122 205.8617
v 320.5310 70.4122 195.8815
v 315.2221 70.4122 185.1162
v 311.3638 70.4122 173.7500
v 309.0221 70.4122 161.9775
v 308.2370 70.4122 150.0000
v 309.0221 70.4122 138.0225
v 311.3638 70.4122 126.2500
v 315.2221 70.4122 114.8838
v 320.5310 70.4122 104.1185
v 327.1996 70.4122 94.1383
v 335.1138 70.4122 85.1138
v 344.1383 70.4122 77.1996
v 354.1185 70.4122 70.5310
v 364.8838 70.4122 65.2221
v 376.2500 70.4122 61.3638
v 388.0225 70.4122 59.0221
v 400.0000 70.4122 58.2370
v 411.9775 70.4122 59.0221
v 423.7500 70.4122 61.3638
v 435.1162 70.4122 65.2221
v 445.8815 70.4122 70.5310
v 455.8617 70.4122 77.1996
v 464.8862 70.4122 85.1138
v 472.8004 70.4122 94.1383
v 479.4690 70.4122 104.1185
v 484.7779 70.4122 114.8838
v 488.6362 70.4122 126.2500
v 490.9779 70.4122 138.0225
v 491.7630 70.4122 150.0000
v 487.7686 58.6451 150.0000
v 487.0177 58.6451 161.4561
v 484.7779 58.6451 172.7162
v 481.0876 58.6451 183.5876
v 476.0098 58.6451 193.8843
v 469.6315 58.6451 203.4301
v 462.0617 58.6451 212.0617
v 453.4301 58.6451 219.6315
v 443.8843 58.6451 226.0098
v 433.5876 58.6451 231.0876
v 422.7162 58.6451 234.7779
v 411.4561 58.6451 237.0177
v 400.0000 58.6451 237.7686
v 388.5439 58.6451 237.0177
v 377.2838 58.6451 234.7779
v 366.4124 58.6451 231.0876
v 356.1157 58.6451 226.0098
v 346.5699 58.6451 219.6315
v 337.9383 58.6451 212.0617
v 330.3685 58.6451 203.4301
v 323.9902 58.6451 193.8843
v 318.9124 58.6451 183.5876
v 315.2221 58.6451 172.7162
v 312.9823 58.6451 161.4561
v 312.2314 58.6451 150.0000
v 312.9823 58.6451 138.5439
v 315.2221 58.6451 127.2838
v 318.9124 58.6451 116.4124
v 323.9902 58.6451 106.1157
v 330.3685 58.6451 96.5699
v 337.9383 58.6451 87.9383
v 346.5699 58.6451 80.3685
v 356.1157 58.6451 73.9902
v 366.4124 58.6451 68.9124
v 377.2838 58.6451 65.2221
v 388.5439 58.6451 62.9823
v 400.0000 58.6451 62.2314
v 411.4561 58.6451 62.9823
v 422.7162 58.6451 65.2221
v 433.5876 58.6451 68.9124
v 443.8843 58.6451 73.9902
v 453.4301 58.6451 80.3685
v 462.0617 58.6451 87.9383
v 469.6315 58.6451 96.5699
v 476.0098 58.6451 106.1157
v 481.0876 58.6451 116.4124
v 484.7779 58.6451 127.2838
v 487.0177 58.6451 138.5439
v 487.7686 58.6451 150.0000
v 482.2724 47.5000 150.0000
v 481.5686 47.5000 160.7387
v 479.4690 47.5000 171.2937
v 476.0098 47.5000 181.4843
v 471.2500 47.5000 191.1362
v 465.2711 47.5000 200.0843
v 458.1754 47.5000 208.1754
v 450.0843 47.5000 215.2711
v 441.1362 47.5000 221.2500
v 431.4843 47.5000 226.0098
v 421.2937 47.5000 229.4690
v 410.7387 47.5000 231.5686
v 400.0000 47.5000 232.2724
v 389.2613 47.5000 231.5686
v 378.7063 47.5000 229.4690
v 368.5157 47.5000 226.0098
v 358.8638 47.5000 221.2500
v 349.9157 47.5000 215.2711
v 341.8246 47.5000 208.1754
v 334.7289 47.5000 200.0843
v 328.7500 47.5000 191.1362
v 323.9902 47.5000 181.4843
v 320.5310 47.5000 171.2937
v 318.4314 47.5000 160.7387
v 317.7276 47.5000 150.0000
v 318.4314 47.5000 139.2613
v 320.5310 47.5000 128.7063
v 323.9902 47.5000 118.5157
v 328.7500 47.5000 108.8638
v 334.7289 47.5000 99.9157
v 341.8246 47.5000 91.8246
v 349.9157 47.5000 84.7289
v 358.8638 47.5000 78.7500
v 368.5157 47.5000 73.9902
v 378.7063 47.5000 70.5310
v 389.2613 47.5000 68.4314
v 400.0000 47.5000 67.7276
v 410.7387 47.5000 68.4314
v 421.2937 47.5000 70.5310
v 431.4843 47.5000 73.9902
v 441.1362 47.5000 78.7500
v 450.0843 47.5000 84.7289
v 458.1754 47.5000 91.8246
v 465.2711 47.5000 99.9157
v 471.2500 47.5000 108.8638
v 476.0098 47.5000 118.5157
v 479.4690 47.5000 128.7063
v 481.5686 47.5000 139.2613
v 482.2724 47.5000 150.0000
v 475.3686 37.1677 150.0000
v 474.7238 37.1677 159.8376
v 472.8004 37.1677 169.5068
v 469.6315 37.1677 178.8423
v 465.2711 37.1677 187.6843
v 459.7939 37.1677 195.8815
v 453.2936 37.1677 203.2936
v 445.8815 37.1677 209.7939
v 437.6843 37.1677 215.2711
v 428.8423 37.1677 219.6315
v 419.5068 37.1677 222.8004
v 409.8376 37.1677 224.7238
v 400.0000 37.1677 225.3686
v 390.1624 37.1677 224.7238
v 380.4932 37.1677 222.8004
v 371.1577 37.1677 219.6315
v 362.3157 37.1677 215.2711
v 354.1185 37.1677 209.7939
v 346.7064 37.1677 203.2936
v 340.2061 37.1677 195.8815
v 334.7289 37.1677 187.6843
v 330.3685 37.1677 178.8423
v 327.1996 37.1677 169.5068
v 325.2762 37.1677 159.8376
v 324.6314 37.1677 150.0000
v 325.2762 37.1677 140.1624
v 327.1996 37.1677 130.4932
v 330.3685 37.1677 121.1577
v 334.7289 37.1677 112.3157
v 340.2061 37.1677 104.1185
v 346.7064 37.1677 96.7064
v 354.1185 37.1677 90.2061
v 362.3157 37.1677 84.7289
v 371.1577 37.1677 80.3685
v 380.4932 37.1677 77.1996
v 390.1624 37.1677 75.2762
v 400.0000 37.1677 74.6314
v 409.8376 37.1677 75.2762
v 419.5068 37.1677 77.1996
v 428.8423 37.1677 80.3685
v 437.6843 37.1677 84.7289
v 445.8815 37.1677 90.2061
v 453.2936 37.1677 96.7064
v 459.7939 37.1677 104.1185
v 465.2711 37.1677 112.3157
v 469.6315 37.1677 121.1577
v 472.8004 37.1677 130.4932
v 474.7238 37.1677 140.1624
v 475.3686 37.1677 150.0000
v 467.1751 27.8249 150.0000
v 466.6005 27.8249 158.7681
v 464.8862 27.8249 167.3862
v 462.0617 27.8249 175.7068
v 458.1754 27.8249 183.5876
v 453.2936 27.8249 190.8936
v 447.5000 27.8249 197.5000
v 440.8936 27.8249 203.2936
v 433.5876 27.8249 208.1754
v 425.7068 27.8249 212.0617
v 417.3862 27.8249 214.8862
v 408.7681 27.8249 216.6005
v 400.0000 27.8249 217.1751
v 391.2319 27.8249 216.6005
v 382.6138 27.8249 214.8862
v 374.2932 27.8249 212.0617
v 366.4124 27.8249 208.1754
v 359.1064 27.8249 203.2936
v 352.5000 27.8249 197.5000
v 346.7064 27.8249 190.8936
v 341.8246 27.8249 183.5876
v 337.9383 27.8249 175.7068
v 335.1138 27.8249 167.3862
v 333.3995 27.8249 158.7681
v 332.8249 27.8249 150.0000
v 333.3995 27.8249 141.2319
v 335.1138 27.8249 132.6138
v 337.9383 27.8249 124.2932
v 341.8246 27.8249 116.4124
v 346.7064 27.8249 109.1064
v 352.5000 27.8249 102.5000
v 359.1064 27.8249 96.7064
v 366.4124 27.8249 91.8246
v 374.2932 27.8249 87.9383
v 382.6138 27.8249 85.1138
v 391.2319 27.8249 83.3995
v 400.0000 27.8249 82.8249
v 408.7681 27.8249 83.3995
v 417.3862 27.8249 85.1138
v 425.7068 27.8249 87.9383
v 433.5876 27.8249 91.8246
v 440.8936 27.8249 96.7064
v 447.5000 27.8249 102.5000
v 453.2936 27.8249 109.1064
v 458.1754 27.8249 116.4124
v 462.0617 27.8249 124.2932
v 464.8862 27.8249 132.6138
v 466.6005 27.8249 141.2319
v 467.1751 27.8249 150.0000
v 457.8323 19.6314 150.0000
v 457.3376 19.6314 157.5486
v 455.8617 19.6314 164.9681
v 453.4301 19.6314 172.1315
v 450.0843 19.6314 178.9162
v 445.8815 19.6314 185.2061
v 440.8936 19.6314 190.8936
v 435.2061 19.6314 195.8815
v 428.9162 19.6314 200.0843
v 422.1315 19.6314 203.4301
v 414.9681 19.6314 205.8617
v 407.5486 19.6314 207.3376
v 400.0000 19.6314 207.8323
v 392.4514 19.6314 207.3376
v 385.0319 19.6314 205.8617
v 377.8685 19.6314 203.4301
v 371.0838 19.6314 200.0843
v 364.7939 19.6314 195.8815
v 359.1064 19.6314 190.8936
v 354.1185 19.6314 185.2061
v 349.9157 19.6314 178.9162
v 346.5699 19.6314 172.1315
v 344.1383 19.6314 164.9681
v 342.6624 19.6314 157.5486
v 342.1677 19.6314 150.0000
v 342.6624 19.6314 142.4514
v 344.1383 19.6314 135.0319
v 346.5699 19.6314 127.8685
v 349.9157 19.6314 121.0838
v 354.1185 19.6314 114.7939
v 359.1064 19.6314 109.1064
v 364.7939 19.6314 104.1185
v 371.0838 19.6314 99.9157
v 377.8685 19.6314 96.5699
v 385.0319 19.6314 94.1383
v 392.4514 19.6314 92.6624
v 400.0000 19.6314 92.1677
v 407.5486 19.6314 92.6624
v 414.9681 19.6314 94.1383
v 422.1315 19.6314 96.5699
v 428.9162 19.6314 99.9157
v 435.2061 19.6314 104.1185
v 440.8936 19.6314 109.1064
v 445.8815 19.6314 114.7939
v 450.0843 19.6314 121.0838
v 453.4301 19.6314 127.8685
v 455.8617 19.6314 135.0319
v 457.3376 19.6314 142.4514
v 457.8323 19.6314 150.0000
v 447.5000 12.7276 150.0000
v 447.0936 12.7276 156.2000
v 445.8815 12.7276 162.2939
v 443.8843 12.7276 168.1775
v 441.1362 12.7276 173.7500
v 437.6843 12.7276 178.9162
v 433.5876 12.7276 183.5876
v 428.9162 12.7276 187.6843
v 423.7500 12.7276 191.1362
v 418.1775 12.7276 193.8843
v 412.2939 12.7276 195.8815
v 406.2000 12.7276 197.0936
v 400.0000 12.7276 197.5000
v 393.8000 12.7276 197.0936
v 387.7061 12.7276 195.8815
v 381.8225 12.7276 193.8843
v 376.2500 12.7276 191.1362
v 371.0838 12.7276 187.6843
v 366.4124 12.7276 183.5876
v 362.3157 12.7276 178.9162
v 358.8638 12.7276 173.7500
v 356.1157 12.7276 168.1775
v 354.1185 12.7276 162.2939
v 352.9064 12.7276 156.2000
v 352.5000 12.7276 150.0000
v 352.9064 12.7276 143.8000
v 354.1185 12.7276 137.7061
v 356.1157 12.7276 131.8225
v 358.8638 12.7276 126.2500
v 362.3157 12.7276 121.0838
v 366.4124 12.7276 116.4124
v 371.0838 12.7276 112.3157
v 376.2500 12.7276 108.8638
v 381.8225 12.7276 106.1157
v 387.7061 12.7276 104.1185
v 393.8000 12.7276 102.9064
v 400.0000 12.7276 102.5000
v 406.2000 12.7276 102.9064
v 412.2939 12.7276 104.1185
v 418.1775 12.7276 106.1157
v 423.7500 12.7276 108.8638
v 428.9162 12.7276 112.3157
v 433.5876 12.7276 116.4124
v 437.6843 12.7276 121.0838
v 441.1362 12.7276 126.2500
v 443.8843 12.7276 131.8225
v 445.8815 12.7276 137.7061
v 447.0936 12.7276 143.8000
v 447.5000 12.7276 150.0000
v 436.3549 7.2314 150.0000
v 436.0439 7.2314 154.7453
v 435.1162 7.2314 159.4093
v 433.5876 7.2314 163.9124
v 431.4843 7.2314 168.1775
v 428.8423 7.2314 172.1315
v 425.7068 7.2314 175.7068
v 422.1315 7.2314 178.8423
v 418.1775 7.2314 181.4843
v 413.9124 7.2314 183.5876
v 409.4093 7.2314 185.1162
v 404.7453 7.2314 186.0439
v 400.0000 7.2314 186.3549
v 395.2547 7.2314 186.0439
v 390.5907 7.2314 185.1162
v 386.0876 7.2314 183.5876
v 381.8225 7.2314 181.4843
v 377.8685 7.2314 178.8423
v 374.2932 7.2314 175.7068
v 371.1577 7.2314 172.1315
v 368.5157 7.2314 168.1775
v 366.4124 7.2314 163.9124
v 364.8838 7.2314 159.4093
v 363.9561 7.2314 154.7453
v 363.6451 7.2314 150.0000
v 363.9561 7.2314 145.2547
v 364.8838 7.2314 140.5907
v 366.4124 7.2314 136.0876
v 368.5157 7.2314 131.8225
v 371.1577 7.2314 127.8685
v 374.2932 7.2314 124.2932
v 377.8685 7.2314 121.1577
v 381.8225 7.2314 118.5157
v 386.0876 7.2314 116.4124
v 390.5907 7.2314 114.8838
v 395.2547 7.2314 113.9561
v 400.0000 7.2314 113.6451
v 404.7453 7.2314 113.9561
v 409.4093 7.2314 114.8838
v 413.9124 7.2314 116.4124
v 418.1775 7.2314 118.5157
v 422.1315 7.2314 121.1577
v 425.7068 7.2314 124.2932
v 428.8423 7.2314 127.8685
v 431.4843 7.2314 131.8225
v 433.5876 7.2314 136.0876
v 435.1162 7.2314 140.5907
v 436.0439 7.2314 145.2547
v 436.3549 7.2314 150.0000
v 424.5878 3.2370 150.0000
v 424.3775 3.2370 153.2094
v 423.7500 3.2370 156.3638
v 422.7162 3.2370 159.4093
v 421.2937 3.2370 162.2939
v 419.5068 3.2370 164.9681
v 417.3862 3.2370 167.3862
v 414.9681 3.2370 169.5068
v 412.2939 3.2370 171.2937
v 409.4093 3.2370 172.7162
v 406.3638 3.2370 173.7500
v 403.2094 3.2370 174.3775
v 400.0000 3.2370 174.5878
v 396.7906 3.2370 174.3775
v 393.6362 3.2370 173.7500
v 390.5907 3.2370 172.7162
v 387.7061 3.2370 171.2937
v 385.0319 3.2370 169.5068
v 382.6138 3.2370 167.3862
v 380.4932 3.2370 164.9681
v 378.7063 3.2370 162.2939
v 377.2838 3.2370 159.4093
v 376.2500 3.2370 156.3638
v 375.6225 3.2370 153.2094
v 375.4122 3.2370 150.0000
v 375.6225 3.2370 146.7906
v 376.2500 3.2370 143.6362
v 377.2838 3.2370 140.5907
v 378.7063 3.2370 137.7061
v 380.4932 3.2370 135.0319
v 382.6138 3.2370 132.6138
v 385.0319 3.2370 130.4932
v 387.7061 3.2370 128.7063
v 390.5907 3.2370 127.2838
v 393.6362 3.2370 126.2500
v 396.7906 3.2370 125.6225
v 400.0000 3.2370 125.4122
v 403.2094 3.2370 125.6225
v 406.3638 3.2370 126.2500
v 409.4093 3.2370 127.2838
v 412.2939 3.2370 128.7063
v 414.9681 3.2370 130.4932
v 417.3862 3.2370 132.6138
v 419.5068 3.2370 135.0319
v 421.2937 3.2370 137.7061
v 422.7162 3.2370 140.5907
v 423.7500 3.2370 143.6362
v 424.3775 3.2370 146.7906
v 424.5878 3.2370 150.0000
v 412.4000 0.8127 150.0000
v 412.2939 0.8127 151.6185
v 411.9775 0.8127 153.2094
v 411.4561 0.8127 154.7453
v 410.7387 0.8127 156.2000
v 409.8376 0.8127 157.5486
v 408.7681 0.8127 158.7681
v 407.5486 0.8127 159.8376
v 406.2000 0.8127 160.7387
v 404.7453 0.8127 161.4561
v 403.2094 0.8127 161.9775
v 401.6185 0.8127 162.2939
v 400.0000 0.8127 162.4000
v 398.3815 0.8127 162.2939
v 396.7906 0.8127 161.9775
v 395.2547 0.8127 161.4561
v 393.8000 0.8127 160.7387
v 392.4514 0.8127 159.8376
v 391.2319 0.8127 158.7681
v 390.1624 0.8127 157.5486
v 389.2613 0.8127 156.2000
v 388.5439 0.8127 154.7453
v 388.0225 0.8127 153.2094
v 387.7061 0.8127 151.6185
v 387.6000 0.8127 150.0000
v 387.7061 0.8127 148.3815
v 388.0225 0.8127 146.7906
v 388.5439 0.8127 145.2547
v 389.2613 0.8127 143.8000
v 390.1624 0.8127 142.4514
v 391.2319 0.8127 141.2319
v 392.4514 0.8127 140.1624
v 393.8000 0.8127 139.2613
v 395.2547 0.8127 138.5439
v 396.7906 0.8127 138.0225
v 398.3815 0.8127 137.7061
v 400.0000 0.8127 137.6000
v 401.6185 0.8127 137.7061
v 403.2094 0.8127 138.0225
v 404.7453 0.8127 138.5439
v 406.2000 0.8127 139.2613
v 407.5486 0.8127 140.1624
v 408.7681 0.8127 141.2319
v 409.8376 0.8127 142.4514
v 410.7387 0.8127 143.8000
v 411.4561 0.8127 145.2547
v 411.9775 0.8127 146.7906
v 412.2939 0.8127 148.3815
v 412.4000 0.8127 150.0000
v 400.0000 0.0000 150.0000
v 400.0000 0.0000 150.0000
v 400.0000 0.0000 150.0000
v 400.0000 0.0000 150.0000
v 400.0000 0.0000 150.0000
v 400.0000 0.0000 150.0000
v 400.0000 0.0000 150.0000
v 400.0000 0.0000 150.0000
v 400.0000 0.0000 150.0000
v 400.0000 0.0000 150.0000
v 400.0000 0.0000 150.0000
v 400.0000 0.0000 150.0000
v 400.0000 0.0000 150.0000
v 400.0000 0.0000 150.0000
v 400.0000 0.0000 150.0000
v 400.0000 0.0000 150.0000
v 400.0000 0.0000 150.0000
v 400.0000 0.0000 150.0000
v 400.0000 0.0000 150.0000
v 400.0000 0.0000 150.0000
v 400.0000 0.0000 150.0000
v 400.0000 0.0000 150.0000
v 400.0000 0.0000 150.0000
v 400.0000 0.0000 150.0000
v 400.0000 0.0000 150.0000
v 400.0000 0.0000 150.0000
v 400.0000 0.0000 150.0000
v 400.0000 0.0000 150.0000
v 400.0000 0.0000 150.0000
v 400.0000 0.0000 150.0000
v 400.0000 0.0000 150.0000
v 400.0000 0.0000 150.0000
v 400.0000 0.0000 150.0000
v 400.0000 0.0000 150.0000
v 400.0000 0.0000 150.0000
v 400.0000 0.0000 150.0000
v 400.0000 0.0000 150.0000
v 400.0000 0.0000 150.0000
v 400.0000 0.0000 150.0000
v 400.0000 0.0000 150.0000
v 400.0000 0.0000 150.0000
v 400.0000 0.0000 150.0000
v 400.0000 0.0000 150.0000
v 400.0000 0.0000 150.0000
v 400.0000 0.0000 150.0000
v 400.0000 0.0000 150.0000
v 400.0000 0.0000 150.0000
v 400.0000 0.0000 150.0000
v 400.0000 0.0000 150.0000
vn 0.000000 -1.000000 0.000000
vn 0.000000 1.000000 0.000000
vn 0.000000 0.000000 1.000000
vn -1.000000 0.000000 0.000000
vn 1.000000 0.000000 0.000000
vn 0.000000 1.000000 0.000000
vn 0.000000 -1.000000 0.000000
vn -0.000000 1.000000 0.000000
vn 0.285952 -0.000000 0.958244
vn -0.958244 0.000000 0.285952
vn -0.285952 0.000000 -0.958244
vn 0.958244 0.000000 -0.285952
vn 0.000000 1.000000 0.000000
vn 0.000000 1.000000 0.000000
vn 0.000000 1.000000 0.000000
vn 0.000000 1.000000 0.000000
vn 0.000000 1.000000 0.000000
vn 0.000000 1.000000 0.000000
vn 0.000000 1.000000 0.000000
vn 0.000000 1.000000 0.000000
vn 0.000000 1.000000 0.000000
vn 0.000000 1.000000 0.000000
vn 0.000000 1.000000 0.000000
vn 0.000000 1.000000 0.000000
vn 0.000000 1.000000 0.000000
vn -0.000000 1.000000 0.000000
vn -0.000000 1.000000 0.000000
vn -0.000000 1.000000 0.000000
vn -0.000000 1.000000 0.000000
vn -0.000000 1.000000 0.000000
vn -0.000000 1.000000 0.000000
vn -0.000000 1.000000 0.000000
vn -0.000000 1.000000 0.000000
vn -0.000000 1.000000 0.000000
vn -0.000000 1.000000 0.000000
vn -0.000000 1.000000 0.000000
vn -0.000000 1.000000 0.000000
vn -0.000000 1.000000 -0.000000
vn -0.000000 1.000000 -0.000000
vn -0.000000 1.000000 -0.000000
vn -0.000000 1.000000 -0.000000
vn -0.000000 1.000000 -0.000000
vn -0.000000 1.000000 -0.000000
vn -0.000000 1.000000 -0.000000
vn -0.000000 1.000000 -0.000000
vn -0.000000 1.000000 -0.000000
vn -0.000000 1.000000 -0.000000
vn -0.000000 1.000000 -0.000000
vn -0.000000 1.000000 -0.000000
vn 0.000000 1.000000 -0.000000
vn 0.000000 1.000000 -0.000000
vn 0.000000 1.000000 -0.000000
vn 0.000000 1.000000 -0.000000
vn 0.000000 1.000000 -0.000000
vn 0.000000 1.000000 -0.000000
vn 0.000000 1.000000 -0.000000
vn 0.000000 1.000000 -0.000000
vn 0.000000 1.000000 -0.000000
vn 0.000000 1.000000 -0.000000
vn 0.000000 1.000000 -0.000000
vn 0.000000 1.000000 -0.000000
vn 0.130526 0.991445 0.000000
vn 0.129410 0.991445 0.017037
vn 0.126079 0.991445 0.033783
vn 0.120590 0.991445 0.049950
vn 0.113039 0.991445 0.065263
vn 0.103553 0.991445 0.079459
vn 0.092296 0.991445 0.092296
vn 0.079459 0.991445 0.103553
vn 0.065263 0.991445 0.113039
vn 0.049950 0.991445 0.120590
vn 0.033783 0.991445 0.126079
vn 0.017037 0.991445 0.129410
vn 0.000000 0.991445 0.130526
vn -0.017037 0.991445 0.129410
vn -0.033783 0.991445 0.126079
vn -0.049950 0.991445 0.120590
vn -0.065263 0.991445 0.113039
vn -0.079459 0.991445 0.103553
vn -0.092296 0.991445 0.092296
vn -0.103553 0.991445 0.079459
vn -0.113039 0.991445 0.065263
vn -0.120590 0.991445 0.049950
vn -0.126079 0.991445 0.033783
vn -0.129410 0.991445 0.017037
vn -0.130526 0.991445 0.000000
vn -0.129410 0.991445 -0.017037
vn -0.126079 0.991445 -0.033783
vn -0.120590 0.991445 -0.049950
vn -0.113039 0.991445 -0.065263
vn -0.103553 0.991445 -0.079459
vn -0.092296 0.991445 -0.092296
vn -0.079459 0.991445 -0.103553
vn -0.065263 0.991445 -0.113039
vn -0.049950 0.991445 -0.120590
vn -0.033783 0.991445 -0.126079
vn -0.017037 0.991445 -0.129410
vn -0.000000 0.991445 -0.130526
vn 0.017037 0.991445 -0.129410
vn 0.033783 0.991445 -0.126079
vn 0.049950 0.991445 -0.120590
vn 0.065263 0.991445 -0.113039
vn 0.079459 0.991445 -0.103553
vn 0.092296 0.991445 -0.092296
vn 0.103553 0.991445 -0.079459
vn 0.113039 0.991445 -0.065263
vn 0.120590 0.991445 -0.049950
vn 0.126079 0.991445 -0.033783
vn 0.129410 0.991445 -0.017037
vn 0.130526 0.991445 -0.000000
vn 0.258819 0.965926 0.000000
vn 0.256605 0.965926 0.033783
vn 0.250000 0.965926 0.066987
vn 0.239118 0.965926 0.099046
vn 0.224144 0.965926 0.129410
vn 0.205335 0.965926 0.157559
vn 0.183013 0.965926 0.183013
vn 0.157559 0.965926 0.205335
vn 0.129410 0.965926 0.224144
vn 0.099046 0.965926 0.239118
vn 0.066987 0.965926 0.250000
vn 0.033783 0.965926 0.256605
vn 0.000000 0.965926 0.258819
vn -0.033783 0.965926 0.256605
vn -0.066987 0.965926 0.250000
vn -0.099046 0.965926 0.239118
vn -0.129410 0.965926 0.224144
vn -0.157559 0.965926 0.205335
vn -0.183013 0.965926 0.183013
vn -0.205335 0.965926 0.157559
vn -0.224144 0.965926 0.129410
vn -0.239118 0.965926 0.099046
vn -0.250000 0.965926 0.066987
vn -0.256605 0.965926 0.033783
vn -0.258819 0.965926 0.000000
vn -0.256605 0.965926 -0.033783
vn -0.250000 0.965926 -0.066987
vn -0.239118 0.965926 -0.099046
vn -0.224144 0.965926 -0.129410
vn -0.205335 0.965926 -0.157559
vn -0.183013 0.965926 -0.183013
vn -0.157559 0.965926 -0.205335
vn -0.129410 0.965926 -0.224144
vn -0.099046 0.965926 -0.239118
vn -0.066987 0.965926 -0.250000
vn -0.033783 0.965926 -0.256605
vn -0.000000 0.965926 -0.258819
vn 0.033783 0.965926 -0.256605
vn 0.066987 0.965926 -0.250000
vn 0.099046 0.965926 -0.239118
vn 0.129410 0.965926 -0.224144
vn 0.157559 0.965926 -0.205335
vn 0.183013 0.965926 -0.183013
vn 0.205335 0.965926 -0.157559
vn 0.224144 0.965926 -0.129410
vn 0.239118 0.965926 -0.099046
vn 0.250000 0.965926 -0.066987
vn 0.256605 0.965926 -0.033783
vn 0.258819 0.965926 -0.000000
vn 0.382683 0.923880 0.000000
vn 0.379410 0.923880 0.049950
vn 0.369644 0.923880 0.099046
vn 0.353553 0.923880 0.146447
vn 0.331414 0.923880 0.191342
vn 0.303603 0.923880 0.232963
vn 0.270598 0.923880 0.270598
vn 0.232963 0.923880 0.303603
vn 0.191342 0.923880 0.331414
vn 0.146447 0.923880 0.353553
vn 0.099046 0.923880 0.369644
vn 0.049950 0.923880 0.379410
vn 0.000000 0.923880 0.382683
vn -0.049950 0.923880 0.379410
vn -0.099046 0.923880 0.369644
vn -0.146447 0.923880 0.353553
vn -0.191342 0.923880 0.331414
vn -0.232963 0.923880 0.303603
vn -0.270598 0.923880 0.270598
vn -0.303603 0.923880 0.232963
vn -0.331414 0.923880 0.191342
vn -0.353553 0.923880 0.146447
vn -0.369644 0.923880 0.099046
vn -0.379410 0.923880 0.049950
vn -0.382683 0.923880 0.000000
vn -0.379410 0.923880 -0.049950
vn -0.369644 0.923880 -0.099046
vn -0.353553 0.923880 -0.146447
vn -0.331414 0.923880 -0.191342
vn -0.303603 0.923880 -0.232963
vn -0.270598 0.923880 -0.270598
vn -0.232963 0.923880 -0.303603
vn -0.191342 0.923880 -0.331414
vn -0.146447 0.923880 -0.353553
vn -0.099046 0.923880 -0.369644
vn -0.049950 0.923880 -0.379410
vn -0.000000 0.923880 -0.382683
vn 0.049950 0.923880 -0.379410
vn 0.099046 0.923880 -0.369644
vn 0.146447 0.923880 -0.353553
vn 0.191342 0.923880 -0.331414
vn 0.232963 0.923880 -0.303603
vn 0.270598 0.923880 -0.270598
vn 0.303603 0.923880 -0.232963
vn 0.331414 0.923880 -0.191342
vn 0.353553 0.923880 -0.146447
vn 0.369644 0.923880 -0.099046
vn 0.379410 0.923880 -0.049950
vn 0.382683 0.923880 -0.000000
vn 0.500000 0.866025 0.000000
vn 0.495722 0.866025 0.065263
vn 0.482963 0.866025 0.129410
vn 0.461940 0.866025 0.191342
vn 0.433013 0.866025 0.250000
vn 0.396677 0.866025 0.304381
vn 0.353553 0.866025 0.353553
vn 0.304381 0.866025 0.396677
vn 0.250000 0.866025 0.433013
vn 0.191342 0.866025 0.461940
vn 0.129410 0.866025 0.482963
vn 0.065263 0.866025 0.495722
vn 0.000000 0.866025 0.500000
vn -0.065263 0.866025 0.495722
vn -0.129410 0.866025 0.482963
vn -0.191342 0.866025 0.461940
vn -0.250000 0.866025 0.433013
vn -0.304381 0.866025 0.396677
vn -0.353553 0.866025 0.353553
vn -0.396677 0.866025 0.304381
vn -0.433013 0.866025 0.250000
vn -0.461940 0.866025 0.191342
vn -0.482963 0.866025 0.129410
vn -0.495722 0.866025 0.065263
vn -0.500000 0.866025 0.000000
vn -0.495722 0.866025 -0.065263
vn -0.482963 0.866025 -0.129410
vn -0.461940 0.866025 -0.191342
vn -0.433013 0.866025 -0.250000
vn -0.396677 0.866025 -0.304381
vn -0.353553 0.866025 -0.353553
vn -0.304381 0.866025 -0.396677
vn -0.250000 0.866025 -0.433013
vn -0.191342 0.866025 -0.461940
vn -0.129410 0.866025 -0.482963
vn -0.065263 0.866025 -0.495722
vn -0.000000 0.866025 -0.500000
vn 0.065263 0.866025 -0.495722
vn 0.129410 0.866025 -0.482963
vn 0.191342 0.866025 -0.461940
vn 0.250000 0.866025 -0.433013
vn 0.304381 0.866025 -0.396677
vn 0.353553 0.866025 -0.353553
vn 0.396677 0.866025 -0.304381
vn 0.433013 0.866025 -0.250000
vn 0.461940 0.866025 -0.191342
vn 0.482963 0.866025 -0.129410
vn 0.495722 0.866025 -0.065263
vn 0.500000 0.866025 -0.000000
vn 0.608761 0.793353 0.000000
vn 0.603553 0.793353 0.079459
vn 0.588018 0.793353 0.157559
vn 0.562422 0.793353 0.232963
vn 0.527203 0.793353 0.304381
vn 0.482963 0.793353 0.370590
vn 0.430459 0.793353 0.430459
vn 0.370590 0.793353 0.482963
vn 0.304381 0.793353 0.527203
vn 0.232963 0.793353 0.562422
vn 0.157559 0.793353 0.588018
vn 0.079459 0.793353 0.603553
vn 0.000000 0.793353 0.608761
vn -0.079459 0.793353 0.603553
vn -0.157559 0.793353 0.588018
vn -0.232963 0.793353 0.562422
vn -0.304381 0.793353 0.527203
vn -0.370590 0.793353 0.482963
vn -0.430459 0.793353 0.430459
vn -0.482963 0.793353 0.370590
vn -0.527203 0.793353 0.304381
vn -0.562422 0.793353 0.232963
vn -0.588018 0.793353 0.157559
vn -0.603553 0.793353 0.079459
vn -0.608761 0.793353 0.000000
vn -0.603553 0.793353 -0.079459
vn -0.588018 0.793353 -0.157559
vn -0.562422 0.793353 -0.232963
vn -0.527203 0.793353 -0.304381
vn -0.482963 0.793353 -0.370590
vn -0.430459 0.793353 -0.430459
vn -0.370590 0.793353 -0.482963
vn -0.304381 0.793353 -0.527203
vn -0.232963 0.793353 -0.562422
vn -0.157559 0.793353 -0.588018
vn -0.079459 0.793353 -0.603553
vn -0.000000 0.793353 -0.608761
vn 0.079459 0.793353 -0.603553
vn 0.157559 0.793353 -0.588018
vn 0.232963 0.793353 -0.562422
vn 0.304381 0.793353 -0.527203
vn 0.370590 0.793353 -0.482963
vn 0.430459 0.793353 -0.430459
vn 0.482963 0.793353 -0.370590
vn 0.527203 0.793353 -0.304381
vn 0.562422 0.793353 -0.232963
vn 0.588018 0.793353 -0.157559
vn 0.603553 0.793353 -0.079459
vn 0.608761 0.793353 -0.000000
vn 0.707107 0.707107 0.000000
vn 0.701057 0.707107 0.092296
vn 0.683013 0.707107 0.183013
vn 0.653281 0.707107 0.270598
vn 0.612372 0.707107 0.353553
vn 0.560986 0.707107 0.430459
vn 0.500000 0.707107 0.500000
vn 0.430459 0.707107 0.560986
vn 0.353553 0.707107 0.612372
vn 0.270598 0.707107 0.653281
vn 0.183013 0.707107 0.683013
vn 0.092296 0.707107 0.701057
vn 0.000000 0.707107 0.707107
vn -0.092296 0.707107 0.701057
vn -0.183013 0.707107 0.683013
vn -0.270598 0.707107 0.653281
vn -0.353553 0.707107 0.612372
vn -0.430459 0.707107 0.560986
vn -0.500000 0.707107 0.500000
vn -0.560986 0.707107 0.430459
vn -0.612372 0.707107 0.353553
vn -0.653281 0.707107 0.270598
vn -0.683013 0.707107 0.183013
vn -0.701057 0.707107 0.092296
vn -0.707107 0.707107 0.000000
vn -0.701057 0.707107 -0.092296
vn -0.683013 0.707107 -0.183013
vn -0.653281 0.707107 -0.270598
vn -0.612372 0.707107 -0.353553
vn -0.560986 0.707107 -0.430459
vn -0.500000 0.707107 -0.500000
vn -0.430459 0.707107 -0.560986
vn -0.353553 0.707107 -0.612372
vn -0.270598 0.707107 -0.653281
vn -0.183013 0.707107 -0.683013
vn -0.092296 0.707107 -0.701057
vn -0.000000 0.707107 -0.707107
vn 0.092296 0.707107 -0.701057
vn 0.183013 0.707107 -0.683013
vn 0.270598 0.707107 -0.653281
vn 0.353553 0.707107 -0.612372
vn 0.430459 0.707107 -0.560986
vn 0.500000 0.707107 -0.500000
vn 0.560986 0.707107 -0.430459
vn 0.612372 0.707107 -0.353553
vn 0.653281 0.707107 -0.270598
vn 0.683013 0.707107 -0.183013
vn 0.701057 0.707107 -0.092296
vn 0.707107 0.707107 -0.000000
vn 0.793353 0.608761 0.000000
vn 0.786566 0.608761 0.103553
vn 0.766320 0.608761 0.205335
vn 0.732963 0.608761 0.303603
vn 0.687064 0.608761 0.396677
vn 0.629410 0.608761 0.482963
vn 0.560986 0.608761 0.560986
vn 0.482963 0.608761 0.629410
vn 0.396677 0.608761 0.687064
vn 0.303603 0.608761 0.732963
vn 0.205335 0.608761 0.766320
vn 0.103553 0.608761 0.786566
vn 0.000000 0.608761 0.793353
vn -0.103553 0.608761 0.786566
vn -0.205335 0.608761 0.766320
vn -0.303603 0.608761 0.732963
vn -0.396677 0.608761 0.687064
vn -0.482963 0.608761 0.629410
vn -0.560986 0.608761 0.560986
vn -0.629410 0.608761 0.482963
vn -0.687064 0.608761 0.396677
vn -0.732963 0.608761 0.303603
vn -0.766320 0.608761 0.205335
vn -0.786566 0.608761 0.103553
vn -0.793353 0.608761 0.000000
vn -0.786566 0.608761 -0.103553
vn -0.766320 0.608761 -0.205335
vn -0.732963 0.608761 -0.303603
vn -0.687064 0.608761 -0.396677
vn -0.629410 0.608761 -0.482963
vn -0.560986 0.608761 -0.560986
vn -0.482963 0.608761 -0.629410
vn -0.396677 0.608761 -0.687064
vn -0.303603 0.608761 -0.732963
vn -0.205335 0.608761 -0.766320
vn -0.103553 0.608761 -0.786566
vn -0.000000 0.608761 -0.793353
vn 0.103553 0.608761 -0.786566
vn 0.205335 0.608761 -0.766320
vn 0.303603 0.608761 -0.732963
vn 0.396677 0.608761 -0.687064
vn 0.482963 0.608761 -0.629410
vn 0.560986 0.608761 -0.560986
vn 0.629410 0.608761 -0.482963
vn 0.687064 0.608761 -0.396677
vn 0.732963 0.608761 -0.303603
vn 0.766320 0.608761 -0.205335
vn 0.786566 0.608761 -0.103553
vn 0.793353 0.608761 -0.000000
vn 0.866025 0.500000 0.000000
vn 0.858616 0.500000 0.113039
vn 0.836516 0.500000 0.224144
vn 0.800103 0.500000 0.331414
vn 0.750000 0.500000 0.433013
vn 0.687064 0.500000 0.527203
vn 0.612372 0.500000 0.612372
vn 0.527203 0.500000 0.687064
vn 0.433013 0.500000 0.750000
vn 0.331414 0.500000 0.800103
vn 0.224144 0.500000 0.836516
vn 0.113039 0.500000 0.858616
vn 0.000000 0.500000 0.866025
vn -0.113039 0.500000 0.858616
vn -0.224144 0.500000 0.836516
vn -0.331414 0.500000 0.800103
vn -0.433013 0.500000 0.750000
vn -0.527203 0.500000 0.687064
vn -0.612372 0.500000 0.612372
vn -0.687064 0.500000 0.527203
vn -0.750000 0.500000 0.433013
vn -0.800103 0.500000 0.331414
vn -0.836516 0.500000 0.224144
vn -0.858616 0.500000 0.113039
vn -0.866025 0.500000 0.000000
vn -0.858616 0.500000 -0.113039
vn -0.836516 0.500000 -0.224144
vn -0.800103 0.500000 -0.331414
vn -0.750000 0.500000 -0.433013
vn -0.687064 0.500000 -0.527203
vn -0.612372 0.500000 -0.612372
vn -0.527203 0.500000 -0.687064
vn -0.433013 0.500000 -0.750000
vn -0.331414 0.500000 -0.800103
vn -0.224144 0.500000 -0.836516
vn -0.113039 0.500000 -0.858616
vn -0.000000 0.500000 -0.866025
vn 0.113039 0.500000 -0.858616
vn 0.224144 0.500000 -0.836516
vn 0.331414 0.500000 -0.800103
vn 0.433013 0.500000 -0.750000
vn 0.527203 0.500000 -0.687064
vn 0.612372 0.500000 -0.612372
vn 0.687064 0.500000 -0.527203
vn 0.750000 0.500000 -0.433013
vn 0.800103 0.500000 -0.331414
vn 0.836516 0.500000 -0.224144
vn 0.858616 0.500000 -0.113039
vn 0.866025 0.500000 -0.000000
vn 0.923880 0.382683 0.000000
vn 0.915976 0.382683 0.120590
vn 0.892399 0.382683 0.239118
vn 0.853553 0.382683 0.353553
vn 0.800103 0.382683 0.461940
vn 0.732963 0.382683 0.562422
vn 0.653281 0.382683 0.653281
vn 0.562422 0.382683 0.732963
vn 0.461940 0.382683 0.800103
vn 0.353553 0.382683 0.853553
vn 0.239118 0.382683 0.892399
vn 0.120590 0.382683 0.915976
vn 0.000000 0.382683 0.923880
vn -0.120590 0.382683 0.915976
vn -0.239118 0.382683 0.892399
vn -0.353553 0.382683 0.853553
vn -0.461940 0.382683 0.800103
vn -0.562422 0.382683 0.732963
vn -0.653281 0.382683 0.653281
vn -0.732963 0.382683 0.562422
vn -0.800103 0.382683 0.461940
vn -0.853553 0.382683 0.353553
vn -0.892399 0.382683 0.239118
vn -0.915976 0.382683 0.120590
vn -0.923880 0.382683 0.000000
vn -0.915976 0.382683 -0.120590
vn -0.892399 0.382683 -0.239118
vn -0.853553 0.382683 -0.353553
vn -0.800103 0.382683 -0.461940
vn -0.732963 0.382683 -0.562422
vn -0.653281 0.382683 -0.653281
vn -0.562422 0.382683 -0.732963
vn -0.461940 0.382683 -0.800103
vn -0.353553 0.382683 -0.853553
vn -0.239118 0.382683 -0.892399
vn -0.120590 0.382683 -0.915976
vn -0.000000 0.382683 -0.923880
vn 0.120590 0.382683 -0.915976
vn 0.239118 0.382683 -0.892399
vn 0.353553 0.382683 -0.853553
vn 0.461940 0.382683 -0.800103
vn 0.562422 0.382683 -0.732963
vn 0.653281 0.382683 -0.653281
vn 0.732963 0.382683 -0.562422
vn 0.800103 0.382683 -0.461940
vn 0.853553 0.382683 -0.353553
vn 0.892399 0.382683 -0.239118
vn 0.915976 0.382683 -0.120590
vn 0.923880 0.382683 -0.000000
vn 0.965926 0.258819 0.000000
vn 0.957662 0.258819 0.126079
vn 0.933013 0.258819 0.250000
vn 0.892399 0.258819 0.369644
vn 0.836516 0.258819 0.482963
vn 0.766320 0.258819 0.588018
vn 0.683013 0.258819 0.683013
vn 0.588018 0.258819 0.766320
vn 0.482963 0.258819 0.836516
vn 0.369644 0.258819 0.892399
vn 0.250000 0.258819 0.933013
vn 0.126079 0.258819 0.957662
vn 0.000000 0.258819 0.965926
vn -0.126079 0.258819 0.957662
vn -0.250000 0.258819 0.933013
vn -0.369644 0.258819 0.892399
vn -0.482963 0.258819 0.836516
vn -0.588018 0.258819 0.766320
vn -0.683013 0.258819 0.683013
vn -0.766320 0.258819 0.588018
vn -0.836516 0.258819 0.482963
vn -0.892399 0.258819 0.369644
vn -0.933013 0.258819 0.250000
vn -0.957662 0.258819 0.126079
vn -0.965926 0.258819 0.000000
vn -0.957662 0.258819 -0.126079
vn -0.933013 0.258819 -0.250000
vn -0.892399 0.258819 -0.369644
vn -0.836516 0.258819 -0.482963
vn -0.766320 0.258819 -0.588018
vn -0.683013 0.258819 -0.683013
vn -0.588018 0.258819 -0.766320
vn -0.482963 0.258819 -0.836516
vn -0.369644 0.258819 -0.892399
vn -0.250000 0.258819 -0.933013
vn -0.126079 0.258819 -0.957662
vn -0.000000 0.258819 -0.965926
vn 0.126079 0.258819 -0.957662
vn 0.250000 0.258819 -0.933013
vn 0.369644 0.258819 -0.892399
vn 0.482963 0.258819 -0.836516
vn 0.588018 0.258819 -0.766320
vn 0.683013 0.258819 -0.683013
vn 0.766320 0.258819 -0.588018
vn 0.836516 0.258819 -0.482963
vn 0.892399 0.258819 -0.369644
vn 0.933013 0.258819 -0.250000
vn 0.957662 0.258819 -0.126079
vn 0.965926 0.258819 -0.000000
vn 0.991445 0.130526 0.000000
vn 0.982963 0.130526 0.129410
vn 0.957662 0.130526 0.256605
vn 0.915976 0.130526 0.379410
vn 0.858616 0.130526 0.495722
vn 0.786566 0.130526 0.603553
vn 0.701057 0.130526 0.701057
vn 0.603553 0.130526 0.786566
vn 0.495722 0.130526 0.858616
vn 0.379410 0.130526 0.915976
vn 0.256605 0.130526 0.957662
vn 0.129410 0.130526 0.982963
vn 0.000000 0.130526 0.991445
vn -0.129410 0.130526 0.982963
vn -0.256605 0.130526 0.957662
vn -0.379410 0.130526 0.915976
vn -0.495722 0.130526 0.858616
vn -0.603553 0.130526 0.786566
vn -0.701057 0.130526 0.701057
vn -0.786566 0.130526 0.603553
vn -0.858616 0.130526 0.495722
vn -0.915976 0.130526 0.379410
vn -0.957662 0.130526 0.256605
vn -0.982963 0.130526 0.129410
vn -0.991445 0.130526 0.000000
vn -0.982963 0.130526 -0.129410
vn -0.957662 0.130526 -0.256605
vn -0.915976 0.130526 -0.379410
vn -0.858616 0.130526 -0.495722
vn -0.786566 0.130526 -0.603553
vn -0.701057 0.130526 -0.701057
vn -0.603553 0.130526 -0.786566
vn -0.495722 0.130526 -0.858616
vn -0.379410 0.130526 -0.915976
vn -0.256605 0.130526 -0.957662
vn -0.129410 0.130526 -0.982963
vn -0.000000 0.130526 -0.991445
vn 0.129410 0.130526 -0.982963
vn 0.256605 0.130526 -0.957662
vn 0.379410 0.130526 -0.915976
vn 0.495722 0.130526 -0.858616
vn 0.603553 0.130526 -0.786566
vn 0.701057 0.130526 -0.701057
vn 0.786566 0.130526 -0.603553
vn 0.858616 0.130526 -0.495722
vn 0.915976 0.130526 -0.379410
vn 0.957662 0.130526 -0.256605
vn 0.982963 0.130526 -0.129410
vn 0.991445 0.130526 -0.000000
vn 1.000000 0.000000 0.000000
vn 0.991445 0.000000 0.130526
vn 0.965926 0.000000 0.258819
vn 0.923880 0.000000 0.382683
vn 0.866025 0.000000 0.500000
vn 0.793353 0.000000 0.608761
vn 0.707107 0.000000 0.707107
vn 0.608761 0.000000 0.793353
vn 0.500000 0.000000 0.866025
vn 0.382683 0.000000 0.923880
vn 0.258819 0.000000 0.965926
vn 0.130526 0.000000 0.991445
vn 0.000000 0.000000 1.000000
vn -0.130526 0.000000 0.991445
vn -0.258819 0.000000 0.965926
vn -0.382683 0.000000 0.923880
vn -0.500000 0.000000 0.866025
vn -0.608761 0.000000 0.793353
vn -0.707107 0.000000 0.707107
vn -0.793353 0.000000 0.608761
vn -0.866025 0.000000 0.500000
vn -0.923880 0.000000 0.382683
vn -0.965926 0.000000 0.258819
vn -0.991445 0.000000 0.130526
vn -1.000000 0.000000 0.000000
vn -0.991445 0.000000 -0.130526
vn -0.965926 0.000000 -0.258819
vn -0.923880 0.000000 -0.382683
vn -0.866025 0.000000 -0.500000
vn -0.793353 0.000000 -0.608761
vn -0.707107 0.000000 -0.707107
vn -0.608761 0.000000 -0.793353
vn -0.500000 0.000000 -0.866025
vn -0.382683 0.000000 -0.923880
vn -0.258819 0.000000 -0.965926
vn -0.130526 0.000000 -0.991445
vn -0.000000 0.000000 -1.000000
vn 0.130526 0.000000 -0.991445
vn 0.258819 0.000000 -0.965926
vn 0.382683 0.000000 -0.923880
vn 0.500000 0.000000 -0.866025
vn 0.608761 0.000000 -0.793353
vn 0.707107 0.000000 -0.707107
vn 0.793353 0.000000 -0.608761
vn 0.866025 0.000000 -0.500000
vn 0.923880 0.000000 -0.382683
vn 0.965926 0.000000 -0.258819
vn 0.991445 0.000000 -0.130526
vn 1.000000 0.000000 -0.000000
vn 0.991445 -0.130526 0.000000
vn 0.982963 -0.130526 0.129410
vn 0.957662 -0.130526 0.256605
vn 0.915976 -0.130526 0.379410
vn 0.858616 -0.130526 0.495722
vn 0.786566 -0.130526 0.603553
vn 0.701057 -0.130526 0.701057
vn 0.603553 -0.130526 0.786566
vn 0.495722 -0.130526 0.858616
vn 0.379410 -0.130526 0.915976
vn 0.256605 -0.130526 0.957662
vn 0.129410 -0.130526 0.982963
vn 0.000000 -0.130526 0.991445
vn -0.129410 -0.130526 0.982963
vn -0.256605 -0.130526 0.957662
vn -0.379410 -0.130526 0.915976
vn -0.495722 -0.130526 0.858616
vn -0.603553 -0.130526 0.786566
vn -0.701057 -0.130526 0.701057
vn -0.786566 -0.130526 0.603553
vn -0.858616 -0.130526 0.495722
vn -0.915976 -0.130526 0.379410
vn -0.957662 -0.130526 0.256605
vn -0.982963 -0.130526 0.129410
vn -0.991445 -0.130526 0.000000
vn -0.982963 -0.130526 -0.129410
vn -0.957662 -0.130526 -0.256605
vn -0.915976 -0.130526 -0.379410
vn -0.858616 -0.130526 -0.495722
vn -0.786566 -0.130526 -0.603553
vn -0.701057 -0.130526 -0.701057
vn -0.603553 -0.130526 -0.786566
vn -0.495722 -0.130526 -0.858616
vn -0.379410 -0.130526 -0.915976
vn -0.256605 -0.130526 -0.957662
vn -0.129410 -0.130526 -0.982963
vn -0.000000 -0.130526 -0.991445
vn 0.129410 -0.130526 -0.982963
vn 0.256605 -0.130526 -0.957662
vn 0.379410 -0.130526 -0.915976
vn 0.495722 -0.130526 -0.858616
vn 0.603553 -0.130526 -0.786566
vn 0.701057 -0.130526 -0.701057
vn 0.786566 -0.130526 -0.603553
vn 0.858616 -0.130526 -0.495722
vn 0.915976 -0.130526 -0.379410
vn 0.957662 -0.130526 -0.256605
vn 0.982963 -0.130526 -0.129410
vn 0.991445 -0.130526 -0.000000
vn 0.965926 -0.258819 0.000000
vn 0.957662 -0.258819 0.126079
vn 0.933013 -0.258819 0.250000
vn 0.892399 -0.258819 0.369644
vn 0.836516 -0.258819 0.482963
vn 0.766320 -0.258819 0.588018
vn 0.683013 -0.258819 0.683013
vn 0.588018 -0.258819 0.766320
vn 0.482963 -0.258819 0.836516
vn 0.369644 -0.258819 0.892399
vn 0.250000 -0.258819 0.933013
vn 0.126079 -0.258819 0.957662
vn 0.000000 -0.258819 0.965926
vn -0.126079 -0.258819 0.957662
vn -0.250000 -0.258819 0.933013
vn -0.369644 -0.258819 0.892399
vn -0.482963 -0.258819 0.836516
vn -0.588018 -0.258819 0.766320
vn -0.683013 -0.258819 0.683013
vn -0.766320 -0.258819 0.588018
vn -0.836516 -0.258819 0.482963
vn -0.892399 -0.258819 0.369644
vn -0.933013 -0.258819 0.250000
vn -0.957662 -0.258819 0.126079
vn -0.965926 -0.258819 0.000000
vn -0.957662 -0.258819 -0.126079
vn -0.933013 -0.258819 -0.250000
vn -0.892399 -0.258819 -0.369644
vn -0.836516 -0.258819 -0.482963
vn -0.766320 -0.258819 -0.588018
vn -0.683013 -0.258819 -0.683013
vn -0.588018 -0.258819 -0.766320
vn -0.482963 -0.258819 -0.836516
vn -0.369644 -0.258819 -0.892399
vn -0.250000 -0.258819 -0.933013
vn -0.126079 -0.258819 -0.957662
vn -0.000000 -0.258819 -0.965926
vn 0.126079 -0.258819 -0.957662
vn 0.250000 -0.258819 -0.933013
vn 0.369644 -0.258819 -0.892399
vn 0.482963 -0.258819 -0.836516
vn 0.588018 -0.258819 -0.766320
vn 0.683013 -0.258819 -0.683013
vn 0.766320 -0.258819 -0.588018
vn 0.836516 -0.258819 -0.482963
vn 0.892399 -0.258819 -0.369644
vn 0.933013 -0.258819 -0.250000
vn 0.957662 -0.258819 -0.126079
vn 0.965926 -0.258819 -0.000000
vn 0.923880 -0.382683 0.000000
vn 0.915976 -0.382683 0.120590
vn 0.892399 -0.382683 0.239118
vn 0.853553 -0.382683 0.353553
vn 0.800103 -0.382683 0.461940
vn 0.732963 -0.382683 0.562422
vn 0.653281 -0.382683 0.653281
vn 0.562422 -0.382683 0.732963
vn 0.461940 -0.382683 0.800103
vn 0.353553 -0.382683 0.853553
vn 0.239118 -0.382683 0.892399
vn 0.120590 -0.382683 0.915976
vn 0.000000 -0.382683 0.923880
vn -0.120590 -0.382683 0.915976
vn -0.239118 -0.382683 0.892399
vn -0.353553 -0.382683 0.853553
vn -0.461940 -0.382683 0.800103
vn -0.562422 -0.382683 0.732963
vn -0.653281 -0.382683 0.653281
vn -0.732963 -0.382683 0.562422
vn -0.800103 -0.382683 0.461940
vn -0.853553 -0.382683 0.353553
vn -0.892399 -0.382683 0.239118
vn -0.915976 -0.382683 0.120590
vn -0.923880 -0.382683 0.000000
vn -0.915976 -0.382683 -0.120590
vn -0.892399 -0.382683 -0.239118
vn -0.853553 -0.382683 -0.353553
vn -0.800103 -0.382683 -0.461940
vn -0.732963 -0.382683 -0.562422
vn -0.653281 -0.382683 -0.653281
vn -0.562422 -0.382683 -0.732963
vn -0.461940 -0.382683 -0.800103
vn -0.353553 -0.382683 -0.853553
vn -0.239118 -0.382683 -0.892399
vn -0.120590 -0.382683 -0.915976
vn -0.000000 -0.382683 -0.923880
vn 0.120590 -0.382683 -0.915976
vn 0.239118 -0.382683 -0.892399
vn 0.353553 -0.382683 -0.853553
vn 0.461940 -0.382683 -0.800103
vn 0.562422 -0.382683 -0.732963
vn 0.653281 -0.382683 -0.653281
vn 0.732963 -0.382683 -0.562422
vn 0.800103 -0.382683 -0.461940
vn 0.853553 -0.382683 -0.353553
vn 0.892399 -0.382683 -0.239118
vn 0.915976 -0.382683 -0.120590
vn 0.923880 -0.382683 -0.000000
vn 0.866025 -0.500000 0.000000
vn 0.858616 -0.500000 0.113039
vn 0.836516 -0.500000 0.224144
vn 0.800103 -0.500000 0.331414
vn 0.750000 -0.500000 0.433013
vn 0.687064 -0.500000 0.527203
vn 0.612372 -0.500000 0.612372
vn 0.527203 -0.500000 0.687064
vn 0.433013 -0.500000 0.750000
vn 0.331414 -0.500000 0.800103
vn 0.224144 -0.500000 0.836516
vn 0.113039 -0.500000 0.858616
vn 0.000000 -0.500000 0.866025
vn -0.113039 -0.500000 0.858616
vn -0.224144 -0.500000 0.836516
vn -0.331414 -0.500000 0.800103
vn -0.433013 -0.500000 0.750000
vn -0.527203 -0.500000 0.687064
vn -0.612372 -0.500000 0.612372
vn -0.687064 -0.500000 0.527203
vn -0.750000 -0.500000 0.433013
vn -0.800103 -0.500000 0.331414
vn -0.836516 -0.500000 0.224144
vn -0.858616 -0.500000 0.113039
vn -0.866025 -0.500000 0.000000
vn -0.858616 -0.500000 -0.113039
vn -0.836516 -0.500000 -0.224144
vn -0.800103 -0.500000 -0.331414
vn -0.750000 -0.500000 -0.433013
vn -0.687064 -0.500000 -0.527203
vn -0.612372 -0.500000 -0.612372
vn -0.527203 -0.500000 -0.687064
vn -0.433013 -0.500000 -0.750000
vn -0.331414 -0.500000 -0.800103
vn -0.224144 -0.500000 -0.836516
vn -0.113039 -0.500000 -0.858616
vn -0.000000 -0.500000 -0.866025
vn 0.113039 -0.500000 -0.858616
vn 0.224144 -0.500000 -0.836516
vn 0.331414 -0.500000 -0.800103
vn 0.433013 -0.500000 -0.750000
vn 0.527203 -0.500000 -0.687064
vn 0.612372 -0.500000 -0.612372
vn 0.687064 -0.500000 -0.527203
vn 0.750000 -0.500000 -0.433013
vn 0.800103 -0.500000 -0.331414
vn 0.836516 -0.500000 -0.224144
vn 0.858616 -0.500000 -0.113039
vn 0.866025 -0.500000 -0.000000
vn 0.793353 -0.608761 0.000000
vn 0.786566 -0.608761 0.103553
vn 0.766320 -0.608761 0.205335
vn 0.732963 -0.608761 0.303603
vn 0.687064 -0.608761 0.396677
vn 0.629410 -0.608761 0.482963
vn 0.560986 -0.608761 0.560986
vn 0.482963 -0.608761 0.629410
vn 0.396677 -0.608761 0.687064
vn 0.303603 -0.608761 0.732963
vn 0.205335 -0.608761 0.766320
vn 0.103553 -0.608761 0.786566
vn 0.000000 -0.608761 0.793353
vn -0.103553 -0.608761 0.786566
vn -0.205335 -0.608761 0.766320
vn -0.303603 -0.608761 0.732963
vn -0.396677 -0.608761 0.687064
vn -0.482963 -0.608761 0.629410
vn -0.560986 -0.608761 0.560986
vn -0.629410 -0.608761 0.482963
vn -0.687064 -0.608761 0.396677
vn -0.732963 -0.608761 0.303603
vn -0.766320 -0.608761 0.205335
vn -0.786566 -0.608761 0.103553
vn -0.793353 -0.608761 0.000000
vn -0.786566 -0.608761 -0.103553
vn -0.766320 -0.608761 -0.205335
vn -0.732963 -0.608761 -0.303603
vn -0.687064 -0.608761 -0.396677
vn -0.629410 -0.608761 -0.482963
vn -0.560986 -0.608761 -0.560986
vn -0.482963 -0.608761 -0.629410
vn -0.396677 -0.608761 -0.687064
vn -0.303603 -0.608761 -0.732963
vn -0.205335 -0.608761 -0.766320
vn -0.103553 -0.608761 -0.786566
vn -0.000000 -0.608761 -0.793353
vn 0.103553 -0.608761 -0.786566
vn 0.205335 -0.608761 -0.766320
vn 0.303603 -0.608761 -0.732963
vn 0.396677 -0.608761 -0.687064
vn 0.482963 -0.608761 -0.629410
vn 0.560986 -0.608761 -0.560986
vn 0.629410 -0.608761 -0.482963
vn 0.687064 -0.608761 -0.396677
vn 0.732963 -0.608761 -0.303603
vn 0.766320 -0.608761 -0.205335
vn 0.786566 -0.608761 -0.103553
vn 0.793353 -0.608761 -0.000000
vn 0.707107 -0.707107 0.000000
vn 0.701057 -0.707107 0.092296
vn 0.683013 -0.707107 0.183013
vn 0.653281 -0.707107 0.270598
vn 0.612372 -0.707107 0.353553
vn 0.560986 -0.707107 0.430459
vn 0.500000 -0.707107 0.500000
vn 0.430459 -0.707107 0.560986
vn 0.353553 -0.707107 0.612372
vn 0.270598 -0.707107 0.653281
vn 0.183013 -0.707107 0.683013
vn 0.092296 -0.707107 0.701057
vn 0.000000 -0.707107 0.707107
vn -0.092296 -0.707107 0.701057
vn -0.183013 -0.707107 0.683013
vn -0.270598 -0.707107 0.653281
vn -0.353553 -0.707107 0.612372
vn -0.430459 -0.707107 0.560986
vn -0.500000 -0.707107 0.500000
vn -0.560986 -0.707107 0.430459
vn -0.612372 -0.707107 0.353553
vn -0.653281 -0.707107 0.270598
vn -0.683013 -0.707107 0.183013
vn -0.701057 -0.707107 0.092296
vn -0.707107 -0.707107 0.000000
vn -0.701057 -0.707107 -0.092296
vn -0.683013 -0.707107 -0.183013
vn -0.653281 -0.707107 -0.270598
vn -0.612372 -0.707107 -0.353553
vn -0.560986 -0.707107 -0.430459
vn -0.500000 -0.707107 -0.500000
vn -0.430459 -0.707107 -0.560986
vn -0.353553 -0.707107 -0.612372
vn -0.270598 -0.707107 -0.653281
vn -0.183013 -0.707107 -0.683013
vn -0.092296 -0.707107 -0.701057
vn -0.000000 -0.707107 -0.707107
vn 0.092296 -0.707107 -0.701057
vn 0.183013 -0.707107 -0.683013
vn 0.270598 -0.707107 -0.653281
vn 0.353553 -0.707107 -0.612372
vn 0.430459 -0.707107 -0.560986
vn 0.500000 -0.707107 -0.500000
vn 0.560986 -0.707107 -0.430459
vn 0.612372 -0.707107 -0.353553
vn 0.653281 -0.707107 -0.270598
vn 0.683013 -0.707107 -0.183013
vn 0.701057 -0.707107 -0.092296
vn 0.707107 -0.707107 -0.000000
vn 0.608761 -0.793353 0.000000
vn 0.603553 -0.793353 0.079459
vn 0.588018 -0.793353 0.157559
vn 0.562422 -0.793353 0.232963
vn 0.527203 -0.793353 0.304381
vn 0.482963 -0.793353 0.370590
vn 0.430459 -0.793353 0.430459
vn 0.370590 -0.793353 0.482963
vn 0.304381 -0.793353 0.527203
vn 0.232963 -0.793353 0.562422
vn 0.157559 -0.793353 0.588018
vn 0.079459 -0.793353 0.603553
vn 0.000000 -0.793353 0.608761
vn -0.079459 -0.793353 0.603553
vn -0.157559 -0.793353 0.588018
vn -0.232963 -0.793353 0.562422
vn -0.304381 -0.793353 0.527203
vn -0.370590 -0.793353 0.482963
vn -0.430459 -0.793353 0.430459
vn -0.482963 -0.793353 0.370590
vn -0.527203 -0.793353 0.304381
vn -0.562422 -0.793353 0.232963
vn -0.588018 -0.793353 0.157559
vn -0.603553 -0.793353 0.079459
vn -0.608761 -0.793353 0.000000
vn -0.603553 -0.793353 -0.079459
vn -0.588018 -0.793353 -0.157559
vn -0.562422 -0.793353 -0.232963
vn -0.527203 -0.793353 -0.304381
vn -0.482963 -0.793353 -0.370590
vn -0.430459 -0.793353 -0.430459
vn -0.370590 -0.793353 -0.482963
vn -0.304381 -0.793353 -0.527203
vn -0.232963 -0.793353 -0.562422
vn -0.157559 -0.793353 -0.588018
vn -0.079459 -0.793353 -0.603553
vn -0.000000 -0.793353 -0.608761
vn 0.079459 -0.793353 -0.603553
vn 0.157559 -0.793353 -0.588018
vn 0.232963 -0.793353 -0.562422
vn 0.304381 -0.793353 -0.527203
vn 0.370590 -0.793353 -0.482963
vn 0.430459 -0.793353 -0.430459
vn 0.482963 -0.793353 -0.370590
vn 0.527203 -0.793353 -0.304381
vn 0.562422 -0.793353 -0.232963
vn 0.588018 -0.793353 -0.157559
vn 0.603553 -0.793353 -0.079459
vn 0.608761 -0.793353 -0.000000
vn 0.500000 -0.866025 0.000000
vn 0.495722 -0.866025 0.065263
vn 0.482963 -0.866025 0.129410
vn 0.461940 -0.866025 0.191342
vn 0.433013 -0.866025 0.250000
vn 0.396677 -0.866025 0.304381
vn 0.353553 -0.866025 0.353553
vn 0.304381 -0.866025 0.396677
vn 0.250000 -0.866025 0.433013
vn 0.191342 -0.866025 0.461940
vn 0.129410 -0.866025 0.482963
vn 0.065263 -0.866025 0.495722
vn 0.000000 -0.866025 0.500000
vn -0.065263 -0.866025 0.495722
vn -0.129410 -0.866025 0.482963
vn -0.191342 -0.866025 0.461940
vn -0.250000 -0.866025 0.433013
vn -0.304381 -0.866025 0.396677
vn -0.353553 -0.866025 0.353553
vn -0.396677 -0.866025 0.304381
vn -0.433013 -0.866025 0.250000
vn -0.461940 -0.866025 0.191342
vn -0.482963 -0.866025 0.129410
vn -0.495722 -0.866025 0.065263
vn -0.500000 -0.866025 0.000000
vn -0.495722 -0.866025 -0.065263
vn -0.482963 -0.866025 -0.129410
vn -0.461940 -0.866025 -0.191342
vn -0.433013 -0.866025 -0.250000
vn -0.396677 -0.866025 -0.304381
vn -0.353553 -0.866025 -0.353553
vn -0.304381 -0.866025 -0.396677
vn -0.250000 -0.866025 -0.433013
vn -0.191342 -0.866025 -0.461940
vn -0.129410 -0.866025 -0.482963
vn -0.065263 -0.866025 -0.495722
vn -0.000000 -0.866025 -0.500000
vn 0.065263 -0.866025 -0.495722
vn 0.129410 -0.866025 -0.482963
vn 0.191342 -0.866025 -0.461940
vn 0.250000 -0.866025 -0.433013
vn 0.304381 -0.866025 -0.396677
vn 0.353553 -0.866025 -0.353553
vn 0.396677 -0.866025 -0.304381
vn 0.433013 -0.866025 -0.250000
vn 0.461940 -0.866025 -0.191342
vn 0.482963 -0.866025 -0.129410
vn 0.495722 -0.866025 -0.065263
vn 0.500000 -0.866025 -0.000000
vn 0.382683 -0.923880 0.000000
vn 0.379410 -0.923880 0.049950
vn 0.369644 -0.923880 0.099046
vn 0.353553 -0.923880 0.146447
vn 0.331414 -0.923880 0.191342
vn 0.303603 -0.923880 0.232963
vn 0.270598 -0.923880 0.270598
vn 0.232963 -0.923880 0.303603
vn 0.191342 -0.923880 0.331414
vn 0.146447 -0.923880 0.353553
vn 0.099046 -0.923880 0.369644
vn 0.049950 -0.923880 0.379410
vn 0.000000 -0.923880 0.382683
vn -0.049950 -0.923880 0.379410
vn -0.099046 -0.923880 0.369644
vn -0.146447 -0.923880 0.353553
vn -0.191342 -0.923880 0.331414
vn -0.232963 -0.923880 0.303603
vn -0.270598 -0.923880 0.270598
vn -0.303603 -0.923880 0.232963
vn -0.331414 -0.923880 0.191342
vn -0.353553 -0.923880 0.146447
vn -0.369644 -0.923880 0.099046
vn -0.379410 -0.923880 0.049950
vn -0.382683 -0.923880 0.000000
vn -0.379410 -0.923880 -0.049950
vn -0.369644 -0.923880 -0.099046
vn -0.353553 -0.923880 -0.146447
vn -0.331414 -0.923880 -0.191342
vn -0.303603 -0.923880 -0.232963
vn -0.270598 -0.923880 -0.270598
vn -0.232963 -0.923880 -0.303603
vn -0.191342 -0.923880 -0.331414
vn -0.146447 -0.923880 -0.353553
vn -0.099046 -0.923880 -0.369644
vn -0.049950 -0.923880 -0.379410
vn -0.000000 -0.923880 -0.382683
vn 0.049950 -0.923880 -0.379410
vn 0.099046 -0.923880 -0.369644
vn 0.146447 -0.923880 -0.353553
vn 0.191342 -0.923880 -0.331414
vn 0.232963 -0.923880 -0.303603
vn 0.270598 -0.923880 -0.270598
vn 0.303603 -0.923880 -0.232963
vn 0.331414 -0.923880 -0.191342
vn 0.353553 -0.923880 -0.146447
vn 0.369644 -0.923880 -0.099046
vn 0.379410 -0.923880 -0.049950
vn 0.382683 -0.923880 -0.000000
vn 0.258819 -0.965926 0.000000
vn 0.256605 -0.965926 0.033783
vn 0.250000 -0.965926 0.066987
vn 0.239118 -0.965926 0.099046
vn 0.224144 -0.965926 0.129410
vn 0.205335 -0.965926 0.157559
vn 0.183013 -0.965926 0.183013
vn 0.157559 -0.965926 0.205335
vn 0.129410 -0.965926 0.224144
vn 0.099046 -0.965926 0.239118
vn 0.066987 -0.965926 0.250000
vn 0.033783 -0.965926 0.256605
vn 0.000000 -0.965926 0.258819
vn -0.033783 -0.965926 0.256605
vn -0.066987 -0.965926 0.250000
vn -0.099046 -0.965926 0.239118
vn -0.129410 -0.965926 0.224144
vn -0.157559 -0.965926 0.205335
vn -0.183013 -0.965926 0.183013
vn -0.205335 -0.965926 0.157559
vn -0.224144 -0.965926 0.129410
vn -0.239118 -0.965926 0.099046
vn -0.250000 -0.965926 0.066987
vn -0.256605 -0.965926 0.033783
vn -0.258819 -0.965926 0.000000
vn -0.256605 -0.965926 -0.033783
vn -0.250000 -0.965926 -0.066987
vn -0.239118 -0.965926 -0.099046
vn -0.224144 -0.965926 -0.129410
vn -0.205335 -0.965926 -0.157559
vn -0.183013 -0.965926 -0.183013
vn -0.157559 -0.965926 -0.205335
vn -0.129410 -0.965926 -0.224144
vn -0.099046 -0.965926 -0.239118
vn -0.066987 -0.965926 -0.250000
vn -0.033783 -0.965926 -0.256605
vn -0.000000 -0.965926 -0.258819
vn 0.033783 -0.965926 -0.256605
vn 0.066987 -0.965926 -0.250000
vn 0.099046 -0.965926 -0.239118
vn 0.129410 -0.965926 -0.224144
vn 0.157559 -0.965926 -0.205335
vn 0.183013 -0.965926 -0.183013
vn 0.205335 -0.965926 -0.157559
vn 0.224144 -0.965926 -0.129410
vn 0.239118 -0.965926 -0.099046
vn 0.250000 -0.965926 -0.066987
vn 0.256605 -0.965926 -0.033783
vn 0.258819 -0.965926 -0.000000
vn 0.130526 -0.991445 0.000000
vn 0.129410 -0.991445 0.017037
vn 0.126079 -0.991445 0.033783
vn 0.120590 -0.991445 0.049950
vn 0.113039 -0.991445 0.065263
vn 0.103553 -0.991445 0.079459
vn 0.092296 -0.991445 0.092296
vn 0.079459 -0.991445 0.103553
vn 0.065263 -0.991445 0.113039
vn 0.049950 -0.991445 0.120590
vn 0.033783 -0.991445 0.126079
vn 0.017037 -0.991445 0.129410
vn 0.000000 -0.991445 0.130526
vn -0.017037 -0.991445 0.129410
vn -0.033783 -0.991445 0.126079
vn -0.049950 -0.991445 0.120590
vn -0.065263 -0.991445 0.113039
vn -0.079459 -0.991445 0.103553
vn -0.092296 -0.991445 0.092296
vn -0.103553 -0.991445 0.079459
vn -0.113039 -0.991445 0.065263
vn -0.120590 -0.991445 0.049950
vn -0.126079 -0.991445 0.033783
vn -0.129410 -0.991445 0.017037
vn -0.130526 -0.991445 0.000000
vn -0.129410 -0.991445 -0.017037
vn -0.126079 -0.991445 -0.033783
vn -0.120590 -0.991445 -0.049950
vn -0.113039 -0.991445 -0.065263
vn -0.103553 -0.991445 -0.079459
vn -0.092296 -0.991445 -0.092296
vn -0.079459 -0.991445 -0.103553
vn -0.065263 -0.991445 -0.113039
vn -0.049950 -0.991445 -0.120590
vn -0.033783 -0.991445 -0.126079
vn -0.017037 -0.991445 -0.129410
vn -0.000000 -0.991445 -0.130526
vn 0.017037 -0.991445 -0.129410
vn 0.033783 -0.991445 -0.126079
vn 0.049950 -0.991445 -0.120590
vn 0.065263 -0.991445 -0.113039
vn 0.079459 -0.991445 -0.103553
vn 0.092296 -0.991445 -0.092296
vn 0.103553 -0.991445 -0.079459
vn 0.113039 -0.991445 -0.065263
vn 0.120590 -0.991445 -0.049950
vn 0.126079 -0.991445 -0.033783
vn 0.129410 -0.991445 -0.017037
vn 0.130526 -0.991445 -0.000000
vn 0.000000 -1.000000 0.000000
vn 0.000000 -1.000000 0.000000
vn 0.000000 -1.000000 0.000000
vn 0.000000 -1.000000 0.000000
vn 0.000000 -1.000000 0.000000
vn 0.000000 -1.000000 0.000000
vn 0.000000 -1.000000 0.000000
vn 0.000000 -1.000000 0.000000
vn 0.000000 -1.000000 0.000000
vn 0.000000 -1.000000 0.000000
vn 0.000000 -1.000000 0.000000
vn 0.000000 -1.000000 0.000000
vn 0.000000 -1.000000 0.000000
vn -0.000000 -1.000000 0.000000
vn -0.000000 -1.000000 0.000000
vn -0.000000 -1.000000 0.000000
vn -0.000000 -1.000000 0.000000
vn -0.000000 -1.000000 0.000000
vn -0.000000 -1.000000 0.000000
vn -0.000000 -1.000000 0.000000
vn -0.000000 -1.000000 0.000000
vn -0.000000 -1.000000 0.000000
vn -0.000000 -1.000000 0.000000
vn -0.000000 -1.000000 0.000000
vn -0.000000 -1.000000 0.000000
vn -0.000000 -1.000000 -0.000000
vn -0.000000 -1.000000 -0.000000
vn -0.000000 -1.000000 -0.000000
vn -0.000000 -1.000000 -0.000000
vn -0.000000 -1.000000 -0.000000
vn -0.000000 -1.000000 -0.000000
vn -0.000000 -1.000000 -0.000000
vn -0.000000 -1.000000 -0.000000
vn -0.000000 -1.000000 -0.000000
vn -0.000000 -1.000000 -0.000000
vn -0.000000 -1.000000 -0.000000
vn -0.000000 -1.000000 -0.000000
vn 0.000000 -1.000000 -0.000000
vn 0.000000 -1.000000 -0.000000
vn 0.000000 -1.000000 -0.000000
vn 0.000000 -1.000000 -0.000000
vn 0.000000 -1.000000 -0.000000
vn 0.000000 -1.000000 -0.000000
vn 0.000000 -1.000000 -0.000000
vn 0.000000 -1.000000 -0.000000
vn 0.000000 -1.000000 -0.000000
vn 0.000000 -1.000000 -0.000000
vn 0.000000 -1.000000 -0.000000
vn 0.000000 -1.000000 -0.000000
vn 0.000000 1.000000 0.000000
vn 0.000000 1.000000 0.000000
vn 0.000000 1.000000 0.000000
vn 0.000000 1.000000 0.000000
vn 0.000000 1.000000 0.000000
vn 0.000000 1.000000 0.000000
vn 0.000000 1.000000 0.000000
vn 0.000000 1.000000 0.000000
vn 0.000000 1.000000 0.000000
vn 0.000000 1.000000 0.000000
vn 0.000000 1.000000 0.000000
vn 0.000000 1.000000 0.000000
vn 0.000000 1.000000 0.000000
vn -0.000000 1.000000 0.000000
vn -0.000000 1.000000 0.000000
vn -0.000000 1.000000 0.000000
vn -0.000000 1.000000 0.000000
vn -0.000000 1.000000 0.000000
vn -0.000000 1.000000 0.000000
vn -0.000000 1.000000 0.000000
vn -0.000000 1.000000 0.000000
vn -0.000000 1.000000 0.000000
vn -0.000000 1.000000 0.000000
vn -0.000000 1.000000 0.000000
vn -0.000000 1.000000 0.000000
vn -0.000000 1.000000 -0.000000
vn -0.000000 1.000000 -0.000000
vn -0.000000 1.000000 -0.000000
vn -0.000000 1.000000 -0.000000
vn -0.000000 1.000000 -0.000000
vn -0.000000 1.000000 -0.000000
vn -0.000000 1.000000 -0.000000
vn -0.000000 1.000000 -0.000000
vn -0.000000 1.000000 -0.000000
vn -0.000000 1.000000 -0.000000
vn -0.000000 1.000000 -0.000000
vn -0.000000 1.000000 -0.000000
vn 0.000000 1.000000 -0.000000
vn 0.000000 1.000000 -0.000000
vn 0.000000 1.000000 -0.000000
vn 0.000000 1.000000 -0.000000
vn 0.000000 1.000000 -0.000000
vn 0.000000 1.000000 -0.000000
vn 0.000000 1.000000 -0.000000
vn 0.000000 1.000000 -0.000000
vn 0.000000 1.000000 -0.000000
vn 0.000000 1.000000 -0.000000
vn 0.000000 1.000000 -0.000000
vn 0.000000 1.000000 -0.000000
vn 0.130526 0.991445 0.000000
vn 0.129410 0.991445 0.017037
vn 0.126079 0.991445 0.033783
vn 0.120590 0.991445 0.049950
vn 0.113039 0.991445 0.065263
vn 0.103553 0.991445 0.079459
vn 0.092296 0.991445 0.092296
vn 0.079459 0.991445 0.103553
vn 0.065263 0.991445 0.113039
vn 0.049950 0.991445 0.120590
vn 0.033783 0.991445 0.126079
vn 0.017037 0.991445 0.129410
vn 0.000000 0.991445 0.130526
vn -0.017037 0.991445 0.129410
vn -0.033783 0.991445 0.126079
vn -0.049950 0.991445 0.120590
vn -0.065263 0.991445 0.113039
vn -0.079459 0.991445 0.103553
vn -0.092296 0.991445 0.092296
vn -0.103553 0.991445 0.079459
vn -0.113039 0.991445 0.065263
vn -0.120590 0.991445 0.049950
vn -0.126079 0.991445 0.033783
vn -0.129410 0.991445 0.017037
vn -0.130526 0.991445 0.000000
vn -0.129410 0.991445 -0.017037
vn -0.126079 0.991445 -0.033783
vn -0.120590 0.991445 -0.049950
vn -0.113039 0.991445 -0.065263
vn -0.103553 0.991445 -0.079459
vn -0.092296 0.991445 -0.092296
vn -0.079459 0.991445 -0.103553
vn -0.065263 0.991445 -0.113039
vn -0.049950 0.991445 -0.120590
vn -0.033783 0.991445 -0.126079
vn -0.017037 0.991445 -0.129410
vn -0.000000 0.991445 -0.130526
vn 0.017037 0.991445 -0.129410
vn 0.033783 0.991445 -0.126079
vn 0.049950 0.991445 -0.120590
vn 0.065263 0.991445 -0.113039
vn 0.079459 0.991445 -0.103553
vn 0.092296 0.991445 -0.092296
vn 0.103553 0.991445 -0.079459
vn 0.113039 0.991445 -0.065263
vn 0.120590 0.991445 -0.049950
vn 0.126079 0.991445 -0.033783
vn 0.129410 0.991445 -0.017037
vn 0.130526 0.991445 -0.000000
vn 0.258819 0.965926 0.000000
vn 0.256605 0.965926 0.033783
vn 0.250000 0.965926 0.066987
vn 0.239118 0.965926 0.099046
vn 0.224144 0.965926 0.129410
vn 0.205335 0.965926 0.157559
vn 0.183013 0.965926 0.183013
vn 0.157559 0.965926 0.205335
vn 0.129410 0.965926 0.224144
vn 0.099046 0.965926 0.239118
vn 0.066987 0.965926 0.250000
vn 0.033783 0.965926 0.256605
vn 0.000000 0.965926 0.258819
vn -0.033783 0.965926 0.256605
vn -0.066987 0.965926 0.250000
vn -0.099046 0.965926 0.239118
vn -0.129410 0.965926 0.224144
vn -0.157559 0.965926 0.205335
vn -0.183013 0.965926 0.183013
vn -0.205335 0.965926 0.157559
vn -0.224144 0.965926 0.129410
vn -0.239118 0.965926 0.099046
vn -0.250000 0.965926 0.066987
vn -0.256605 0.965926 0.033783
vn -0.258819 0.965926 0.000000
vn -0.256605 0.965926 -0.033783
vn -0.250000 0.965926 -0.066987
vn -0.239118 0.965926 -0.099046
vn -0.224144 0.965926 -0.129410
vn -0.205335 0.965926 -0.157559
vn -0.183013 0.965926 -0.183013
vn -0.157559 0.965926 -0.205335
vn -0.129410 0.965926 -0.224144
vn -0.099046 0.965926 -0.239118
vn -0.066987 0.965926 -0.250000
vn -0.033783 0.965926 -0.256605
vn -0.000000 0.965926 -0.258819
vn 0.033783 0.965926 -0.256605
vn 0.066987 0.965926 -0.250000
vn 0.099046 0.965926 -0.239118
vn 0.129410 0.965926 -0.224144
vn 0.157559 0.965926 -0.205335
vn 0.183013 0.965926 -0.183013
vn 0.205335 0.965926 -0.157559
vn 0.224144 0.965926 -0.129410
vn 0.239118 0.965926 -0.099046
vn 0.250000 0.965926 -0.066987
vn 0.256605 0.965926 -0.033783
vn 0.258819 0.965926 -0.000000
vn 0.382683 0.923880 0.000000
vn 0.379410 0.923880 0.049950
vn 0.369644 0.923880 0.099046
vn 0.353553 0.923880 0.146447
vn 0.331414 0.923880 0.191342
vn 0.303603 0.923880 0.232963
vn 0.270598 0.923880 0.270598
vn 0.232963 0.923880 0.303603
vn 0.191342 0.923880 0.331414
vn 0.146447 0.923880 0.353553
vn 0.099046 0.923880 0.369644
vn 0.049950 0.923880 0.379410
vn 0.000000 0.923880 0.382683
vn -0.049950 0.923880 0.379410
vn -0.099046 0.923880 0.369644
vn -0.146447 0.923880 0.353553
vn -0.191342 0.923880 0.331414
vn -0.232963 0.923880 0.303603
vn -0.270598 0.923880 0.270598
vn -0.303603 0.923880 0.232963
vn -0.331414 0.923880 0.191342
vn -0.353553 0.923880 0.146447
vn -0.369644 0.923880 0.099046
vn -0.379410 0.923880 0.049950
vn -0.382683 0.923880 0.000000
vn -0.379410 0.923880 -0.049950
vn -0.369644 0.923880 -0.099046
vn -0.353553 0.923880 -0.146447
vn -0.331414 0.923880 -0.191342
vn -0.303603 0.923880 -0.232963
vn -0.270598 0.923880 -0.270598
vn -0.232963 0.923880 -0.303603
vn -0.191342 0.923880 -0.331414
vn -0.146447 0.923880 -0.353553
vn -0.099046 0.923880 -0.369644
vn -0.049950 0.923880 -0.379410
vn -0.000000 0.923880 -0.382683
vn 0.049950 0.923880 -0.379410
vn 0.099046 0.923880 -0.369644
vn 0.146447 0.923880 -0.353553
vn 0.191342 0.923880 -0.331414
vn 0.232963 0.923880 -0.303603
vn 0.270598 0.923880 -0.270598
vn 0.303603 0.923880 -0.232963
vn 0.331414 0.923880 -0.191342
vn 0.353553 0.923880 -0.146447
vn 0.369644 0.923880 -0.099046
vn 0.379410 0.923880 -0.049950
vn 0.382683 0.923880 -0.000000
vn 0.500000 0.866025 0.000000
vn 0.495722 0.866025 0.065263
vn 0.482963 0.866025 0.129410
vn 0.461940 0.866025 0.191342
vn 0.433013 0.866025 0.250000
vn 0.396677 0.866025 0.304381
vn 0.353553 0.866025 0.353553
vn 0.304381 0.866025 0.396677
vn 0.250000 0.866025 0.433013
vn 0.191342 0.866025 0.461940
vn 0.129410 0.866025 0.482963
vn 0.065263 0.866025 0.495722
vn 0.000000 0.866025 0.500000
vn -0.065263 0.866025 0.495722
vn -0.129410 0.866025 0.482963
vn -0.191342 0.866025 0.461940
vn -0.250000 0.866025 0.433013
vn -0.304381 0.866025 0.396677
vn -0.353553 0.866025 0.353553
vn -0.396677 0.866025 0.304381
vn -0.433013 0.866025 0.250000
vn -0.461940 0.866025 0.191342
vn -0.482963 0.866025 0.129410
vn -0.495722 0.866025 0.065263
vn -0.500000 0.866025 0.000000
vn -0.495722 0.866025 -0.065263
vn -0.482963 0.866025 -0.129410
vn -0.461940 0.866025 -0.191342
vn -0.433013 0.866025 -0.250000
vn -0.396677 0.866025 -0.304381
vn -0.353553 0.866025 -0.353553
vn -0.304381 0.866025 -0.396677
vn -0.250000 0.866025 -0.433013
vn -0.191342 0.866025 -0.461940
vn -0.129410 0.866025 -0.482963
vn -0.065263 0.866025 -0.495722
vn -0.000000 0.866025 -0.500000
vn 0.065263 0.866025 -0.495722
vn 0.129410 0.866025 -0.482963
vn 0.191342 0.866025 -0.461940
vn 0.250000 0.866025 -0.433013
vn 0.304381 0.866025 -0.396677
vn 0.353553 0.866025 -0.353553
vn 0.396677 0.866025 -0.304381
vn 0.433013 0.866025 -0.250000
vn 0.461940 0.866025 -0.191342
vn 0.482963 0.866025 -0.129410
vn 0.495722 0.866025 -0.065263
vn 0.500000 0.866025 -0.000000
vn 0.608761 0.793353 0.000000
vn 0.603553 0.793353 0.079459
vn 0.588018 0.793353 0.157559
vn 0.562422 0.793353 0.232963
vn 0.527203 0.793353 0.304381
vn 0.482963 0.793353 0.370590
vn 0.430459 0.793353 0.430459
vn 0.370590 0.793353 0.482963
vn 0.304381 0.793353 0.527203
vn 0.232963 0.793353 0.562422
vn 0.157559 0.793353 0.588018
vn 0.079459 0.793353 0.603553
vn 0.000000 0.793353 0.608761
vn -0.079459 0.793353 0.603553
vn -0.157559 0.793353 0.588018
vn -0.232963 0.793353 0.562422
vn -0.304381 0.793353 0.527203
vn -0.370590 0.793353 0.482963
vn -0.430459 0.793353 0.430459
vn -0.482963 0.793353 0.370590
vn -0.527203 0.793353 0.304381
vn -0.562422 0.793353 0.232963
vn -0.588018 0.793353 0.157559
vn -0.603553 0.793353 0.079459
vn -0.608761 0.793353 0.000000
vn -0.603553 0.793353 -0.079459
vn -0.588018 0.793353 -0.157559
vn -0.562422 0.793353 -0.232963
vn -0.527203 0.793353 -0.304381
vn -0.482963 0.793353 -0.370590
vn -0.430459 0.793353 -0.430459
vn -0.370590 0.793353 -0.482963
vn -0.304381 0.793353 -0.527203
vn -0.232963 0.793353 -0.562422
vn -0.157559 0.793353 -0.588018
vn -0.079459 0.793353 -0.603553
vn -0.000000 0.793353 -0.608761
vn 0.079459 0.793353 -0.603553
vn 0.157559 0.793353 -0.588018
vn 0.232963 0.793353 -0.562422
vn 0.304381 0.793353 -0.527203
vn 0.370590 0.793353 -0.482963
vn 0.430459 0.793353 -0.430459
vn 0.482963 0.793353 -0.370590
vn 0.527203 0.793353 -0.304381
vn 0.562422 0.793353 -0.232963
vn 0.588018 0.793353 -0.157559
vn 0.603553 0.793353 -0.079459
vn 0.608761 0.793353 -0.000000
vn 0.707107 0.707107 0.000000
vn 0.701057 0.707107 0.092296
vn 0.683013 0.707107 0.183013
vn 0.653281 0.707107 0.270598
vn 0.612372 0.707107 0.353553
vn 0.560986 0.707107 0.430459
vn 0.500000 0.707107 0.500000
vn 0.430459 0.707107 0.560986
vn 0.353553 0.707107 0.612372
vn 0.270598 0.707107 0.653281
vn 0.183013 0.707107 0.683013
vn 0.092296 0.707107 0.701057
vn 0.000000 0.707107 0.707107
vn -0.092296 0.707107 0.701057
vn -0.183013 0.707107 0.683013
vn -0.270598 0.707107 0.653281
vn -0.353553 0.707107 0.612372
vn -0.430459 0.707107 0.560986
vn -0.500000 0.707107 0.500000
vn -0.560986 0.707107 0.430459
vn -0.612372 0.707107 0.353553
vn -0.653281 0.707107 0.270598
vn -0.683013 0.707107 0.183013
vn -0.701057 0.707107 0.092296
vn -0.707107 0.707107 0.000000
vn -0.701057 0.707107 -0.092296
vn -0.683013 0.707107 -0.183013
vn -0.653281 0.707107 -0.270598
vn -0.612372 0.707107 -0.353553
vn -0.560986 0.707107 -0.430459
vn -0.500000 0.707107 -0.500000
vn -0.430459 0.707107 -0.560986
vn -0.353553 0.707107 -0.612372
vn -0.270598 0.707107 -0.653281
vn -0.183013 0.707107 -0.683013
vn -0.092296 0.707107 -0.701057
vn -0.000000 0.707107 -0.707107
vn 0.092296 0.707107 -0.701057
vn 0.183013 0.707107 -0.683013
vn 0.270598 0.707107 -0.653281
vn 0.353553 0.707107 -0.612372
vn 0.430459 0.707107 -0.560986
vn 0.500000 0.707107 -0.500000
vn 0.560986 0.707107 -0.430459
vn 0.612372 0.707107 -0.353553
vn 0.653281 0.707107 -0.270598
vn 0.683013 0.707107 -0.183013
vn 0.701057 0.707107 -0.092296
vn 0.707107 0.707107 -0.000000
vn 0.793353 0.608761 0.000000
vn 0.786566 0.608761 0.103553
vn 0.766320 0.608761 0.205335
vn 0.732963 0.608761 0.303603
vn 0.687064 0.608761 0.396677
vn 0.629410 0.608761 0.482963
vn 0.560986 0.608761 0.560986
vn 0.482963 0.608761 0.629410
vn 0.396677 0.608761 0.687064
vn 0.303603 0.608761 0.732963
vn 0.205335 0.608761 0.766320
vn 0.103553 0.608761 0.786566
vn 0.000000 0.608761 0.793353
vn -0.103553 0.608761 0.786566
vn -0.205335 0.608761 0.766320
vn -0.303603 0.608761 0.732963
vn -0.396677 0.608761 0.687064
vn -0.482963 0.608761 0.629410
vn -0.560986 0.608761 0.560986
vn -0.629410 0.608761 0.482963
vn -0.687064 0.608761 0.396677
vn -0.732963 0.608761 0.303603
vn -0.766320 0.608761 0.205335
vn -0.786566 0.608761 0.103553
vn -0.793353 0.608761 0.000000
vn -0.786566 0.608761 -0.103553
vn -0.766320 0.608761 -0.205335
vn -0.732963 0.608761 -0.303603
vn -0.687064 0.608761 -0.396677
vn -0.629410 0.608761 -0.482963
vn -0.560986 0.608761 -0.560986
vn -0.482963 0.608761 -0.629410
vn -0.396677 0.608761 -0.687064
vn -0.303603 0.608761 -0.732963
vn -0.205335 0.608761 -0.766320
vn -0.103553 0.608761 -0.786566
vn -0.000000 0.608761 -0.793353
vn 0.103553 0.608761 -0.786566
vn 0.205335 0.608761 -0.766320
vn 0.303603 0.608761 -0.732963
vn 0.396677 0.608761 -0.687064
vn 0.482963 0.608761 -0.629410
vn 0.560986 0.608761 -0.560986
vn 0.629410 0.608761 -0.482963
vn 0.687064 0.608761 -0.396677
vn 0.732963 0.608761 -0.303603
vn 0.766320 0.608761 -0.205335
vn 0.786566 0.608761 -0.103553
vn 0.793353 0.608761 -0.000000
vn 0.866025 0.500000 0.000000
vn 0.858616 0.500000 0.113039
vn 0.836516 0.500000 0.224144
vn 0.800103 0.500000 0.331414
vn 0.750000 0.500000 0.433013
vn 0.687064 0.500000 0.527203
vn 0.612372 0.500000 0.612372
vn 0.527203 0.500000 0.687064
vn 0.433013 0.500000 0.750000
vn 0.331414 0.500000 0.800103
vn 0.224144 0.500000 0.836516
vn 0.113039 0.500000 0.858616
vn 0.000000 0.500000 0.866025
vn -0.113039 0.500000 0.858616
vn -0.224144 0.500000 0.836516
vn -0.331414 0.500000 0.800103
vn -0.433013 0.500000 0.750000
vn -0.527203 0.500000 0.687064
vn -0.612372 0.500000 0.612372
vn -0.687064 0.500000 0.527203
vn -0.750000 0.500000 0.433013
vn -0.800103 0.500000 0.331414
vn -0.836516 0.500000 0.224144
vn -0.858616 0.500000 0.113039
vn -0.866025 0.500000 0.000000
vn -0.858616 0.500000 -0.113039
vn -0.836516 0.500000 -0.224144
vn -0.800103 0.500000 -0.331414
vn -0.750000 0.500000 -0.433013
vn -0.687064 0.500000 -0.527203
vn -0.612372 0.500000 -0.612372
vn -0.527203 0.500000 -0.687064
vn -0.433013 0.500000 -0.750000
vn -0.331414 0.500000 -0.800103
vn -0.224144 0.500000 -0.836516
vn -0.113039 0.500000 -0.858616
vn -0.000000 0.500000 -0.866025
vn 0.113039 0.500000 -0.858616
vn 0.224144 0.500000 -0.836516
vn 0.331414 0.500000 -0.800103
vn 0.433013 0.500000 -0.750000
vn 0.527203 0.500000 -0.687064
vn 0.612372 0.500000 -0.612372
vn 0.687064 0.500000 -0.527203
vn 0.750000 0.500000 -0.433013
vn 0.800103 0.500000 -0.331414
vn 0.836516 0.500000 -0.224144
vn 0.858616 0.500000 -0.113039
vn 0.866025 0.500000 -0.000000
vn 0.923880 0.382683 0.000000
vn 0.915976 0.382683 0.120590
vn 0.892399 0.382683 0.239118
vn 0.853553 0.382683 0.353553
vn 0.800103 0.382683 0.461940
vn 0.732963 0.382683 0.562422
vn 0.653281 0.382683 0.653281
vn 0.562422 0.382683 0.732963
vn 0.461940 0.382683 0.800103
vn 0.353553 0.382683 0.853553
vn 0.239118 0.382683 0.892399
vn 0.120590 0.382683 0.915976
vn 0.000000 0.382683 0.923880
vn -0.120590 0.382683 0.915976
vn -0.239118 0.382683 0.892399
vn -0.353553 0.382683 0.853553
vn -0.461940 0.382683 0.800103
vn -0.562422 0.382683 0.732963
vn -0.653281 0.382683 0.653281
vn -0.732963 0.382683 0.562422
vn -0.800103 0.382683 0.461940
vn -0.853553 0.382683 0.353553
vn -0.892399 0.382683 0.239118
vn -0.915976 0.382683 0.120590
vn -0.923880 0.382683 0.000000
vn -0.915976 0.382683 -0.120590
vn -0.892399 0.382683 -0.239118
vn -0.853553 0.382683 -0.353553
vn -0.800103 0.382683 -0.461940
vn -0.732963 0.382683 -0.562422
vn -0.653281 0.382683 -0.653281
vn -0.562422 0.382683 -0.732963
vn -0.461940 0.382683 -0.800103
vn -0.353553 0.382683 -0.853553
vn -0.239118 0.382683 -0.892399
vn -0.120590 0.382683 -0.915976
vn -0.000000 0.382683 -0.923880
vn 0.120590 0.382683 -0.915976
vn 0.239118 0.382683 -0.892399
vn 0.353553 0.382683 -0.853553
vn 0.461940 0.382683 -0.800103
vn 0.562422 0.382683 -0.732963
vn 0.653281 0.382683 -0.653281
vn 0.732963 0.382683 -0.562422
vn 0.800103 0.382683 -0.461940
vn 0.853553 0.382683 -0.353553
vn 0.892399 0.382683 -0.239118
vn 0.915976 0.382683 -0.120590
vn 0.923880 0.382683 -0.000000
vn 0.965926 0.258819 0.000000
vn 0.957662 0.258819 0.126079
vn 0.933013 0.258819 0.250000
vn 0.892399 0.258819 0.369644
vn 0.836516 0.258819 0.482963
vn 0.766320 0.258819 0.588018
vn 0.683013 0.258819 0.683013
vn 0.588018 0.258819 0.766320
vn 0.482963 0.258819 0.836516
vn 0.369644 0.258819 0.892399
vn 0.250000 0.258819 0.933013
vn 0.126079 0.258819 0.957662
vn 0.000000 0.258819 0.965926
vn -0.126079 0.258819 0.957662
vn -0.250000 0.258819 0.933013
vn -0.369644 0.258819 0.892399
vn -0.482963 0.258819 0.836516
vn -0.588018 0.258819 0.766320
vn -0.683013 0.258819 0.683013
vn -0.766320 0.258819 0.588018
vn -0.836516 0.258819 0.482963
vn -0.892399 0.258819 0.369644
vn -0.933013 0.258819 0.250000
vn -0.957662 0.258819 0.126079
vn -0.965926 0.258819 0.000000
vn -0.957662 0.258819 -0.126079
vn -0.933013 0.258819 -0.250000
vn -0.892399 0.258819 -0.369644
vn -0.836516 0.258819 -0.482963
vn -0.766320 0.258819 -0.588018
vn -0.683013 0.258819 -0.683013
vn -0.588018 0.258819 -0.766320
vn -0.482963 0.258819 -0.836516
vn -0.369644 0.258819 -0.892399
vn -0.250000 0.258819 -0.933013
vn -0.126079 0.258819 -0.957662
vn -0.000000 0.258819 -0.965926
vn 0.126079 0.258819 -0.957662
vn 0.250000 0.258819 -0.933013
vn 0.369644 0.258819 -0.892399
vn 0.482963 0.258819 -0.836516
vn 0.588018 0.258819 -0.766320
vn 0.683013 0.258819 -0.683013
vn 0.766320 0.258819 -0.588018
vn 0.836516 0.258819 -0.482963
vn 0.892399 0.258819 -0.369644
vn 0.933013 0.258819 -0.250000
vn 0.957662 0.258819 -0.126079
vn 0.965926 0.258819 -0.000000
vn 0.991445 0.130526 0.000000
vn 0.982963 0.130526 0.129410
vn 0.957662 0.130526 0.256605
vn 0.915976 0.130526 0.379410
vn 0.858616 0.130526 0.495722
vn 0.786566 0.130526 0.603553
vn 0.701057 0.130526 0.701057
vn 0.603553 0.130526 0.786566
vn 0.495722 0.130526 0.858616
vn 0.379410 0.130526 0.915976
vn 0.256605 0.130526 0.957662
vn 0.129410 0.130526 0.982963
vn 0.000000 0.130526 0.991445
vn -0.129410 0.130526 0.982963
vn -0.256605 0.130526 0.957662
vn -0.379410 0.130526 0.915976
vn -0.495722 0.130526 0.858616
vn -0.603553 0.130526 0.786566
vn -0.701057 0.130526 0.701057
vn -0.786566 0.130526 0.603553
vn -0.858616 0.130526 0.495722
vn -0.915976 0.130526 0.379410
vn -0.957662 0.130526 0.256605
vn -0.982963 0.130526 0.129410
vn -0.991445 0.130526 0.000000
vn -0.982963 0.130526 -0.129410
vn -0.957662 0.130526 -0.256605
vn -0.915976 0.130526 -0.379410
vn -0.858616 0.130526 -0.495722
vn -0.786566 0.130526 -0.603553
vn -0.701057 0.130526 -0.701057
vn -0.603553 0.130526 -0.786566
vn -0.495722 0.130526 -0.858616
vn -0.379410 0.130526 -0.915976
vn -0.256605 0.130526 -0.957662
vn -0.129410 0.130526 -0.982963
vn -0.000000 0.130526 -0.991445
vn 0.129410 0.130526 -0.982963
vn 0.256605 0.130526 -0.957662
vn 0.379410 0.130526 -0.915976
vn 0.495722 0.130526 -0.858616
vn 0.603553 0.130526 -0.786566
vn 0.701057 0.130526 -0.701057
vn 0.786566 0.130526 -0.603553
vn 0.858616 0.130526 -0.495722
vn 0.915976 0.130526 -0.379410
vn 0.957662 0.130526 -0.256605
vn 0.982963 0.130526 -0.129410
vn 0.991445 0.130526 -0.000000
vn 1.000000 0.000000 0.000000
vn 0.991445 0.000000 0.130526
vn 0.965926 0.000000 0.258819
vn 0.923880 0.000000 0.382683
vn 0.866025 0.000000 0.500000
vn 0.793353 0.000000 0.608761
vn 0.707107 0.000000 0.707107
vn 0.608761 0.000000 0.793353
vn 0.500000 0.000000 0.866025
vn 0.382683 0.000000 0.923880
vn 0.258819 0.000000 0.965926
vn 0.130526 0.000000 0.991445
vn 0.000000 0.000000 1.000000
vn -0.130526 0.000000 0.991445
vn -0.258819 0.000000 0.965926
vn -0.382683 0.000000 0.923880
vn -0.500000 0.000000 0.866025
vn -0.608761 0.000000 0.793353
vn -0.707107 0.000000 0.707107
vn -0.793353 0.000000 0.608761
vn -0.866025 0.000000 0.500000
vn -0.923880 0.000000 0.382683
vn -0.965926 0.000000 0.258819
vn -0.991445 0.000000 0.130526
vn -1.000000 0.000000 0.000000
vn -0.991445 0.000000 -0.130526
vn -0.965926 0.000000 -0.258819
vn -0.923880 0.000000 -0.382683
vn -0.866025 0.000000 -0.500000
vn -0.793353 0.000000 -0.608761
vn -0.707107 0.000000 -0.707107
vn -0.608761 0.000000 -0.793353
vn -0.500000 0.000000 -0.866025
vn -0.382683 0.000000 -0.923880
vn -0.258819 0.000000 -0.965926
vn -0.130526 0.000000 -0.991445
vn -0.000000 0.000000 -1.000000
vn 0.130526 0.000000 -0.991445
vn 0.258819 0.000000 -0.965926
vn 0.382683 0.000000 -0.923880
vn 0.500000 0.000000 -0.866025
vn 0.608761 0.000000 -0.793353
vn 0.707107 0.000000 -0.707107
vn 0.793353 0.000000 -0.608761
vn 0.866025 0.000000 -0.500000
vn 0.923880 0.000000 -0.382683
vn 0.965926 0.000000 -0.258819
vn 0.991445 0.000000 -0.130526
vn 1.000000 0.000000 -0.000000
vn 0.991445 -0.130526 0.000000
vn 0.982963 -0.130526 0.129410
vn 0.957662 -0.130526 0.256605
vn 0.915976 -0.130526 0.379410
vn 0.858616 -0.130526 0.495722
vn 0.786566 -0.130526 0.603553
vn 0.701057 -0.130526 0.701057
vn 0.603553 -0.130526 0.786566
vn 0.495722 -0.130526 0.858616
vn 0.379410 -0.130526 0.915976
vn 0.256605 -0.130526 0.957662
vn 0.129410 -0.130526 0.982963
vn 0.000000 -0.130526 0.991445
vn -0.129410 -0.130526 0.982963
vn -0.256605 -0.130526 0.957662
vn -0.379410 -0.130526 0.915976
vn -0.495722 -0.130526 0.858616
vn -0.603553 -0.130526 0.786566
vn -0.701057 -0.130526 0.701057
vn -0.786566 -0.130526 0.603553
vn -0.858616 -0.130526 0.495722
vn -0.915976 -0.130526 0.379410
vn -0.957662 -0.130526 0.256605
vn -0.982963 -0.130526 0.129410
vn -0.991445 -0.130526 0.000000
vn -0.982963 -0.130526 -0.129410
vn -0.957662 -0.130526 -0.256605
vn -0.915976 -0.130526 -0.379410
vn -0.858616 -0.130526 -0.495722
vn -0.786566 -0.130526 -0.603553
vn -0.701057 -0.130526 -0.701057
vn -0.603553 -0.130526 -0.786566
vn -0.495722 -0.130526 -0.858616
vn -0.379410 -0.130526 -0.915976
vn -0.256605 -0.130526 -0.957662
vn -0.129410 -0.130526 -0.982963
vn -0.000000 -0.130526 -0.991445
vn 0.129410 -0.130526 -0.982963
vn 0.256605 -0.130526 -0.957662
vn 0.379410 -0.130526 -0.915976
vn 0.495722 -0.130526 -0.858616
vn 0.603553 -0.130526 -0.786566
vn 0.701057 -0.130526 -0.701057
vn 0.786566 -0.130526 -0.603553
vn 0.858616 -0.130526 -0.495722
vn 0.915976 -0.130526 -0.379410
vn 0.957662 -0.130526 -0.256605
vn 0.982963 -0.130526 -0.129410
vn 0.991445 -0.130526 -0.000000
vn 0.965926 -0.258819 0.000000
vn 0.957662 -0.258819 0.126079
vn 0.933013 -0.258819 0.250000
vn 0.892399 -0.258819 0.369644
vn 0.836516 -0.258819 0.482963
vn 0.766320 -0.258819 0.588018
vn 0.683013 -0.258819 0.683013
vn 0.588018 -0.258819 0.766320
vn 0.482963 -0.258819 0.836516
vn 0.369644 -0.258819 0.892399
vn 0.250000 -0.258819 0.933013
vn 0.126079 -0.258819 0.957662
vn 0.000000 -0.258819 0.965926
vn -0.126079 -0.258819 0.957662
vn -0.250000 -0.258819 0.933013
vn -0.369644 -0.258819 0.892399
vn -0.482963 -0.258819 0.836516
vn -0.588018 -0.258819 0.766320
vn -0.683013 -0.258819 0.683013
vn -0.766320 -0.258819 0.588018
vn -0.836516 -0.258819 0.482963
vn -0.892399 -0.258819 0.369644
vn -0.933013 -0.258819 0.250000
vn -0.957662 -0.258819 0.126079
vn -0.965926 -0.258819 0.000000
vn -0.957662 -0.258819 -0.126079
vn -0.933013 -0.258819 -0.250000
vn -0.892399 -0.258819 -0.369644
vn -0.836516 -0.258819 -0.482963
vn -0.766320 -0.258819 -0.588018
vn -0.683013 -0.258819 -0.683013
vn -0.588018 -0.258819 -0.766320
vn -0.482963 -0.258819 -0.836516
vn -0.369644 -0.258819 -0.892399
vn -0.250000 -0.258819 -0.933013
vn -0.126079 -0.258819 -0.957662
vn -0.000000 -0.258819 -0.965926
vn 0.126079 -0.258819 -0.957662
vn 0.250000 -0.258819 -0.933013
vn 0.369644 -0.258819 -0.892399
vn 0.482963 -0.258819 -0.836516
vn 0.588018 -0.258819 -0.766320
vn 0.683013 -0.258819 -0.683013
vn 0.766320 -0.258819 -0.588018
vn 0.836516 -0.258819 -0.482963
vn 0.892399 -0.258819 -0.369644
vn 0.933013 -0.258819 -0.250000
vn 0.957662 -0.258819 -0.126079
vn 0.965926 -0.258819 -0.000000
vn 0.923880 -0.382683 0.000000
vn 0.915976 -0.382683 0.120590
vn 0.892399 -0.382683 0.239118
vn 0.853553 -0.382683 0.353553
vn 0.800103 -0.382683 0.461940
vn 0.732963 -0.382683 0.562422
vn 0.653281 -0.382683 0.653281
vn 0.562422 -0.382683 0.732963
vn 0.461940 -0.382683 0.800103
vn 0.353553 -0.382683 0.853553
vn 0.239118 -0.382683 0.892399
vn 0.120590 -0.382683 0.915976
vn 0.000000 -0.382683 0.923880
vn -0.120590 -0.382683 0.915976
vn -0.239118 -0.382683 0.892399
vn -0.353553 -0.382683 0.853553
vn -0.461940 -0.382683 0.800103
vn -0.562422 -0.382683 0.732963
vn -0.653281 -0.382683 0.653281
vn -0.732963 -0.382683 0.562422
vn -0.800103 -0.382683 0.461940
vn -0.853553 -0.382683 0.353553
vn -0.892399 -0.382683 0.239118
vn -0.915976 -0.382683 0.120590
vn -0.923880 -0.382683 0.000000
vn -0.915976 -0.382683 -0.120590
vn -0.892399 -0.382683 -0.239118
vn -0.853553 -0.382683 -0.353553
vn -0.800103 -0.382683 -0.461940
vn -0.732963 -0.382683 -0.562422
vn -0.653281 -0.382683 -0.653281
vn -0.562422 -0.382683 -0.732963
vn -0.461940 -0.382683 -0.800103
vn -0.353553 -0.382683 -0.853553
vn -0.239118 -0.382683 -0.892399
vn -0.120590 -0.382683 -0.915976
vn -0.000000 -0.382683 -0.923880
vn 0.120590 -0.382683 -0.915976
vn 0.239118 -0.382683 -0.892399
vn 0.353553 -0.382683 -0.853553
vn 0.461940 -0.382683 -0.800103
vn 0.562422 -0.382683 -0.732963
vn 0.653281 -0.382683 -0.653281
vn 0.732963 -0.382683 -0.562422
vn 0.800103 -0.382683 -0.461940
vn 0.853553 -0.382683 -0.353553
vn 0.892399 -0.382683 -0.239118
vn 0.915976 -0.382683 -0.120590
vn 0.923880 -0.382683 -0.000000
vn 0.866025 -0.500000 0.000000
vn 0.858616 -0.500000 0.113039
vn 0.836516 -0.500000 0.224144
vn 0.800103 -0.500000 0.331414
vn 0.750000 -0.500000 0.433013
vn 0.687064 -0.500000 0.527203
vn 0.612372 -0.500000 0.612372
vn 0.527203 -0.500000 0.687064
vn 0.433013 -0.500000 0.750000
vn 0.331414 -0.500000 0.800103
vn 0.224144 -0.500000 0.836516
vn 0.113039 -0.500000 0.858616
vn 0.000000 -0.500000 0.866025
vn -0.113039 -0.500000 0.858616
vn -0.224144 -0.500000 0.836516
vn -0.331414 -0.500000 0.800103
vn -0.433013 -0.500000 0.750000
vn -0.527203 -0.500000 0.687064
vn -0.612372 -0.500000 0.612372
vn -0.687064 -0.500000 0.527203
vn -0.750000 -0.500000 0.433013
vn -0.800103 -0.500000 0.331414
vn -0.836516 -0.500000 0.224144
vn -0.858616 -0.500000 0.113039
vn -0.866025 -0.500000 0.000000
vn -0.858616 -0.500000 -0.113039
vn -0.836516 -0.500000 -0.224144
vn -0.800103 -0.500000 -0.331414
vn -0.750000 -0.500000 -0.433013
vn -0.687064 -0.500000 -0.527203
vn -0.612372 -0.500000 -0.612372
vn -0.527203 -0.500000 -0.687064
vn -0.433013 -0.500000 -0.750000
vn -0.331414 -0.500000 -0.800103
vn -0.224144 -0.500000 -0.836516
vn -0.113039 -0.500000 -0.858616
vn -0.000000 -0.500000 -0.866025
vn 0.113039 -0.500000 -0.858616
vn 0.224144 -0.500000 -0.836516
vn 0.331414 -0.500000 -0.800103
vn 0.433013 -0.500000 -0.750000
vn 0.527203 -0.500000 -0.687064
vn 0.612372 -0.500000 -0.612372
vn 0.687064 -0.500000 -0.527203
vn 0.750000 -0.500000 -0.433013
vn 0.800103 -0.500000 -0.331414
vn 0.836516 -0.500000 -0.224144
vn 0.858616 -0.500000 -0.113039
vn 0.866025 -0.500000 -0.000000
vn 0.793353 -0.608761 0.000000
vn 0.786566 -0.608761 0.103553
vn 0.766320 -0.608761 0.205335
vn 0.732963 -0.608761 0.303603
vn 0.687064 -0.608761 0.396677
vn 0.629410 -0.608761 0.482963
vn 0.560986 -0.608761 0.560986
vn 0.482963 -0.608761 0.629410
vn 0.396677 -0.608761 0.687064
vn 0.303603 -0.608761 0.732963
vn 0.205335 -0.608761 0.766320
vn 0.103553 -0.608761 0.786566
vn 0.000000 -0.608761 0.793353
vn -0.103553 -0.608761 0.786566
vn -0.205335 -0.608761 0.766320
vn -0.303603 -0.608761 0.732963
vn -0.396677 -0.608761 0.687064
vn -0.482963 -0.608761 0.629410
vn -0.560986 -0.608761 0.560986
vn -0.629410 -0.608761 0.482963
vn -0.687064 -0.608761 0.396677
vn -0.732963 -0.608761 0.303603
vn -0.766320 -0.608761 0.205335
vn -0.786566 -0.608761 0.103553
vn -0.793353 -0.608761 0.000000
vn -0.786566 -0.608761 -0.103553
vn -0.766320 -0.608761 -0.205335
vn -0.732963 -0.608761 -0.303603
vn -0.687064 -0.608761 -0.396677
vn -0.629410 -0.608761 -0.482963
vn -0.560986 -0.608761 -0.560986
vn -0.482963 -0.608761 -0.629410
vn -0.396677 -0.608761 -0.687064
vn -0.303603 -0.608761 -0.732963
vn -0.205335 -0.608761 -0.766320
vn -0.103553 -0.608761 -0.786566
vn -0.000000 -0.608761 -0.793353
vn 0.103553 -0.608761 -0.786566
vn 0.205335 -0.608761 -0.766320
vn 0.303603 -0.608761 -0.732963
vn 0.396677 -0.608761 -0.687064
vn 0.482963 -0.608761 -0.629410
vn 0.560986 -0.608761 -0.560986
vn 0.629410 -0.608761 -0.482963
vn 0.687064 -0.608761 -0.396677
vn 0.732963 -0.608761 -0.303603
vn 0.766320 -0.608761 -0.205335
vn 0.786566 -0.608761 -0.103553
vn 0.793353 -0.608761 -0.000000
vn 0.707107 -0.707107 0.000000
vn 0.701057 -0.707107 0.092296
vn 0.683013 -0.707107 0.183013
vn 0.653281 -0.707107 0.270598
vn 0.612372 -0.707107 0.353553
vn 0.560986 -0.707107 0.430459
vn 0.500000 -0.707107 0.500000
vn 0.430459 -0.707107 0.560986
vn 0.353553 -0.707107 0.612372
vn 0.270598 -0.707107 0.653281
vn 0.183013 -0.707107 0.683013
vn 0.092296 -0.707107 0.701057
vn 0.000000 -0.707107 0.707107
vn -0.092296 -0.707107 0.701057
vn -0.183013 -0.707107 0.683013
vn -0.270598 -0.707107 0.653281
vn -0.353553 -0.707107 0.612372
vn -0.430459 -0.707107 0.560986
vn -0.500000 -0.707107 0.500000
vn -0.560986 -0.707107 0.430459
vn -0.612372 -0.707107 0.353553
vn -0.653281 -0.707107 0.270598
vn -0.683013 -0.707107 0.183013
vn -0.701057 -0.707107 0.092296
vn -0.707107 -0.707107 0.000000
vn -0.701057 -0.707107 -0.092296
vn -0.683013 -0.707107 -0.183013
vn -0.653281 -0.707107 -0.270598
vn -0.612372 -0.707107 -0.353553
vn -0.560986 -0.707107 -0.430459
vn -0.500000 -0.707107 -0.500000
vn -0.430459 -0.707107 -0.560986
vn -0.353553 -0.707107 -0.612372
vn -0.270598 -0.707107 -0.653281
vn -0.183013 -0.707107 -0.683013
vn -0.092296 -0.707107 -0.701057
vn -0.000000 -0.707107 -0.707107
vn 0.092296 -0.707107 -0.701057
vn 0.183013 -0.707107 -0.683013
vn 0.270598 -0.707107 -0.653281
vn 0.353553 -0.707107 -0.612372
vn 0.430459 -0.707107 -0.560986
vn 0.500000 -0.707107 -0.500000
vn 0.560986 -0.707107 -0.430459
vn 0.612372 -0.707107 -0.353553
vn 0.653281 -0.707107 -0.270598
vn 0.683013 -0.707107 -0.183013
vn 0.701057 -0.707107 -0.092296
vn 0.707107 -0.707107 -0.000000
vn 0.608761 -0.793353 0.000000
vn 0.603553 -0.793353 0.079459
vn 0.588018 -0.793353 0.157559
vn 0.562422 -0.793353 0.232963
vn 0.527203 -0.793353 0.304381
vn 0.482963 -0.793353 0.370590
vn 0.430459 -0.793353 0.430459
vn 0.370590 -0.793353 0.482963
vn 0.304381 -0.793353 0.527203
vn 0.232963 -0.793353 0.562422
vn 0.157559 -0.793353 0.588018
vn 0.079459 -0.793353 0.603553
vn 0.000000 -0.793353 0.608761
vn -0.079459 -0.793353 0.603553
vn -0.157559 -0.793353 0.588018
vn -0.232963 -0.793353 0.562422
vn -0.304381 -0.793353 0.527203
vn -0.370590 -0.793353 0.482963
vn -0.430459 -0.793353 0.430459
vn -0.482963 -0.793353 0.370590
vn -0.527203 -0.793353 0.304381
vn -0.562422 -0.793353 0.232963
vn -0.588018 -0.793353 0.157559
vn -0.603553 -0.793353 0.079459
vn -0.608761 -0.793353 0.000000
vn -0.603553 -0.793353 -0.079459
vn -0.588018 -0.793353 -0.157559
vn -0.562422 -0.793353 -0.232963
vn -0.527203 -0.793353 -0.304381
vn -0.482963 -0.793353 -0.370590
vn -0.430459 -0.793353 -0.430459
vn -0.370590 -0.793353 -0.482963
vn -0.304381 -0.793353 -0.527203
vn -0.232963 -0.793353 -0.562422
vn -0.157559 -0.793353 -0.588018
vn -0.079459 -0.793353 -0.603553
vn -0.000000 -0.793353 -0.608761
vn 0.079459 -0.793353 -0.603553
vn 0.157559 -0.793353 -0.588018
vn 0.232963 -0.793353 -0.562422
vn 0.304381 -0.793353 -0.527203
vn 0.370590 -0.793353 -0.482963
vn 0.430459 -0.793353 -0.430459
vn 0.482963 -0.793353 -0.370590
vn 0.527203 -0.793353 -0.304381
vn 0.562422 -0.793353 -0.232963
vn 0.588018 -0.793353 -0.157559
vn 0.603553 -0.793353 -0.079459
vn 0.608761 -0.793353 -0.000000
vn 0.500000 -0.866025 0.000000
vn 0.495722 -0.866025 0.065263
vn 0.482963 -0.866025 0.129410
vn 0.461940 -0.866025 0.191342
vn 0.433013 -0.866025 0.250000
vn 0.396677 -0.866025 0.304381
vn 0.353553 -0.866025 0.353553
vn 0.304381 -0.866025 0.396677
vn 0.250000 -0.866025 0.433013
vn 0.191342 -0.866025 0.461940
vn 0.129410 -0.866025 0.482963
vn 0.065263 -0.866025 0.495722
vn 0.000000 -0.866025 0.500000
vn -0.065263 -0.866025 0.495722
vn -0.129410 -0.866025 0.482963
vn -0.191342 -0.866025 0.461940
vn -0.250000 -0.866025 0.433013
vn -0.304381 -0.866025 0.396677
vn -0.353553 -0.866025 0.353553
vn -0.396677 -0.866025 0.304381
vn -0.433013 -0.866025 0.250000
vn -0.461940 -0.866025 0.191342
vn -0.482963 -0.866025 0.129410
vn -0.495722 -0.866025 0.065263
vn -0.500000 -0.866025 0.000000
vn -0.495722 -0.866025 -0.065263
vn -0.482963 -0.866025 -0.129410
vn -0.461940 -0.866025 -0.191342
vn -0.433013 -0.866025 -0.250000
vn -0.396677 -0.866025 -0.304381
vn -0.353553 -0.866025 -0.353553
vn -0.304381 -0.866025 -0.396677
vn -0.250000 -0.866025 -0.433013
vn -0.191342 -0.866025 -0.461940
vn -0.129410 -0.866025 -0.482963
vn -0.065263 -0.866025 -0.495722
vn -0.000000 -0.866025 -0.500000
vn 0.065263 -0.866025 -0.495722
vn 0.129410 -0.866025 -0.482963
vn 0.191342 -0.866025 -0.461940
vn 0.250000 -0.866025 -0.433013
vn 0.304381 -0.866025 -0.396677
vn 0.353553 -0.866025 -0.353553
vn 0.396677 -0.866025 -0.304381
vn 0.433013 -0.866025 -0.250000
vn 0.461940 -0.866025 -0.191342
vn 0.482963 -0.866025 -0.129410
vn 0.495722 -0.866025 -0.065263
vn 0.500000 -0.866025 -0.000000
vn 0.382683 -0.923880 0.000000
vn 0.379410 -0.923880 0.049950
vn 0.369644 -0.923880 0.099046
vn 0.353553 -0.923880 0.146447
vn 0.331414 -0.923880 0.191342
vn 0.303603 -0.923880 0.232963
vn 0.270598 -0.923880 0.270598
vn 0.232963 -0.923880 0.303603
vn 0.191342 -0.923880 0.331414
vn 0.146447 -0.923880 0.353553
vn 0.099046 -0.923880 0.369644
vn 0.049950 -0.923880 0.379410
vn 0.000000 -0.923880 0.382683
vn -0.049950 -0.923880 0.379410
vn -0.099046 -0.923880 0.369644
vn -0.146447 -0.923880 0.353553
vn -0.191342 -0.923880 0.331414
vn -0.232963 -0.923880 0.303603
vn -0.270598 -0.923880 0.270598
vn -0.303603 -0.923880 0.232963
vn -0.331414 -0.923880 0.191342
vn -0.353553 -0.923880 0.146447
vn -0.369644 -0.923880 0.099046
vn -0.379410 -0.923880 0.049950
vn -0.382683 -0.923880 0.000000
vn -0.379410 -0.923880 -0.049950
vn -0.369644 -0.923880 -0.099046
vn -0.353553 -0.923880 -0.146447
vn -0.331414 -0.923880 -0.191342
vn -0.303603 -0.923880 -0.232963
vn -0.270598 -0.923880 -0.270598
vn -0.232963 -0.923880 -0.303603
vn -0.191342 -0.923880 -0.331414
vn -0.146447 -0.923880 -0.353553
vn -0.099046 -0.923880 -0.369644
vn -0.049950 -0.923880 -0.379410
vn -0.000000 -0.923880 -0.382683
vn 0.049950 -0.923880 -0.379410
vn 0.099046 -0.923880 -0.369644
vn 0.146447 -0.923880 -0.353553
vn 0.191342 -0.923880 -0.331414
vn 0.232963 -0.923880 -0.303603
vn 0.270598 -0.923880 -0.270598
vn 0.303603 -0.923880 -0.232963
vn 0.331414 -0.923880 -0.191342
vn 0.353553 -0.923880 -0.146447
vn 0.369644 -0.923880 -0.099046
vn 0.379410 -0.923880 -0.049950
vn 0.382683 -0.923880 -0.000000
vn 0.258819 -0.965926 0.000000
vn 0.256605 -0.965926 0.033783
vn 0.250000 -0.965926 0.066987
vn 0.239118 -0.965926 0.099046
vn 0.224144 -0.965926 0.129410
vn 0.205335 -0.965926 0.157559
vn 0.183013 -0.965926 0.183013
vn 0.157559 -0.965926 0.205335
vn 0.129410 -0.965926 0.224144
vn 0.099046 -0.965926 0.239118
vn 0.066987 -0.965926 0.250000
vn 0.033783 -0.965926 0.256605
vn 0.000000 -0.965926 0.258819
vn -0.033783 -0.965926 0.256605
vn -0.066987 -0.965926 0.250000
vn -0.099046 -0.965926 0.239118
vn -0.129410 -0.965926 0.224144
vn -0.157559 -0.965926 0.205335
vn -0.183013 -0.965926 0.183013
vn -0.205335 -0.965926 0.157559
vn -0.224144 -0.965926 0.129410
vn -0.239118 -0.965926 0.099046
vn -0.250000 -0.965926 0.066987
vn -0.256605 -0.965926 0.033783
vn -0.258819 -0.965926 0.000000
vn -0.256605 -0.965926 -0.033783
vn -0.250000 -0.965926 -0.066987
vn -0.239118 -0.965926 -0.099046
vn -0.224144 -0.965926 -0.129410
vn -0.205335 -0.965926 -0.157559
vn -0.183013 -0.965926 -0.183013
vn -0.157559 -0.965926 -0.205335
vn -0.129410 -0.965926 -0.224144
vn -0.099046 -0.965926 -0.239118
vn -0.066987 -0.965926 -0.250000
vn -0.033783 -0.965926 -0.256605
vn -0.000000 -0.965926 -0.258819
vn 0.033783 -0.965926 -0.256605
vn 0.066987 -0.965926 -0.250000
vn 0.099046 -0.965926 -0.239118
vn 0.129410 -0.965926 -0.224144
vn 0.157559 -0.965926 -0.205335
vn 0.183013 -0.965926 -0.183013
vn 0.205335 -0.965926 -0.157559
vn 0.224144 -0.965926 -0.129410
vn 0.239118 -0.965926 -0.099046
vn 0.250000 -0.965926 -0.066987
vn 0.256605 -0.965926 -0.033783
vn 0.258819 -0.965926 -0.000000
vn 0.130526 -0.991445 0.000000
vn 0.129410 -0.991445 0.017037
vn 0.126079 -0.991445 0.033783
vn 0.120590 -0.991445 0.049950
vn 0.113039 -0.991445 0.065263
vn 0.103553 -0.991445 0.079459
vn 0.092296 -0.991445 0.092296
vn 0.079459 -0.991445 0.103553
vn 0.065263 -0.991445 0.113039
vn 0.049950 -0.991445 0.120590
vn 0.033783 -0.991445 0.126079
vn 0.017037 -0.991445 0.129410
vn 0.000000 -0.991445 0.130526
vn -0.017037 -0.991445 0.129410
vn -0.033783 -0.991445 0.126079
vn -0.049950 -0.991445 0.120590
vn -0.065263 -0.991445 0.113039
vn -0.079459 -0.991445 0.103553
vn -0.092296 -0.991445 0.092296
vn -0.103553 -0.991445 0.079459
vn -0.113039 -0.991445 0.065263
vn -0.120590 -0.991445 0.049950
vn -0.126079 -0.991445 0.033783
vn -0.129410 -0.991445 0.017037
vn -0.130526 -0.991445 0.000000
vn -0.129410 -0.991445 -0.017037
vn -0.126079 -0.991445 -0.033783
vn -0.120590 -0.991445 -0.049950
vn -0.113039 -0.991445 -0.065263
vn -0.103553 -0.991445 -0.079459
vn -0.092296 -0.991445 -0.092296
vn -0.079459 -0.991445 -0.103553
vn -0.065263 -0.991445 -0.113039
vn -0.049950 -0.991445 -0.120590
vn -0.033783 -0.991445 -0.126079
vn -0.017037 -0.991445 -0.129410
vn -0.000000 -0.991445 -0.130526
vn 0.017037 -0.991445 -0.129410
vn 0.033783 -0.991445 -0.126079
vn 0.049950 -0.991445 -0.120590
vn 0.065263 -0.991445 -0.113039
vn 0.079459 -0.991445 -0.103553
vn 0.092296 -0.991445 -0.092296
vn 0.103553 -0.991445 -0.079459
vn 0.113039 -0.991445 -0.065263
vn 0.120590 -0.991445 -0.049950
vn 0.126079 -0.991445 -0.033783
vn 0.129410 -0.991445 -0.017037
vn 0.130526 -0.991445 -0.000000
vn 0.000000 -1.000000 0.000000
vn 0.000000 -1.000000 0.000000
vn 0.000000 -1.000000 0.000000
vn 0.000000 -1.000000 0.000000
vn 0.000000 -1.000000 0.000000
vn 0.000000 -1.000000 0.000000
vn 0.000000 -1.000000 0.000000
vn 0.000000 -1.000000 0.000000
vn 0.000000 -1.000000 0.000000
vn 0.000000 -1.000000 0.000000
vn 0.000000 -1.000000 0.000000
vn 0.000000 -1.000000 0.000000
vn 0.000000 -1.000000 0.000000
vn -0.000000 -1.000000 0.000000
vn -0.000000 -1.000000 0.000000
vn -0.000000 -1.000000 0.000000
vn -0.000000 -1.000000 0.000000
vn -0.000000 -1.000000 0.000000
vn -0.000000 -1.000000 0.000000
vn -0.000000 -1.000000 0.000000
vn -0.000000 -1.000000 0.000000
vn -0.000000 -1.000000 0.000000
vn -0.000000 -1.000000 0.000000
vn -0.000000 -1.000000 0.000000
vn -0.000000 -1.000000 0.000000
vn -0.000000 -1.000000 -0.000000
vn -0.000000 -1.000000 -0.000000
vn -0.000000 -1.000000 -0.000000
vn -0.000000 -1.000000 -0.000000
vn -0.000000 -1.000000 -0.000000
vn -0.000000 -1.000000 -0.000000
vn -0.000000 -1.000000 -0.000000
vn -0.000000 -1.000000 -0.000000
vn -0.000000 -1.000000 -0.000000
vn -0.000000 -1.000000 -0.000000
vn -0.000000 -1.000000 -0.000000
vn -0.000000 -1.000000 -0.000000
vn 0.000000 -1.000000 -0.000000
vn 0.000000 -1.000000 -0.000000
vn 0.000000 -1.000000 -0.000000
vn 0.000000 -1.000000 -0.000000
vn 0.000000 -1.000000 -0.000000
vn 0.000000 -1.000000 -0.000000
vn 0.000000 -1.000000 -0.000000
vn 0.000000 -1.000000 -0.000000
vn 0.000000 -1.000000 -0.000000
vn 0.000000 -1.000000 -0.000000
vn 0.000000 -1.000000 -0.000000
vn 0.000000 -1.000000 -0.000000
usemtl white
f 1//1 2//1 3//1
f 1//1 3//1 4//1
f 5//2 6//2 7//2
f 5//2 7//2 8//2
f 9//3 10//3 11//3
f 9//3 11//3 12//3
usemtl red
f 13//4 14//4 15//4
f 13//4 15//4 16//4
usemtl green
f 17//5 18//5 19//5
f 17//5 19//5 20//5
usemtl light
f 21//6 22//6 23//6
f 21//6 23//6 24//6
usemtl white
f 25//7 26//7 27//7
f 25//7 27//7 28//7
f 29//8 30//8 31//8
f 29//8 31//8 32//8
f 33//9 34//9 35//9
f 33//9 35//9 36//9
f 37//10 38//10 39//10
f 37//10 39//10 40//10
f 41//11 42//11 43//11
f 41//11 43//11 44//11
f 45//12 46//12 47//12
f 45//12 47//12 48//12
usemtl brass
f 98//62 99//63 50//14
f 99//63 100//64 51//15
f 100//64 101//65 52//16
f 101//65 102//66 53//17
f 102//66 103//67 54//18
f 103//67 104//68 55//19
f 104//68 105//69 56//20
f 105//69 106//70 57//21
f 106//70 107//71 58//22
f 107//71 108//72 59//23
f 108//72 109//73 60//24
f 109//73 110//74 61//25
f 110//74 111//75 62//26
f 111//75 112//76 63//27
f 112//76 113//77 64//28
f 113//77 114//78 65//29
f 114//78 115//79 66//30
f 115//79 116//80 67//31
f 116//80 117//81 68//32
f 117//81 118//82 69//33
f 118//82 119//83 70//34
f 119//83 120//84 71//35
f 120//84 121//85 72//36
f 121//85 122//86 73//37
f 122//86 123//87 74//38
f 123//87 124//88 75//39
f 124//88 125//89 76//40
f 125//89 126//90 77//41
f 126//90 127//91 78//42
f 127//91 128//92 79//43
f 128//92 129//93 80//44
f 129//93 130//94 81//45
f 130//94 131//95 82//46
f 131//95 132//96 83//47
f 132//96 133//97 84//48
f 133//97 134//98 85//49
f 134//98 135//99 86//50
f 135//99 136//100 87//51
f 136//100 137//101 88//52
f 137//101 138//102 89//53
f 138//102 139//103 90//54
f 139//103 140//104 91//55
f 140//104 141//105 92//56
f 141//105 142//106 93//57
f 142//106 143//107 94//58
f 143//107 144//108 95//59
f 144//108 145//109 96//60
f 145//109 146//110 97//61
f 98//62 147//111 99//63
f 147//111 148//112 99//63
f 99//63 148//112 100//64
f 148//112 149//113 100//64
f 100//64 149//113 101//65
f 149//113 150//114 101//65
f 101//65 150//114 102//66
f 150//114 151//115 102//66
f 102//66 151//115 103//67
f 151//115 152//116 103//67
f 103//67 152//116 104//68
f 152//116 153//117 104//68
f 104//68 153//117 105//69
f 153//117 154//118 105//69
f 105//69 154//118 106//70
f 154//118 155//119 106//70
f 106//70 155//119 107//71
f 155//119 156//120 107//71
f 107//71 156//120 108//72
f 156//120 157//121 108//72
f 108//72 157//121 109//73
f 157//121 158//122 109//73
f 109//73 158//122 110//74
f 158//122 159//123 110//74
f 110//74 159//123 111//75
f 159//123 160//124 111//75
f 111//75 160//124 112//76
f 160//124 161//125 112//76
f 112//76 161//125 113//77
f 161//125 162//126 113//77
f 113//77 162//126 114//78
f 162//126 163//127 114//78
f 114//78 163//127 115//79
f 163//127 164//128 115//79
f 115//79 164//128 116//80
f 164//128 165//129 116//80
f 116//80 165//129 117//81
f 165//129 166//130 117//81
f 117//81 166//130 118//82
f 166//130 167//131 118//82
f 118//82 167//131 119//83
f 167//131 168//132 119//83
f 119//83 168//132 120//84
f 168//132 169//133 120//84
f 120//84 169//133 121//85
f 169//133 170//134 121//85
f 121//85 170//134 122//86
f 170//134 171//135 122//86
f 122//86 171//135 123//87
f 171//135 172//136 123//87
f 123//87 172//136 124//88
f 172//136 173//137 124//88
f 124//88 173//137 125//89
f 173//137 174//138 125//89
f 125//89 174//138 126//90
f 174//138 175//139 126//90
f 126//90 175//139 127//91
f 175//139 176//140 127//91
f 127//91 176//140 128//92
f 176//140 177//141 128//92
f 128//92 177//141 129//93
f 177//141 178//142 129//93
f 129//93 178//142 130//94
f 178//142 179//143 130//94
f 130//94 179//143 131//95
f 179//143 180//144 131//95
f 131//95 180//144 132//96
f 180//144 181//145 132//96
f 132//96 181//145 133//97
f 181//145 182//146 133//97
f 133//97 182//146 134//98
f 182//146 183//147 134//98
f 134//98 183//147 135//99
f 183//147 184//148 135//99
f 135//99 184//148 136//100
f 184//148 185//149 136//100
f 136//100 185//149 137//101
f 185//149 186//150 137//101
f 137//101 186//150 138//102
f 186//150 187//151 138//102
f 138//102 187//151 139//103
f 187//151 188//152 139//103
f 139//103 188//152 140//104
f 188//152 189//153 140//104
f 140//104 189//153 141//105
f 189//153 190//154 141//105
f 141//105 190//154 142//106
f 190//154 191//155 142//106
f 142//106 191//155 143//107
f 191//155 192//156 143//107
f 143//107 192//156 144//108
f 192//156 193//157 144//108
f 144//108 193//157 145//109
f 193//157 194//158 145//109
f 145//109 194//158 146//110
f 194//158 195//159 146//110
f 147//111 196//160 148//112
f 196//160 197//161 148//112
f 148//112 197//161 149//113
f 197//161 198//162 149//113
f 149//113 198//162 150//114
f 198//162 199//163 150//114
f 150//114 199//163 151//115
f 199//163 200//164 151//115
f 151//115 200//164 152//116
f 200//164 201//165 152//116
f 152//116 201//165 153//117
f 201//165 202//166 153//117
f 153//117 202//166 154//118
f 202//166 203//167 154//118
f 154//118 203//167 155//119
f 203//167 204//168 155//119
f 155//119 204//168 156//120
f 204//168 205//169 156//120
f 156//120 205//169 157//121
f 205//169 206//170 157//121
f 157//121 206//170 158//122
f 206//170 207//171 158//122
f 158//122 207//171 159//123
f 207//171 208//172 159//123
f 159//123 208//172 160//124
f 208//172 209//173 160//124
f 160//124 209//173 161//125
f 209//173 210//174 161//125
f 161//125 210//174 162//126
f 210//174 211//175 162//126
f 162//126 211//175 163//127
f 211//175 212//176 163//127
f 163//127 212//176 164//128
f 212//176 213//177 164//128
f 164//128 213//177 165//129
f 213//177 214//178 165//129
f 165//129 214//178 166//130
f 214//178 215//179 166//130
f 166//130 215//179 167//131
f 215//179 216//180 167//131
f 167//131 216//180 168//132
f 216//180 217//181 168//132
f 168//132 217//181 169//133
f 217//181 218//182 169//133
f 169//133 218//182 170//134
f 218//182 219//183 170//134
f 170//134 219//183 171//135
f 219//183 220//184 171//135
f 171//135 220//184 172//136
f 220//184 221//185 172//136
f 172//136 221//185 173//137
f 221//185 222//186 173//137
f 173//137 222//186 174//138
f 222//186 223//187 174//138
f 174//138 223//187 175//139
f 223//187 224//188 175//139
f 175//139 224//188 176//140
f 224//188 225//189 176//140
f 176//140 225//189 177//141
f 225//189 226//190 177//141
f 177//141 226//190 178//142
f 226//190 227//191 178//142
f 178//142 227//191 179//143
f 227//191 228//192 179//143
f 179//143 228//192 180//144
f 228//192 229//193 180//144
f 180//144 229//193 181//145
f 229//193 230//194 181//145
f 181//145 230//194 182//146
f 230//194 231//195 182//146
f 182//146 231//195 183//147
f 231//195 232//196 183//147
f 183//147 232//196 184//148
f 232//196 233//197 184//148
f 184//148 233//197 185//149
f 233//197 234//198 185//149
f 185//149 234//198 186//150
f 234//198 235//199 186//150
f 186//150 235//199 187//151
f 235//199 236//200 187//151
f 187//151 236//200 188//152
f 236//200 237//201 188//152
f 188//152 237//201 189//153
f 237//201 238//202 189//153
f 189//153 238//202 190//154
f 238//202 239//203 190//154
f 190//154 239//203 191//155
f 239//203 240//204 191//155
f 191//155 240//204 192//156
f 240//204 241//205 192//156
f 192//156 241//205 193//157
f 241//205 242//206 193//157
f 193//157 242//206 194//158
f 242//206 243//207 194//158
f 194//158 243//207 195//159
f 243//207 244//208 195//159
f 196//160 245//209 197//161
f 245//209 246//210 197//161
f 197//161 246//210 198//162
f 246//210 247//211 198//162
f 198//162 247//211 199//163
f 247//211 248//212 199//163
f 199//163 248//212 200//164
f 248//212 249//213 200//164
f 200//164 249//213 201//165
f 249//213 250//214 201//165
f 201//165 250//214 202//166
f 250//214 251//215 202//166
f 202//166 251//215 203//167
f 251//215 252//216 203//167
f 203//167 252//216 204//168
f 252//216 253//217 204//168
f 204//168 253//217 205//169
f 253//217 254//218 205//169
f 205//169 254//218 206//170
f 254//218 255//219 206//170
f 206//170 255//219 207//171
f 255//219 256//220 207//171
f 207//171 256//220 208//172
f 256//220 257//221 208//172
f 208//172 257//221 209//173
f 257//221 258//222 209//173
f 209//173 258//222 210//174
f 258//222 259//223 210//174
f 210//174 259//223 211//175
f 259//223 260//224 211//175
f 211//175 260//224 212//176
f 260//224 261//225 212//176
f 212//176 261//225 213//177
f 261//225 262//226 213//177
f 213//177 262//226 214//178
f 262//226 263//227 214//178
f 214//178 263//227 215//179
f 263//227 264//228 215//179
f 215//179 264//228 216//180
f 264//228 265//229 216//180
f 216//180 265//229 217//181
f 265//229 266//230 217//181
f 217//181 266//230 218//182
f 266//230 267//231 218//182
f 218//182 267//231 219//183
f 267//231 268//232 219//183
f 219//183 268//232 220//184
f 268//232 269//233 220//184
f 220//184 269//233 221//185
f 269//233 270//234 221//185
f 221//185 270//234 222//186
f 270//234 271//235 222//186
f 222//186 271//235 223//187
f 271//235 272//236 223//187
f 223//187 272//236 224//188
f 272//236 273//237 224//188
f 224//188 273//237 225//189
f 273//237 274//238 225//189
f 225//189 274//238 226//190
f 274//238 275//239 226//190
f 226//190 275//239 227//191
f 275//239 276//240 227//191
f 227//191 276//240 228//192
f 276//240 277//241 228//192
f 228//192 277//241 229//193
f 277//241 278//242 229//193
f 229//193 278//242 230//194
f 278//242 279//243 230//194
f 230//194 279//243 231//195
f 279//243 280//244 231//195
f 231//195 280//244 232//196
f 280//244 281//245 232//196
f 232//196 281//245 233//197
f 281//245 282//246 233//197
f 233//197 282//246 234//198
f 282//246 283//247 234//198
f 234//198 283//247 235//199
f 283//247 284//248 235//199
f 235//199 284//248 236//200
f 284//248 285//249 236//200
f 236//200 285//249 237//201
f 285//249 286//250 237//201
f 237//201 286//250 238//202
f 286//250 287//251 238//202
f 238//202 287//251 239//203
f 287//251 288//252 239//203
f 239//203 288//252 240//204
f 288//252 289//253 240//204
f 240//204 289//253 241//205
f 289//253 290//254 241//205
f 241//205 290//254 242//206
f 290//254 291//255 242//206
f 242//206 291//255 243//207
f 291//255 292//256 243//207
f 243//207 292//256 244//208
f 292//256 293//257 244//208
f 245//209 294//258 246//210
f 294//258 295//259 246//210
f 246//210 295//259 247//211
f 295//259 296//260 247//211
f 247//211 296//260 248//212
f 296//260 297//261 248//212
f 248//212 297//261 249//213
f 297//261 298//262 249//213
f 249//213 298//262 250//214
f 298//262 299//263 250//214
f 250//214 299//263 251//215
f 299//263 300//264 251//215
f 251//215 300//264 252//216
f 300//264 301//265 252//216
f 252//216 301//265 253//217
f 301//265 302//266 253//217
f 253//217 302//266 254//218
f 302//266 303//267 254//218
f 254//218 303//267 255//219
f 303//267 304//268 255//219
f 255//219 304//268 256//220
f 304//268 305//269 256//220
f 256//220 305//269 257//221
f 305//269 306//270 257//221
f 257//221 306//270 258//222
f 306//270 307//271 258//222
f 258//222 307//271 259//223
f 307//271 308//272 259//223
f 259//223 308//272 260//224
f 308//272 309//273 260//224
f 260//224 309//273 261//225
f 309//273 310//274 261//225
f 261//225 310//274 262//226
f 310//274 311//275 262//226
f 262//226 311//275 263//227
f 311//275 312//276 263//227
f 263//227 312//276 264//228
f 312//276 313//277 264//228
f 264//228 313//277 265//229
f 313//277 314//278 265//229
f 265//229 314//278 266//230
f 314//278 315//279 266//230
f 266//230 315//279 267//231
f 315//279 316//280 267//231
f 267//231 316//280 268//232
f 316//280 317//281 268//232
f 268//232 317//281 269//233
f 317//281 318//282 269//233
f 269//233 318//282 270//234
f 318//282 319//283 270//234
f 270//234 319//283 271//235
f 319//283 320//284 271//235
f 271//235 320//284 272//236
f 320//284 321//285 272//236
f 272//236 321//285 273//237
f 321//285 322//286 273//237
f 273//237 322//286 274//238
f 322//286 323//287 274//238
f 274//238 323//287 275//239
f 323//287 324//288 275//239
f 275//239 324//288 276//240
f 324//288 325//289 276//240
f 276//240 325//289 277//241
f 325//289 326//290 277//241
f 277//241 326//290 278//242
f 326//290 327//291 278//242
f 278//242 327//291 279//243
f 327//291 328//292 279//243
f 279//243 328//292 280//244
f 328//292 329//293 280//244
f 280//244 329//293 281//245
f 329//293 330//294 281//245
f 281//245 330//294 282//246
f 330//294 331//295 282//246
f 282//246 331//295 283//247
f 331//295 332//296 283//247
f 283//247 332//296 284//248
f 332//296 333//297 284//248
f 284//248 333//297 285//249
f 333//297 334//298 285//249
f 285//249 334//298 286//250
f 334//298 335//299 286//250
f 286//250 335//299 287//251
f 335//299 336//300 287//251
f 287//251 336//300 288//252
f 336//300 337//301 288//252
f 288//252 337//301 289//253
f 337//301 338//302 289//253
f 289//253 338//302 290//254
f 338//302 339//303 290//254
f 290//254 339//303 291//255
f 339//303 340//304 291//255
f 291//255 340//304 292//256
f 340//304 341//305 292//256
f 292//256 341//305 293//257
f 341//305 342//306 293//257
f 294//258 343//307 295//259
f 343//307 344//308 295//259
f 295//259 344//308 296//260
f 344//308 345//309 296//260
f 296//260 345//309 297//261
f 345//309 346//310 297//261
f 297//261 346//310 298//262
f 346//310 347//311 298//262
f 298//262 347//311 299//263
f 347//311 348//312 299//263
f 299//263 348//312 300//264
f 348//312 349//313 300//264
f 300//264 349//313 301//265
f 349//313 350//314 301//265
f 301//265 350//314 302//266
f 350//314 351//315 302//266
f 302//266 351//315 303//267
f 351//315 352//316 303//267
f 303//267 352//316 304//268
f 352//316 353//317 304//268
f 304//268 353//317 305//269
f 353//317 354//318 305//269
f 305//269 354//318 306//270
f 354//318 355//319 306//270
f 306//270 355//319 307//271
f 355//319 356//320 307//271
f 307//271 356//320 308//272
f 356//320 357//321 308//272
f 308//272 357//321 309//273
f 357//321 358//322 309//273
f 309//273 358//322 310//274
f 358//322 359//323 310//274
f 310//274 359//323 311//275
f 359//323 360//324 311//275
f 311//275 360//324 312//276
f 360//324 361//325 312//276
f 312//276 361//325 313//277
f 361//325 362//326 313//277
f 313//277 362//326 314//278
f 362//326 363//327 314//278
f 314//278 363//327 315//279
f 363//327 364//328 315//279
f 315//279 364//328 316//280
f 364//328 365//329 316//280
f 316//280 365//329 317//281
f 365//329 366//330 317//281
f 317//281 366//330 318//282
f 366//330 367//331 318//282
f 318//282 367//331 319//283
f 367//331 368//332 319//283
f 319//283 368//332 320//284
f 368//332 369//333 320//284
f 320//284 369//333 321//285
f 369//333 370//334 321//285
f 321//285 370//334 322//286
f 370//334 371//335 322//286
f 322//286 371//335 323//287
f 371//335 372//336 323//287
f 323//287 372//336 324//288
f 372//336 373//337 324//288
f 324//288 373//337 325//289
f 373//337 374//338 325//289
f 325//289 374//338 326//290
f 374//338 375//339 326//290
f 326//290 375//339 327//291
f 375//339 376//340 327//291
f 327//291 376//340 328//292
f 376//340 377//341 328//292
f 328//292 377//341 329//293
f 377//341 378//342 329//293
f 329//293 378//342 330//294
f 378//342 379//343 330//294
f 330//294 379//343 331//295
f 379//343 380//344 331//295
f 331//295 380//344 332//296
f 380//344 381//345 332//296
f 332//296 381//345 333//297
f 381//345 382//346 333//297
f 333//297 382//346 334//298
f 382//346 383//347 334//298
f 334//298 383//347 335//299
f 383//347 384//348 335//299
f 335//299 384//348 336//300
f 384//348 385//349 336//300
f 336//300 385//349 337//301
f 385//349 386//350 337//301
f 337//301 386//350 338//302
f 386//350 387//351 338//302
f 338//302 387//351 339//303
f 387//351 388//352 339//303
f 339//303 388//352 340//304
f 388//352 389//353 340//304
f 340//304 389//353 341//305
f 389//353 390//354 341//305
f 341//305 390//354 342//306
f 390//354 391//355 342//306
f 343//307 392//356 344//308
f 392//356 393//357 344//308
f 344//308 393//357 345//309
f 393//357 394//358 345//309
f 345//309 394//358 346//310
f 394//358 395//359 346//310
f 346//310 395//359 347//311
f 395//359 396//360 347//311
f 347//311 396//360 348//312
f 396//360 397//361 348//312
f 348//312 397//361 349//313
f 397//361 398//362 349//313
f 349//313 398//362 350//314
f 398//362 399//363 350//314
f 350//314 399//363 351//315
f 399//363 400//364 351//315
f 351//315 400//364 352//316
f 400//364 401//365 352//316
f 352//316 401//365 353//317
f 401//365 402//366 353//317
f 353//317 402//366 354//318
f 402//366 403//367 354//318
f 354//318 403//367 355//319
f 403//367 404//368 355//319
f 355//319 404//368 356//320
f 404//368 405//369 356//320
f 356//320 405//369 357//321
f 405//369 406//370 357//321
f 357//321 406//370 358//322
f 406//370 407//371 358//322
f 358//322 407//371 359//323
f 407//371 408//372 359//323
f 359//323 408//372 360//324
f 408//372 409//373 360//324
f 360//324 409//373 361//325
f 409//373 410//374 361//325
f 361//325 410//374 362//326
f 410//374 411//375 362//326
f 362//326 411//375 363//327
f 411//375 412//376 363//327
f 363//327 412//376 364//328
f 412//376 413//377 364//328
f 364//328 413//377 365//329
f 413//377 414//378 365//329
f 365//329 414//378 366//330
f 414//378 415//379 366//330
f 366//330 415//379 367//331
f 415//379 416//380 367//331
f 367//331 416//380 368//332
f 416//380 417//381 368//332
f 368//332 417//381 369//333
f 417//381 418//382 369//333
f 369//333 418//382 370//334
f 418//382 419//383 370//334
f 370//334 419//383 371//335
f 419//383 420//384 371//335
f 371//335 420//384 372//336
f 420//384 421//385 372//336
f 372//336 421//385 373//337
f 421//385 422//386 373//337
f 373//337 422//386 374//338
f 422//386 423//387 374//338
f 374//338 423//387 375//339
f 423//387 424//388 375//339
f 375//339 424//388 376//340
f 424//388 425//389 376//340
f 376//340 425//389 377//341
f 425//389 426//390 377//341
f 377//341 426//390 378//342
f 426//390 427//391 378//342
f 378//342 427//391 379//343
f 427//391 428//392 379//343
f 379//343 428//392 380//344
f 428//392 429//393 380//344
f 380//344 429//393 381//345
f 429//393 430//394 381//345
f 381//345 430//394 382//346
f 430//394 431//395 382//346
f 382//346 431//395 383//347
f 431//395 432//396 383//347
f 383//347 432//396 384//348
f 432//396 433//397 384//348
f 384//348 433//397 385//349
f 433//397 434//398 385//349
f 385//349 434//398 386//350
f 434//398 435//399 386//350
f 386//350 435//399 387//351
f 435//399 436//400 387//351
f 387//351 436//400 388//352
f 436//400 437//401 388//352
f 388//352 437//401 389//353
f 437//401 438//402 389//353
f 389//353 438//402 390//354
f 438//402 439//403 390//354
f 390//354 439//403 391//355
f 439//403 440//404 391//355
f 392//356 441//405 393//357
f 441//405 442//406 393//357
f 393//357 442//406 394//358
f 442//406 443//407 394//358
f 394//358 443//407 395//359
f 443//407 444//408 395//359
f 395//359 444//408 396//360
f 444//408 445//409 396//360
f 396//360 445//409 397//361
f 445//409 446//410 397//361
f 397//361 446//410 398//362
f 446//410 447//411 398//362
f 398//362 447//411 399//363
f 447//411 448//412 399//363
f 399//363 448//412 400//364
f 448//412 449//413 400//364
f 400//364 449//413 401//365
f 449//413 450//414 401//365
f 401//365 450//414 402//366
f 450//414 451//415 402//366
f 402//366 451//415 403//367
f 451//415 452//416 403//367
f 403//367 452//416 404//368
f 452//416 453//417 404//368
f 404//368 453//417 405//369
f 453//417 454//418 405//369
f 405//369 454//418 406//370
f 454//418 455//419 406//370
f 406//370 455//419 407//371
f 455//419 456//420 407//371
f 407//371 456//420 408//372
f 456//420 457//421 408//372
f 408//372 457//421 409//373
f 457//421 458//422 409//373
f 409//373 458//422 410//374
f 458//422 459//423 410//374
f 410//374 459//423 411//375
f 459//423 460//424 411//375
f 411//375 460//424 412//376
f 460//424 461//425 412//376
f 412//376 461//425 413//377
f 461//425 462//426 413//377
f 413//377 462//426 414//378
f 462//426 463//427 414//378
f 414//378 463//427 415//379
f 463//427 464//428 415//379
f 415//379 464//428 416//380
f 464//428 465//429 416//380
f 416//380 465//429 417//381
f 465//429 466//430 417//381
f 417//381 466//430 418//382
f 466//430 467//431 418//382
f 418//382 467//431 419//383
f 467//431 468//432 419//383
f 419//383 468//432 420//384
f 468//432 469//433 420//384
f 420//384 469//433 421//385
f 469//433 470//434 421//385
f 421//385 470//434 422//386
f 470//434 471//435 422//386
f 422//386 471//435 423//387
f 471//435 472//436 423//387
f 423//387 472//436 424//388
f 472//436 473//437 424//388
f 424//388 473//437 425//389
f 473//437 474//438 425//389
f 425//389 474//438 426//390
f 474//438 475//439 426//390
f 426//390 475//439 427//391
f 475//439 476//440 427//391
f 427//391 476//440 428//392
f 476//440 477//441 428//392
f 428//392 477//441 429//393
f 477//441 478//442 429//393
f 429//393 478//442 430//394
f 478//442 479//443 430//394
f 430//394 479//443 431//395
f 479//443 480//444 431//395
f 431//395 480//444 432//396
f 480//444 481//445 432//396
f 432//396 481//445 433//397
f 481//445 482//446 433//397
f 433//397 482//446 434//398
f 482//446 483//447 434//398
f 434//398 483//447 435//399
f 483//447 484//448 435//399
f 435//399 484//448 436//400
f 484//448 485//449 436//400
f 436//400 485//449 437//401
f 485//449 486//450 437//401
f 437//401 486//450 438//402
f 486//450 487//451 438//402
f 438//402 487//451 439//403
f 487//451 488//452 439//403
f 439//403 488//452 440//404
f 488//452 489//453 440//404
f 441//405 490//454 442//406
f 490//454 491//455 442//406
f 442//406 491//455 443//407
f 491//455 492//456 443//407
f 443//407 492//456 444//408
f 492//456 493//457 444//408
f 444//408 493//457 445//409
f 493//457 494//458 445//409
f 445//409 494//458 446//410
f 494//458 495//459 446//410
f 446//410 495//459 447//411
f 495//459 496//460 447//411
f 447//411 496//460 448//412
f 496//460 497//461 448//412
f 448//412 497//461 449//413
f 497//461 498//462 449//413
f 449//413 498//462 450//414
f 498//462 499//463 450//414
f 450//414 499//463 451//415
f 499//463 500//464 451//415
f 451//415 500//464 452//416
f 500//464 501//465 452//416
f 452//416 501//465 453//417
f 501//465 502//466 453//417
f 453//417 502//466 454//418
f 502//466 503//467 454//418
f 454//418 503//467 455//419
f 503//467 504//468 455//419
f 455//419 504//468 456//420
f 504//468 505//469 456//420
f 456//420 505//469 457//421
f 505//469 506//470 457//421
f 457//421 506//470 458//422
f 506//470 507//471 458//422
f 458//422 507//471 459//423
f 507//471 508//472 459//423
f 459//423 508//472 460//424
f 508//472 509//473 460//424
f 460//424 509//473 461//425
f 509//473 510//474 461//425
f 461//425 510//474 462//426
f 510//474 511//475 462//426
f 462//426 511//475 463//427
f 511//475 512//476 463//427
f 463//427 512//476 464//428
f 512//476 513//477 464//428
f 464//428 513//477 465//429
f 513//477 514//478 465//429
f 465//429 514//478 466//430
f 514//478 515//479 466//430
f 466//430 515//479 467//431
f 515//479 516//480 467//431
f 467//431 516//480 468//432
f 516//480 517//481 468//432
f 468//432 517//481 469//433
f 517//481 518//482 469//433
f 469//433 518//482 470//434
f 518//482 519//483 470//434
f 470//434 519//483 471//435
f 519//483 520//484 471//435
f 471//435 520//484 472//436
f 520//484 521//485 472//436
f 472//436 521//485 473//437
f 521//485 522//486 473//437
f 473//437 522//486 474//438
f 522//486 523//487 474//438
f 474//438 523//487 475//439
f 523//487 524//488 475//439
f 475//439 524//488 476//440
f 524//488 525//489 476//440
f 476//440 525//489 477//441
f 525//489 526//490 477//441
f 477//441 526//490 478//442
f 526//490 527//491 478//442
f 478//442 527//491 479//443
f 527//491 528//492 479//443
f 479//443 528//492 480//444
f 528//492 529//493 480//444
f 480//444 529//493 481//445
f 529//493 530//494 481//445
f 481//445 530//494 482//446
f 530//494 531//495 482//446
f 482//446 531//495 483//447
f 531//495 532//496 483//447
f 483//447 532//496 484//448
f 532//496 533//497 484//448
f 484//448 533//497 485//449
f 533//497 534//498 485//449
f 485//449 534//498 486//450
f 534//498 535//499 486//450
f 486//450 535//499 487//451
f 535//499 536//500 487//451
f 487//451 536//500 488//452
f 536//500 537//501 488//452
f 488//452 537//501 489//453
f 537//501 538//502 489//453
f 490//454 539//503 491//455
f 539//503 540//504 491//455
f 491//455 540//504 492//456
f 540//504 541//505 492//456
f 492//456 541//505 493//457
f 541//505 542//506 493//457
f 493//457 542//506 494//458
f 542//506 543//507 494//458
f 494//458 543//507 495//459
f 543//507 544//508 495//459
f 495//459 544//508 496//460
f 544//508 545//509 496//460
f 496//460 545//509 497//461
f 545//509 546//510 497//461
f 497//461 546//510 498//462
f 546//510 547//511 498//462
f 498//462 547//511 499//463
f 547//511 548//512 499//463
f 499//463 548//512 500//464
f 548//512 549//513 500//464
f 500//464 549//513 501//465
f 549//513 550//514 501//465
f 501//465 550//514 502//466
f 550//514 551//515 502//466
f 502//466 551//515 503//467
f 551//515 552//516 503//467
f 503//467 552//516 504//468
f 552//516 553//517 504//468
f 504//468 553//517 505//469
f 553//517 554//518 505//469
f 505//469 554//518 506//470
f 554//518 555//519 506//470
f 506//470 555//519 507//471
f 555//519 556//520 507//471
f 507//471 556//520 508//472
f 556//520 557//521 508//472
f 508//472 557//521 509//473
f 557//521 558//522 509//473
f 509//473 558//522 510//474
f 558//522 559//523 510//474
f 510//474 559//523 511//475
f 559//523 560//524 511//475
f 511//475 560//524 512//476
f 560//524 561//525 512//476
f 512//476 561//525 513//477
f 561//525 562//526 513//477
f 513//477 562//526 514//478
f 562//526 563//527 514//478
f 514//478 563//527 515//479
f 563//527 564//528 515//479
f 515//479 564//528 516//480
f 564//528 565//529 516//480
f 516//480 565//529 517//481
f 565//529 566//530 517//481
f 517//481 566//530 518//482
f 566//530 567//531 518//482
f 518//482 567//531 519//483
f 567//531 568//532 519//483
f 519//483 568//532 520//484
f 568//532 569//533 520//484
f 520//484 569//533 521//485
f 569//533 570//534 521//485
f 521//485 570//534 522//486
f 570//534 571//535 522//486
f 522//486 571//535 523//487
f 571//535 572//536 523//487
f 523//487 572//536 524//488
f 572//536 573//537 524//488
f 524//488 573//537 525//489
f 573//537 574//538 525//489
f 525//489 574//538 526//490
f 574//538 575//539 526//490
f 526//490 575//539 527//491
f 575//539 576//540 527//491
f 527//491 576//540 528//492
f 576//540 577//541 528//492
f 528//492 577//541 529//493
f 577//541 578//542 529//493
f 529//493 578//542 530//494
f 578//542 579//543 530//494
f 530//494 579//543 531//495
f 579//543 580//544 531//495
f 531//495 580//544 532//496
f 580//544 581//545 532//496
f 532//496 581//545 533//497
f 581//545 582//546 533//497
f 533//497 582//546 534//498
f 582//546 583//547 534//498
f 534//498 583//547 535//499
f 583//547 584//548 535//499
f 535//499 584//548 536//500
f 584//548 585//549 536//500
f 536//500 585//549 537//501
f 585//549 586//550 537//501
f 537//501 586//550 538//502
f 586//550 587//551 538//502
f 539//503 588//552 540//504
f 588//552 589//553 540//504
f 540//504 589//553 541//505
f 589//553 590//554 541//505
f 541//505 590//554 542//506
f 590//554 591//555 542//506
f 542//506 591//555 543//507
f 591//555 592//556 543//507
f 543//507 592//556 544//508
f 592//556 593//557 544//508
f 544//508 593//557 545//509
f 593//557 594//558 545//509
f 545//509 594//558 546//510
f 594//558 595//559 546//510
f 546//510 595//559 547//511
f 595//559 596//560 547//511
f 547//511 596//560 548//512
f 596//560 597//561 548//512
f 548//512 597//561 549//513
f 597//561 598//562 549//513
f 549//513 598//562 550//514
f 598//562 599//563 550//514
f 550//514 599//563 551//515
f 599//563 600//564 551//515
f 551//515 600//564 552//516
f 600//564 601//565 552//516
f 552//516 601//565 553//517
f 601//565 602//566 553//517
f 553//517 602//566 554//518
f 602//566 603//567 554//518
f 554//518 603//567 555//519
f 603//567 604//568 555//519
f 555//519 604//568 556//520
f 604//568 605//569 556//520
f 556//520 605//569 557//521
f 605//569 606//570 557//521
f 557//521 606//570 558//522
f 606//570 607//571 558//522
f 558//522 607//571 559//523
f 607//571 608//572 559//523
f 559//523 608//572 560//524
f 608//572 609//573 560//524
f 560//524 609//573 561//525
f 609//573 610//574 561//525
f 561//525 610//574 562//526
f 610//574 611//575 562//526
f 562//526 611//575 563//527
f 611//575 612//576 563//527
f 563//527 612//576 564//528
f 612//576 613//577 564//528
f 564//528 613//577 565//529
f 613//577 614//578 565//529
f 565//529 614//578 566//530
f 614//578 615//579 566//530
f 566//530 615//579 567//531
f 615//579 616//580 567//531
f 567//531 616//580 568//532
f 616//580 617//581 568//532
f 568//532 617//581 569//533
f 617//581 618//582 569//533
f 569//533 618//582 570//534
f 618//582 619//583 570//534
f 570//534 619//583 571//535
f 619//583 620//584 571//535
f 571//535 620//584 572//536
f 620//584 621//585 572//536
f 572//536 621//585 573//537
f 621//585 622//586 573//537
f 573//537 622//586 574//538
f 622//586 623//587 574//538
f 574//538 623//587 575//539
f 623//587 624//588 575//539
f 575//539 624//588 576//540
f 624//588 625//589 576//540
f 576//540 625//589 577//541
f 625//589 626//590 577//541
f 577//541 626//590 578//542
f 626//590 627//591 578//542
f 578//542 627//591 579//543
f 627//591 628//592 579//543
f 579//543 628//592 580//544
f 628//592 629//593 580//544
f 580//544 629//593 581//545
f 629//593 630//594 581//545
f 581//545 630//594 582//546
f 630//594 631//595 582//546
f 582//546 631//595 583//547
f 631//595 632//596 583//547
f 583//547 632//596 584//548
f 632//596 633//597 584//548
f 584//548 633//597 585//549
f 633//597 634//598 585//549
f 585//549 634//598 586//550
f 634//598 635//599 586//550
f 586//550 635//599 587//551
f 635//599 636//600 587//551
f 588//552 637//601 589//553
f 637//601 638//602 589//553
f 589//553 638//602 590//554
f 638//602 639//603 590//554
f 590//554 639//603 591//555
f 639//603 640//604 591//555
f 591//555 640//604 592//556
f 640//604 641//605 592//556
f 592//556 641//605 593//557
f 641//605 642//606 593//557
f 593//557 642//606 594//558
f 642//606 643//607 594//558
f 594//558 643//607 595//559
f 643//607 644//608 595//559
f 595//559 644//608 596//560
f 644//608 645//609 596//560
f 596//560 645//609 597//561
f 645//609 646//610 597//561
f 597//561 646//610 598//562
f 646//610 647//611 598//562
f 598//562 647//611 599//563
f 647//611 648//612 599//563
f 599//563 648//612 600//564
f 648//612 649//613 600//564
f 600//564 649//613 601//565
f 649//613 650//614 601//565
f 601//565 650//614 602//566
f 650//614 651//615 602//566
f 602//566 651//615 603//567
f 651//615 652//616 603//567
f 603//567 652//616 604//568
f 652//616 653//617 604//568
f 604//568 653//617 605//569
f 653//617 654//618 605//569
f 605//569 654//618 606//570
f 654//618 655//619 606//570
f 606//570 655//619 607//571
f 655//619 656//620 607//571
f 607//571 656//620 608//572
f 656//620 657//621 608//572
f 608//572 657//621 609//573
f 657//621 658//622 609//573
f 609//573 658//622 610//574
f 658//622 659//623 610//574
f 610//574 659//623 611//575
f 659//623 660//624 611//575
f 611//575 660//624 612//576
f 660//624 661//625 612//576
f 612//576 661//625 613//577
f 661//625 662//626 613//577
f 613//577 662//626 614//578
f 662//626 663//627 614//578
f 614//578 663//627 615//579
f 663//627 664//628 615//579
f 615//579 664//628 616//580
f 664//628 665//629 616//580
f 616//580 665//629 617//581
f 665//629 666//630 617//581
f 617//581 666//630 618//582
f 666//630 667//631 618//582
f 618//582 667//631 619//583
f 667//631 668//632 619//583
f 619//583 668//632 620//584
f 668//632 669//633 620//584
f 620//584 669//633 621//585
f 669//633 670//634 621//585
f 621//585 670//634 622//586
f 670//634 671//635 622//586
f 622//586 671//635 623//587
f 671//635 672//636 623//587
f 623//587 672//636 624//588
f 672//636 673//637 624//588
f 624//588 673//637 625//589
f 673//637 674//638 625//589
f 625//589 674//638 626//590
f 674//638 675//639 626//590
f 626//590 675//639 627//591
f 675//639 676//640 627//591
f 627//591 676//640 628//592
f 676//640 677//641 628//592
f 628//592 677//641 629//593
f 677//641 678//642 629//593
f 629//593 678//642 630//594
f 678//642 679//643 630//594
f 630//594 679//643 631//595
f 679//643 680//644 631//595
f 631//595 680//644 632//596
f 680//644 681//645 632//596
f 632//596 681//645 633//597
f 681//645 682//646 633//597
f 633//597 682//646 634//598
f 682//646 683//647 634//598
f 634//598 683//647 635//599
f 683//647 684//648 635//599
f 635//599 684//648 636//600
f 684//648 685//649 636//600
f 637//601 686//650 638//602
f 686//650 687//651 638//602
f 638//602 687//651 639//603
f 687//651 688//652 639//603
f 639//603 688//652 640//604
f 688//652 689//653 640//604
f 640//604 689//653 641//605
f 689//653 690//654 641//605
f 641//605 690//654 642//606
f 690//654 691//655 642//606
f 642//606 691//655 643//607
f 691//655 692//656 643//607
f 643//607 692//656 644//608
f 692//656 693//657 644//608
f 644//608 693//657 645//609
f 693//657 694//658 645//609
f 645//609 694//658 646//610
f 694//658 695//659 646//610
f 646//610 695//659 647//611
f 695//659 696//660 647//611
f 647//611 696//660 648//612
f 696//660 697//661 648//612
f 648//612 697//661 649//613
f 697//661 698//662 649//613
f 649//613 698//662 650//614
f 698//662 699//663 650//614
f 650//614 699//663 651//615
f 699//663 700//664 651//615
f 651//615 700//664 652//616
f 700//664 701//665 652//616
f 652//616 701//665 653//617
f 701//665 702//666 653//617
f 653//617 702//666 654//618
f 702//666 703//667 654//618
f 654//618 703//667 655//619
f 703//667 704//668 655//619
f 655//619 704//668 656//620
f 704//668 705//669 656//620
f 656//620 705//669 657//621
f 705//669 706//670 657//621
f 657//621 706//670 658//622
f 706//670 707//671 658//622
f 658//622 707//671 659//623
f 707//671 708//672 659//623
f 659//623 708//672 660//624
f 708//672 709//673 660//624
f 660//624 709//673 661//625
f 709//673 710//674 661//625
f 661//625 710//674 662//626
f 710//674 711//675 662//626
f 662//626 711//675 663//627
f 711//675 712//676 663//627
f 663//627 712//676 664//628
f 712//676 713//677 664//628
f 664//628 713//677 665//629
f 713//677 714//678 665//629
f 665//629 714//678 666//630
f 714//678 715//679 666//630
f 666//630 715//679 667//631
f 715//679 716//680 667//631
f 667//631 716//680 668//632
f 716//680 717//681 668//632
f 668//632 717//681 669//633
f 717//681 718//682 669//633
f 669//633 718//682 670//634
f 718//682 719//683 670//634
f 670//634 719//683 671//635
f 719//683 720//684 671//635
f 671//635 720//684 672//636
f 720//684 721//685 672//636
f 672//636 721//685 673//637
f 721//685 722//686 673//637
f 673//637 722//686 674//638
f 722//686 723//687 674//638
f 674//638 723//687 675//639
f 723//687 724//688 675//639
f 675//639 724//688 676//640
f 724//688 725//689 676//640
f 676//640 725//689 677//641
f 725//689 726//690 677//641
f 677//641 726//690 678//642
f 726//690 727//691 678//642
f 678//642 727//691 679//643
f 727//691 728//692 679//643
f 679//643 728//692 680//644
f 728//692 729//693 680//644
f 680//644 729//693 681//645
f 729//693 730//694 681//645
f 681//645 730//694 682//646
f 730//694 731//695 682//646
f 682//646 731//695 683//647
f 731//695 732//696 683//647
f 683//647 732//696 684//648
f 732//696 733//697 684//648
f 684//648 733//697 685//649
f 733//697 734//698 685//649
f 686//650 735//699 687//651
f 735//699 736//700 687//651
f 687//651 736//700 688//652
f 736//700 737//701 688//652
f 688//652 737//701 689//653
f 737//701 738//702 689//653
f 689//653 738//702 690//654
f 738//702 739//703 690//654
f 690//654 739//703 691//655
f 739//703 740//704 691//655
f 691//655 740//704 692//656
f 740//704 741//705 692//656
f 692//656 741//705 693//657
f 741//705 742//706 693//657
f 693//657 742//706 694//658
f 742//706 743//707 694//658
f 694//658 743//707 695//659
f 743//707 744//708 695//659
f 695//659 744//708 696//660
f 744//708 745//709 696//660
f 696//660 745//709 697//661
f 745//709 746//710 697//661
f 697//661 746//710 698//662
f 746//710 747//711 698//662
f 698//662 747//711 699//663
f 747//711 748//712 699//663
f 699//663 748//712 700//664
f 748//712 749//713 700//664
f 700//664 749//713 701//665
f 749//713 750//714 701//665
f 701//665 750//714 702//666
f 750//714 751//715 702//666
f 702//666 751//715 703//667
f 751//715 752//716 703//667
f 703//667 752//716 704//668
f 752//716 753//717 704//668
f 704//668 753//717 705//669
f 753//717 754//718 705//669
f 705//669 754//718 706//670
f 754//718 755//719 706//670
f 706//670 755//719 707//671
f 755//719 756//720 707//671
f 707//671 756//720 708//672
f 756//720 757//721 708//672
f 708//672 757//721 709//673
f 757//721 758//722 709//673
f 709//673 758//722 710//674
f 758//722 759//723 710//674
f 710//674 759//723 711//675
f 759//723 760//724 711//675
f 711//675 760//724 712//676
f 760//724 761//725 712//676
f 712//676 761//725 713//677
f 761//725 762//726 713//677
f 713//677 762//726 714//678
f 762//726 763//727 714//678
f 714//678 763//727 715//679
f 763//727 764//728 715//679
f 715//679 764//728 716//680
f 764//728 765//729 716//680
f 716//680 765//729 717//681
f 765//729 766//730 717//681
f 717//681 766//730 718//682
f 766//730 767//731 718//682
f 718//682 767//731 719//683
f 767//731 768//732 719//683
f 719//683 768//732 720//684
f 768//732 769//733 720//684
f 720//684 769//733 721//685
f 769//733 770//734 721//685
f 721//685 770//734 722//686
f 770//734 771//735 722//686
f 722//686 771//735 723//687
f 771//735 772//736 723//687
f 723//687 772//736 724//688
f 772//736 773//737 724//688
f 724//688 773//737 725//689
f 773//737 774//738 725//689
f 725//689 774//738 726//690
f 774//738 775//739 726//690
f 726//690 775//739 727//691
f 775//739 776//740 727//691
f 727//691 776//740 728//692
f 776//740 777//741 728//692
f 728//692 777//741 729//693
f 777//741 778//742 729//693
f 729//693 778//742 730//694
f 778//742 779//743 730//694
f 730//694 779//743 731//695
f 779//743 780//744 731//695
f 731//695 780//744 732//696
f 780//744 781//745 732//696
f 732//696 781//745 733//697
f 781//745 782//746 733//697
f 733//697 782//746 734//698
f 782//746 783//747 734//698
f 735//699 784//748 736//700
f 784//748 785//749 736//700
f 736//700 785//749 737//701
f 785//749 786//750 737//701
f 737//701 786//750 738//702
f 786//750 787//751 738//702
f 738//702 787//751 739//703
f 787//751 788//752 739//703
f 739//703 788//752 740//704
f 788//752 789//753 740//704
f 740//704 789//753 741//705
f 789//753 790//754 741//705
f 741//705 790//754 742//706
f 790//754 791//755 742//706
f 742//706 791//755 743//707
f 791//755 792//756 743//707
f 743//707 792//756 744//708
f 792//756 793//757 744//708
f 744//708 793//757 745//709
f 793//757 794//758 745//709
f 745//709 794//758 746//710
f 794//758 795//759 746//710
f 746//710 795//759 747//711
f 795//759 796//760 747//711
f 747//711 796//760 748//712
f 796//760 797//761 748//712
f 748//712 797//761 749//713
f 797//761 798//762 749//713
f 749//713 798//762 750//714
f 798//762 799//763 750//714
f 750//714 799//763 751//715
f 799//763 800//764 751//715
f 751//715 800//764 752//716
f 800//764 801//765 752//716
f 752//716 801//765 753//717
f 801//765 802//766 753//717
f 753//717 802//766 754//718
f 802//766 803//767 754//718
f 754//718 803//767 755//719
f 803//767 804//768 755//719
f 755//719 804//768 756//720
f 804//768 805//769 756//720
f 756//720 805//769 757//721
f 805//769 806//770 757//721
f 757//721 806//770 758//722
f 806//770 807//771 758//722
f 758//722 807//771 759//723
f 807//771 808//772 759//723
f 759//723 808//772 760//724
f 808//772 809//773 760//724
f 760//724 809//773 761//725
f 809//773 810//774 761//725
f 761//725 810//774 762//726
f 810//774 811//775 762//726
f 762//726 811//775 763//727
f 811//775 812//776 763//727
f 763//727 812//776 764//728
f 812//776 813//777 764//728
f 764//728 813//777 765//729
f 813//777 814//778 765//729
f 765//729 814//778 766//730
f 814//778 815//779 766//730
f 766//730 815//779 767//731
f 815//779 816//780 767//731
f 767//731 816//780 768//732
f 816//780 817//781 768//732
f 768//732 817//781 769//733
f 817//781 818//782 769//733
f 769//733 818//782 770//734
f 818//782 819//783 770//734
f 770//734 819//783 771//735
f 819//783 820//784 771//735
f 771//735 820//784 772//736
f 820//784 821//785 772//736
f 772//736 821//785 773//737
f 821//785 822//786 773//737
f 773//737 822//786 774//738
f 822//786 823//787 774//738
f 774//738 823//787 775//739
f 823//787 824//788 775//739
f 775//739 824//788 776//740
f 824//788 825//789 776//740
f 776//740 825//789 777//741
f 825//789 826//790 777//741
f 777//741 826//790 778//742
f 826//790 827//791 778//742
f 778//742 827//791 779//743
f 827//791 828//792 779//743
f 779//743 828//792 780//744
f 828//792 829//793 780//744
f 780//744 829//793 781//745
f 829//793 830//794 781//745
f 781//745 830//794 782//746
f 830//794 831//795 782//746
f 782//746 831//795 783//747
f 831//795 832//796 783//747
f 784//748 833//797 785//749
f 833//797 834//798 785//749
f 785//749 834//798 786//750
f 834//798 835//799 786//750
f 786//750 835//799 787//751
f 835//799 836//800 787//751
f 787//751 836//800 788//752
f 836//800 837//801 788//752
f 788//752 837//801 789//753
f 837//801 838//802 789//753
f 789//753 838//802 790//754
f 838//802 839//803 790//754
f 790//754 839//803 791//755
f 839//803 840//804 791//755
f 791//755 840//804 792//756
f 840//804 841//805 792//756
f 792//756 841//805 793//757
f 841//805 842//806 793//757
f 793//757 842//806 794//758
f 842//806 843//807 794//758
f 794//758 843//807 795//759
f 843//807 844//808 795//759
f 795//759 844//808 796//760
f 844//808 845//809 796//760
f 796//760 845//809 797//761
f 845//809 846//810 797//761
f 797//761 846//810 798//762
f 846//810 847//811 798//762
f 798//762 847//811 799//763
f 847//811 848//812 799//763
f 799//763 848//812 800//764
f 848//812 849//813 800//764
f 800//764 849//813 801//765
f 849//813 850//814 801//765
f 801//765 850//814 802//766
f 850//814 851//815 802//766
f 802//766 851//815 803//767
f 851//815 852//816 803//767
f 803//767 852//816 804//768
f 852//816 853//817 804//768
f 804//768 853//817 805//769
f 853//817 854//818 805//769
f 805//769 854//818 806//770
f 854//818 855//819 806//770
f 806//770 855//819 807//771
f 855//819 856//820 807//771
f 807//771 856//820 808//772
f 856//820 857//821 808//772
f 808//772 857//821 809//773
f 857//821 858//822 809//773
f 809//773 858//822 810//774
f 858//822 859//823 810//774
f 810//774 859//823 811//775
f 859//823 860//824 811//775
f 811//775 860//824 812//776
f 860//824 861//825 812//776
f 812//776 861//825 813//777
f 861//825 862//826 813//777
f 813//777 862//826 814//778
f 862//826 863//827 814//778
f 814//778 863//827 815//779
f 863//827 864//828 815//779
f 815//779 864//828 816//780
f 864//828 865//829 816//780
f 816//780 865//829 817//781
f 865//829 866//830 817//781
f 817//781 866//830 818//782
f 866//830 867//831 818//782
f 818//782 867//831 819//783
f 867//831 868//832 819//783
f 819//783 868//832 820//784
f 868//832 869//833 820//784
f 820//784 869//833 821//785
f 869//833 870//834 821//785
f 821//785 870//834 822//786
f 870//834 871//835 822//786
f 822//786 871//835 823//787
f 871//835 872//836 823//787
f 823//787 872//836 824//788
f 872//836 873//837 824//788
f 824//788 873//837 825//789
f 873//837 874//838 825//789
f 825//789 874//838 826//790
f 874//838 875//839 826//790
f 826//790 875//839 827//791
f 875//839 876//840 827//791
f 827//791 876//840 828//792
f 876//840 877//841 828//792
f 828//792 877//841 829//793
f 877//841 878//842 829//793
f 829//793 878//842 830//794
f 878//842 879//843 830//794
f 830//794 879//843 831//795
f 879//843 880//844 831//795
f 831//795 880//844 832//796
f 880//844 881//845 832//796
f 833//797 882//846 834//798
f 882//846 883//847 834//798
f 834//798 883//847 835//799
f 883//847 884//848 835//799
f 835//799 884//848 836//800
f 884//848 885//849 836//800
f 836//800 885//849 837//801
f 885//849 886//850 837//801
f 837//801 886//850 838//802
f 886//850 887//851 838//802
f 838//802 887//851 839//803
f 887//851 888//852 839//803
f 839//803 888//852 840//804
f 888//852 889//853 840//804
f 840//804 889//853 841//805
f 889//853 890//854 841//805
f 841//805 890//854 842//806
f 890//854 891//855 842//806
f 842//806 891//855 843//807
f 891//855 892//856 843//807
f 843//807 892//856 844//808
f 892//856 893//857 844//808
f 844//808 893//857 845//809
f 893//857 894//858 845//809
f 845//809 894//858 846//810
f 894//858 895//859 846//810
f 846//810 895//859 847//811
f 895//859 896//860 847//811
f 847//811 896//860 848//812
f 896//860 897//861 848//812
f 848//812 897//861 849//813
f 897//861 898//862 849//813
f 849//813 898//862 850//814
f 898//862 899//863 850//814
f 850//814 899//863 851//815
f 899//863 900//864 851//815
f 851//815 900//864 852//816
f 900//864 901//865 852//816
f 852//816 901//865 853//817
f 901//865 902//866 853//817
f 853//817 902//866 854//818
f 902//866 903//867 854//818
f 854//818 903//867 855//819
f 903//867 904//868 855//819
f 855//819 904//868 856//820
f 904//868 905//869 856//820
f 856//820 905//869 857//821
f 905//869 906//870 857//821
f 857//821 906//870 858//822
f 906//870 907//871 858//822
f 858//822 907//871 859//823
f 907//871 908//872 859//823
f 859//823 908//872 860//824
f 908//872 909//873 860//824
f 860//824 909//873 861//825
f 909//873 910//874 861//825
f 861//825 910//874 862//826
f 910//874 911//875 862//826
f 862//826 911//875 863//827
f 911//875 912//876 863//827
f 863//827 912//876 864//828
f 912//876 913//877 864//828
f 864//828 913//877 865//829
f 913//877 914//878 865//829
f 865//829 914//878 866//830
f 914//878 915//879 866//830
f 866//830 915//879 867//831
f 915//879 916//880 867//831
f 867//831 916//880 868//832
f 916//880 917//881 868//832
f 868//832 917//881 869//833
f 917//881 918//882 869//833
f 869//833 918//882 870//834
f 918//882 919//883 870//834
f 870//834 919//883 871//835
f 919//883 920//884 871//835
f 871//835 920//884 872//836
f 920//884 921//885 872//836
f 872//836 921//885 873//837
f 921//885 922//886 873//837
f 873//837 922//886 874//838
f 922//886 923//887 874//838
f 874//838 923//887 875//839
f 923//887 924//888 875//839
f 875//839 924//888 876//840
f 924//888 925//889 876//840
f 876//840 925//889 877//841
f 925//889 926//890 877//841
f 877//841 926//890 878//842
f 926//890 927//891 878//842
f 878//842 927//891 879//843
f 927//891 928//892 879//843
f 879//843 928//892 880//844
f 928//892 929//893 880//844
f 880//844 929//893 881//845
f 929//893 930//894 881//845
f 882//846 931//895 883//847
f 931//895 932//896 883//847
f 883//847 932//896 884//848
f 932//896 933//897 884//848
f 884//848 933//897 885//849
f 933//897 934//898 885//849
f 885//849 934//898 886//850
f 934//898 935//899 886//850
f 886//850 935//899 887//851
f 935//899 936//900 887//851
f 887//851 936//900 888//852
f 936//900 937//901 888//852
f 888//852 937//901 889//853
f 937//901 938//902 889//853
f 889//853 938//902 890//854
f 938//902 939//903 890//854
f 890//854 939//903 891//855
f 939//903 940//904 891//855
f 891//855 940//904 892//856
f 940//904 941//905 892//856
f 892//856 941//905 893//857
f 941//905 942//906 893//857
f 893//857 942//906 894//858
f 942//906 943//907 894//858
f 894//858 943//907 895//859
f 943//907 944//908 895//859
f 895//859 944//908 896//860
f 944//908 945//909 896//860
f 896//860 945//909 897//861
f 945//909 946//910 897//861
f 897//861 946//910 898//862
f 946//910 947//911 898//862
f 898//862 947//911 899//863
f 947//911 948//912 899//863
f 899//863 948//912 900//864
f 948//912 949//913 900//864
f 900//864 949//913 901//865
f 949//913 950//914 901//865
f 901//865 950//914 902//866
f 950//914 951//915 902//866
f 902//866 951//915 903//867
f 951//915 952//916 903//867
f 903//867 952//916 904//868
f 952//916 953//917 904//868
f 904//868 953//917 905//869
f 953//917 954//918 905//869
f 905//869 954//918 906//870
f 954//918 955//919 906//870
f 906//870 955//919 907//871
f 955//919 956//920 907//871
f 907//871 956//920 908//872
f 956//920 957//921 908//872
f 908//872 957//921 909//873
f 957//921 958//922 909//873
f 909//873 958//922 910//874
f 958//922 959//923 910//874
f 910//874 959//923 911//875
f 959//923 960//924 911//875
f 911//875 960//924 912//876
f 960//924 961//925 912//876
f 912//876 961//925 913//877
f 961//925 962//926 913//877
f 913//877 962//926 914//878
f 962//926 963//927 914//878
f 914//878 963//927 915//879
f 963//927 964//928 915//879
f 915//879 964//928 916//880
f 964//928 965//929 916//880
f 916//880 965//929 917//881
f 965//929 966//930 917//881
f 917//881 966//930 918//882
f 966//930 967//931 918//882
f 918//882 967//931 919//883
f 967//931 968//932 919//883
f 919//883 968//932 920//884
f 968//932 969//933 920//884
f 920//884 969//933 921//885
f 969//933 970//934 921//885
f 921//885 970//934 922//886
f 970//934 971//935 922//886
f 922//886 971//935 923//887
f 971//935 972//936 923//887
f 923//887 972//936 924//888
f 972//936 973//937 924//888
f 924//888 973//937 925//889
f 973//937 974//938 925//889
f 925//889 974//938 926//890
f 974//938 975//939 926//890
f 926//890 975//939 927//891
f 975//939 976//940 927//891
f 927//891 976//940 928//892
f 976//940 977//941 928//892
f 928//892 977//941 929//893
f 977//941 978//942 929//893
f 929//893 978//942 930//894
f 978//942 979//943 930//894
f 931//895 980//944 932//896
f 980//944 981//945 932//896
f 932//896 981//945 933//897
f 981//945 982//946 933//897
f 933//897 982//946 934//898
f 982//946 983//947 934//898
f 934//898 983//947 935//899
f 983//947 984//948 935//899
f 935//899 984//948 936//900
f 984//948 985//949 936//900
f 936//900 985//949 937//901
f 985//949 986//950 937//901
f 937//901 986//950 938//902
f 986//950 987//951 938//902
f 938//902 987//951 939//903
f 987//951 988//952 939//903
f 939//903 988//952 940//904
f 988//952 989//953 940//904
f 940//904 989//953 941//905
f 989//953 990//954 941//905
f 941//905 990//954 942//906
f 990//954 991//955 942//906
f 942//906 991//955 943//907
f 991//955 992//956 943//907
f 943//907 992//956 944//908
f 992//956 993//957 944//908
f 944//908 993//957 945//909
f 993//957 994//958 945//909
f 945//909 994//958 946//910
f 994//958 995//959 946//910
f 946//910 995//959 947//911
f 995//959 996//960 947//911
f 947//911 996//960 948//912
f 996//960 997//961 948//912
f 948//912 997//961 949//913
f 997//961 998//962 949//913
f 949//913 998//962 950//914
f 998//962 999//963 950//914
f 950//914 999//963 951//915
f 999//963 1000//964 951//915
f 951//915 1000//964 952//916
f 1000//964 1001//965 952//916
f 952//916 1001//965 953//917
f 1001//965 1002//966 953//917
f 953//917 1002//966 954//918
f 1002//966 1003//967 954//918
f 954//918 1003//967 955//919
f 1003//967 1004//968 955//919
f 955//919 1004//968 956//920
f 1004//968 1005//969 956//920
f 956//920 1005//969 957//921
f 1005//969 1006//970 957//921
f 957//921 1006//970 958//922
f 1006//970 1007//971 958//922
f 958//922 1007//971 959//923
f 1007//971 1008//972 959//923
f 959//923 1008//972 960//924
f 1008//972 1009//973 960//924
f 960//924 1009//973 961//925
f 1009//973 1010//974 961//925
f 961//925 1010//974 962//926
f 1010//974 1011//975 962//926
f 962//926 1011//975 963//927
f 1011//975 1012//976 963//927
f 963//927 1012//976 964//928
f 1012//976 1013//977 964//928
f 964//928 1013//977 965//929
f 1013//977 1014//978 965//929
f 965//929 1014//978 966//930
f 1014//978 1015//979 966//930
f 966//930 1015//979 967//931
f 1015//979 1016//980 967//931
f 967//931 1016//980 968//932
f 1016//980 1017//981 968//932
f 968//932 1017//981 969//933
f 1017//981 1018//982 969//933
f 969//933 1018//982 970//934
f 1018//982 1019//983 970//934
f 970//934 1019//983 971//935
f 1019//983 1020//984 971//935
f 971//935 1020//984 972//936
f 1020//984 1021//985 972//936
f 972//936 1021//985 973//937
f 1021//985 1022//986 973//937
f 973//937 1022//986 974//938
f 1022//986 1023//987 974//938
f 974//938 1023//987 975//939
f 1023//987 1024//988 975//939
f 975//939 1024//988 976//940
f 1024//988 1025//989 976//940
f 976//940 1025//989 977//941
f 1025//989 1026//990 977//941
f 977//941 1026//990 978//942
f 1026//990 1027//991 978//942
f 978//942 1027//991 979//943
f 1027//991 1028//992 979//943
f 980//944 1029//993 981//945
f 1029//993 1030//994 981//945
f 981//945 1030//994 982//946
f 1030//994 1031//995 982//946
f 982//946 1031//995 983//947
f 1031//995 1032//996 983//947
f 983//947 1032//996 984//948
f 1032//996 1033//997 984//948
f 984//948 1033//997 985//949
f 1033//997 1034//998 985//949
f 985//949 1034//998 986//950
f 1034//998 1035//999 986//950
f 986//950 1035//999 987//951
f 1035//999 1036//1000 987//951
f 987//951 1036//1000 988//952
f 1036//1000 1037//1001 988//952
f 988//952 1037//1001 989//953
f 1037//1001 1038//1002 989//953
f 989//953 1038//1002 990//954
f 1038//1002 1039//1003 990//954
f 990//954 1039//1003 991//955
f 1039//1003 1040//1004 991//955
f 991//955 1040//1004 992//956
f 1040//1004 1041//1005 992//956
f 992//956 1041//1005 993//957
f 1041//1005 1042//1006 993//957
f 993//957 1042//1006 994//958
f 1042//1006 1043//1007 994//958
f 994//958 1043//1007 995//959
f 1043//1007 1044//1008 995//959
f 995//959 1044//1008 996//960
f 1044//1008 1045//1009 996//960
f 996//960 1045//1009 997//961
f 1045//1009 1046//1010 997//961
f 997//961 1046//1010 998//962
f 1046//1010 1047//1011 998//962
f 998//962 1047//1011 999//963
f 1047//1011 1048//1012 999//963
f 999//963 1048//1012 1000//964
f 1048//1012 1049//1013 1000//964
f 1000//964 1049//1013 1001//965
f 1049//1013 1050//1014 1001//965
f 1001//965 1050//1014 1002//966
f 1050//1014 1051//1015 1002//966
f 1002//966 1051//1015 1003//967
f 1051//1015 1052//1016 1003//967
f 1003//967 1052//1016 1004//968
f 1052//1016 1053//1017 1004//968
f 1004//968 1053//1017 1005//969
f 1053//1017 1054//1018 1005//969
f 1005//969 1054//1018 1006//970
f 1054//1018 1055//1019 1006//970
f 1006//970 1055//1019 1007//971
f 1055//1019 1056//1020 1007//971
f 1007//971 1056//1020 1008//972
f 1056//1020 1057//1021 1008//972
f 1008//972 1057//1021 1009//973
f 1057//1021 1058//1022 1009//973
f 1009//973 1058//1022 1010//974
f 1058//1022 1059//1023 1010//974
f 1010//974 1059//1023 1011//975
f 1059//1023 1060//1024 1011//975
f 1011//975 1060//1024 1012//976
f 1060//1024 1061//1025 1012//976
f 1012//976 1061//1025 1013//977
f 1061//1025 1062//1026 1013//977
f 1013//977 1062//1026 1014//978
f 1062//1026 1063//1027 1014//978
f 1014//978 1063//1027 1015//979
f 1063//1027 1064//1028 1015//979
f 1015//979 1064//1028 1016//980
f 1064//1028 1065//1029 1016//980
f 1016//980 1065//1029 1017//981
f 1065//1029 1066//1030 1017//981
f 1017//981 1066//1030 1018//982
f 1066//1030 1067//1031 1018//982
f 1018//982 1067//1031 1019//983
f 1067//1031 1068//1032 1019//983
f 1019//983 1068//1032 1020//984
f 1068//1032 1069//1033 1020//984
f 1020//984 1069//1033 1021//985
f 1069//1033 1070//1034 1021//985
f 1021//985 1070//1034 1022//986
f 1070//1034 1071//1035 1022//986
f 1022//986 1071//1035 1023//987
f 1071//1035 1072//1036 1023//987
f 1023//987 1072//1036 1024//988
f 1072//1036 1073//1037 1024//988
f 1024//988 1073//1037 1025//989
f 1073//1037 1074//1038 1025//989
f 1025//989 1074//1038 1026//990
f 1074//1038 1075//1039 1026//990
f 1026//990 1075//1039 1027//991
f 1075//1039 1076//1040 1027//991
f 1027//991 1076//1040 1028//992
f 1076//1040 1077//1041 1028//992
f 1029//993 1078//1042 1030//994
f 1078//1042 1079//1043 1030//994
f 1030//994 1079//1043 1031//995
f 1079//1043 1080//1044 1031//995
f 1031//995 1080//1044 1032//996
f 1080//1044 1081//1045 1032//996
f 1032//996 1081//1045 1033//997
f 1081//1045 1082//1046 1033//997
f 1033//997 1082//1046 1034//998
f 1082//1046 1083//1047 1034//998
f 1034//998 1083//1047 1035//999
f 1083//1047 1084//1048 1035//999
f 1035//999 1084//1048 1036//1000
f 1084//1048 1085//1049 1036//1000
f 1036//1000 1085//1049 1037//1001
f 1085//1049 1086//1050 1037//1001
f 1037//1001 1086//1050 1038//1002
f 1086//1050 1087//1051 1038//1002
f 1038//1002 1087//1051 1039//1003
f 1087//1051 1088//1052 1039//1003
f 1039//1003 1088//1052 1040//1004
f 1088//1052 1089//1053 1040//1004
f 1040//1004 1089//1053 1041//1005
f 1089//1053 1090//1054 1041//1005
f 1041//1005 1090//1054 1042//1006
f 1090//1054 1091//1055 1042//1006
f 1042//1006 1091//1055 1043//1007
f 1091//1055 1092//1056 1043//1007
f 1043//1007 1092//1056 1044//1008
f 1092//1056 1093//1057 1044//1008
f 1044//1008 1093//1057 1045//1009
f 1093//1057 1094//1058 1045//1009
f 1045//1009 1094//1058 1046//1010
f 1094//1058 1095//1059 1046//1010
f 1046//1010 1095//1059 1047//1011
f 1095//1059 1096//1060 1047//1011
f 1047//1011 1096//1060 1048//1012
f 1096//1060 1097//1061 1048//1012
f 1048//1012 1097//1061 1049//1013
f 1097//1061 1098//1062 1049//1013
f 1049//1013 1098//1062 1050//1014
f 1098//1062 1099//1063 1050//1014
f 1050//1014 1099//1063 1051//1015
f 1099//1063 1100//1064 1051//1015
f 1051//1015 1100//1064 1052//1016
f 1100//1064 1101//1065 1052//1016
f 1052//1016 1101//1065 1053//1017
f 1101//1065 1102//1066 1053//1017
f 1053//1017 1102//1066 1054//1018
f 1102//1066 1103//1067 1054//1018
f 1054//1018 1103//1067 1055//1019
f 1103//1067 1104//1068 1055//1019
f 1055//1019 1104//1068 1056//1020
f 1104//1068 1105//1069 1056//1020
f 1056//1020 1105//1069 1057//1021
f 1105//1069 1106//1070 1057//1021
f 1057//1021 1106//1070 1058//1022
f 1106//1070 1107//1071 1058//1022
f 1058//1022 1107//1071 1059//1023
f 1107//1071 1108//1072 1059//1023
f 1059//1023 1108//1072 1060//1024
f 1108//1072 1109//1073 1060//1024
f 1060//1024 1109//1073 1061//1025
f 1109//1073 1110//1074 1061//1025
f 1061//1025 1110//1074 1062//1026
f 1110//1074 1111//1075 1062//1026
f 1062//1026 1111//1075 1063//1027
f 1111//1075 1112//1076 1063//1027
f 1063//1027 1112//1076 1064//1028
f 1112//1076 1113//1077 1064//1028
f 1064//1028 1113//1077 1065//1029
f 1113//1077 1114//1078 1065//1029
f 1065//1029 1114//1078 1066//1030
f 1114//1078 1115//1079 1066//1030
f 1066//1030 1115//1079 1067//1031
f 1115//1079 1116//1080 1067//1031
f 1067//1031 1116//1080 1068//1032
f 1116//1080 1117//1081 1068//1032
f 1068//1032 1117//1081 1069//1033
f 1117//1081 1118//1082 1069//1033
f 1069//1033 1118//1082 1070//1034
f 1118//1082 1119//1083 1070//1034
f 1070//1034 1119//1083 1071//1035
f 1119//1083 1120//1084 1071//1035
f 1071//1035 1120//1084 1072//1036
f 1120//1084 1121//1085 1072//1036
f 1072//1036 1121//1085 1073//1037
f 1121//1085 1122//1086 1073//1037
f 1073//1037 1122//1086 1074//1038
f 1122//1086 1123//1087 1074//1038
f 1074//1038 1123//1087 1075//1039
f 1123//1087 1124//1088 1075//1039
f 1075//1039 1124//1088 1076//1040
f 1124//1088 1125//1089 1076//1040
f 1076//1040 1125//1089 1077//1041
f 1125//1089 1126//1090 1077//1041
f 1078//1042 1127//1091 1079//1043
f 1127//1091 1128//1092 1079//1043
f 1079//1043 1128//1092 1080//1044
f 1128//1092 1129//1093 1080//1044
f 1080//1044 1129//1093 1081//1045
f 1129//1093 1130//1094 1081//1045
f 1081//1045 1130//1094 1082//1046
f 1130//1094 1131//1095 1082//1046
f 1082//1046 1131//1095 1083//1047
f 1131//1095 1132//1096 1083//1047
f 1083//1047 1132//1096 1084//1048
f 1132//1096 1133//1097 1084//1048
f 1084//1048 1133//1097 1085//1049
f 1133//1097 1134//1098 1085//1049
f 1085//1049 1134//1098 1086//1050
f 1134//1098 1135//1099 1086//1050
f 1086//1050 1135//1099 1087//1051
f 1135//1099 1136//1100 1087//1051
f 1087//1051 1136//1100 1088//1052
f 1136//1100 1137//1101 1088//1052
f 1088//1052 1137//1101 1089//1053
f 1137//1101 1138//1102 1089//1053
f 1089//1053 1138//1102 1090//1054
f 1138//1102 1139//1103 1090//1054
f 1090//1054 1139//1103 1091//1055
f 1139//1103 1140//1104 1091//1055
f 1091//1055 1140//1104 1092//1056
f 1140//1104 1141//1105 1092//1056
f 1092//1056 1141//1105 1093//1057
f 1141//1105 1142//1106 1093//1057
f 1093//1057 1142//1106 1094//1058
f 1142//1106 1143//1107 1094//1058
f 1094//1058 1143//1107 1095//1059
f 1143//1107 1144//1108 1095//1059
f 1095//1059 1144//1108 1096//1060
f 1144//1108 1145//1109 1096//1060
f 1096//1060 1145//1109 1097//1061
f 1145//1109 1146//1110 1097//1061
f 1097//1061 1146//1110 1098//1062
f 1146//1110 1147//1111 1098//1062
f 1098//1062 1147//1111 1099//1063
f 1147//1111 1148//1112 1099//1063
f 1099//1063 1148//1112 1100//1064
f 1148//1112 1149//1113 1100//1064
f 1100//1064 1149//1113 1101//1065
f 1149//1113 1150//1114 1101//1065
f 1101//1065 1150//1114 1102//1066
f 1150//1114 1151//1115 1102//1066
f 1102//1066 1151//1115 1103//1067
f 1151//1115 1152//1116 1103//1067
f 1103//1067 1152//1116 1104//1068
f 1152//1116 1153//1117 1104//1068
f 1104//1068 1153//1117 1105//1069
f 1153//1117 1154//1118 1105//1069
f 1105//1069 1154//1118 1106//1070
f 1154//1118 1155//1119 1106//1070
f 1106//1070 1155//1119 1107//1071
f 1155//1119 1156//1120 1107//1071
f 1107//1071 1156//1120 1108//1072
f 1156//1120 1157//1121 1108//1072
f 1108//1072 1157//1121 1109//1073
f 1157//1121 1158//1122 1109//1073
f 1109//1073 1158//1122 1110//1074
f 1158//1122 1159//1123 1110//1074
f 1110//1074 1159//1123 1111//1075
f 1159//1123 1160//1124 1111//1075
f 1111//1075 1160//1124 1112//1076
f 1160//1124 1161//1125 1112//1076
f 1112//1076 1161//1125 1113//1077
f 1161//1125 1162//1126 1113//1077
f 1113//1077 1162//1126 1114//1078
f 1162//1126 1163//1127 1114//1078
f 1114//1078 1163//1127 1115//1079
f 1163//1127 1164//1128 1115//1079
f 1115//1079 1164//1128 1116//1080
f 1164//1128 1165//1129 1116//1080
f 1116//1080 1165//1129 1117//1081
f 1165//1129 1166//1130 1117//1081
f 1117//1081 1166//1130 1118//1082
f 1166//1130 1167//1131 1118//1082
f 1118//1082 1167//1131 1119//1083
f 1167//1131 1168//1132 1119//1083
f 1119//1083 1168//1132 1120//1084
f 1168//1132 1169//1133 1120//1084
f 1120//1084 1169//1133 1121//1085
f 1169//1133 1170//1134 1121//1085
f 1121//1085 1170//1134 1122//1086
f 1170//1134 1171//1135 1122//1086
f 1122//1086 1171//1135 1123//1087
f 1171//1135 1172//1136 1123//1087
f 1123//1087 1172//1136 1124//1088
f 1172//1136 1173//1137 1124//1088
f 1124//1088 1173//1137 1125//1089
f 1173//1137 1174//1138 1125//1089
f 1125//1089 1174//1138 1126//1090
f 1174//1138 1175//1139 1126//1090
f 1127//1091 1176//1140 1128//1092
f 1176//1140 1177//1141 1128//1092
f 1128//1092 1177//1141 1129//1093
f 1177//1141 1178//1142 1129//1093
f 1129//1093 1178//1142 1130//1094
f 1178//1142 1179//1143 1130//1094
f 1130//1094 1179//1143 1131//1095
f 1179//1143 1180//1144 1131//1095
f 1131//1095 1180//1144 1132//1096
f 1180//1144 1181//1145 1132//1096
f 1132//1096 1181//1145 1133//1097
f 1181//1145 1182//1146 1133//1097
f 1133//1097 1182//1146 1134//1098
f 1182//1146 1183//1147 1134//1098
f 1134//1098 1183//1147 1135//1099
f 1183//1147 1184//1148 1135//1099
f 1135//1099 1184//1148 1136//1100
f 1184//1148 1185//1149 1136//1100
f 1136//1100 1185//1149 1137//1101
f 1185//1149 1186//1150 1137//1101
f 1137//1101 1186//1150 1138//1102
f 1186//1150 1187//1151 1138//1102
f 1138//1102 1187//1151 1139//1103
f 1187//1151 1188//1152 1139//1103
f 1139//1103 1188//1152 1140//1104
f 1188//1152 1189//1153 1140//1104
f 1140//1104 1189//1153 1141//1105
f 1189//1153 1190//1154 1141//1105
f 1141//1105 1190//1154 1142//1106
f 1190//1154 1191//1155 1142//1106
f 1142//1106 1191//1155 1143//1107
f 1191//1155 1192//1156 1143//1107
f 1143//1107 1192//1156 1144//1108
f 1192//1156 1193//1157 1144//1108
f 1144//1108 1193//1157 1145//1109
f 1193//1157 1194//1158 1145//1109
f 1145//1109 1194//1158 1146//1110
f 1194//1158 1195//1159 1146//1110
f 1146//1110 1195//1159 1147//1111
f 1195//1159 1196//1160 1147//1111
f 1147//1111 1196//1160 1148//1112
f 1196//1160 1197//1161 1148//1112
f 1148//1112 1197//1161 1149//1113
f 1197//1161 1198//1162 1149//1113
f 1149//1113 1198//1162 1150//1114
f 1198//1162 1199//1163 1150//1114
f 1150//1114 1199//1163 1151//1115
f 1199//1163 1200//1164 1151//1115
f 1151//1115 1200//1164 1152//1116
f 1200//1164 1201//1165 1152//1116
f 1152//1116 1201//1165 1153//1117
f 1201//1165 1202//1166 1153//1117
f 1153//1117 1202//1166 1154//1118
f 1202//1166 1203//1167 1154//1118
f 1154//1118 1203//1167 1155//1119
f 1203//1167 1204//1168 1155//1119
f 1155//1119 1204//1168 1156//1120
f 1204//1168 1205//1169 1156//1120
f 1156//1120 1205//1169 1157//1121
f 1205//1169 1206//1170 1157//1121
f 1157//1121 1206//1170 1158//1122
f 1206//1170 1207//1171 1158//1122
f 1158//1122 1207//1171 1159//1123
f 1207//1171 1208//1172 1159//1123
f 1159//1123 1208//1172 1160//1124
f 1208//1172 1209//1173 1160//1124
f 1160//1124 1209//1173 1161//1125
f 1209//1173 1210//1174 1161//1125
f 1161//1125 1210//1174 1162//1126
f 1210//1174 1211//1175 1162//1126
f 1162//1126 1211//1175 1163//1127
f 1211//1175 1212//1176 1163//1127
f 1163//1127 1212//1176 1164//1128
f 1212//1176 1213//1177 1164//1128
f 1164//1128 1213//1177 1165//1129
f 1213//1177 1214//1178 1165//1129
f 1165//1129 1214//1178 1166//1130
f 1214//1178 1215//1179 1166//1130
f 1166//1130 1215//1179 1167//1131
f 1215//1179 1216//1180 1167//1131
f 1167//1131 1216//1180 1168//1132
f 1216//1180 1217//1181 1168//1132
f 1168//1132 1217//1181 1169//1133
f 1217//1181 1218//1182 1169//1133
f 1169//1133 1218//1182 1170//1134
f 1218//1182 1219//1183 1170//1134
f 1170//1134 1219//1183 1171//1135
f 1219//1183 1220//1184 1171//1135
f 1171//1135 1220//1184 1172//1136
f 1220//1184 1221//1185 1172//1136
f 1172//1136 1221//1185 1173//1137
f 1221//1185 1222//1186 1173//1137
f 1173//1137 1222//1186 1174//1138
f 1222//1186 1223//1187 1174//1138
f 1174//1138 1223//1187 1175//1139
f 1223//1187 1224//1188 1175//1139
f 1176//1140 1225//1189 1177//1141
f 1177//1141 1226//1190 1178//1142
f 1178//1142 1227//1191 1179//1143
f 1179//1143 1228//1192 1180//1144
f 1180//1144 1229//1193 1181//1145
f 1181//1145 1230//1194 1182//1146
f 1182//1146 1231//1195 1183//1147
f 1183//1147 1232//1196 1184//1148
f 1184//1148 1233//1197 1185//1149
f 1185//1149 1234//1198 1186//1150
f 1186//1150 1235//1199 1187//1151
f 1187//1151 1236//1200 1188//1152
f 1188//1152 1237//1201 1189//1153
f 1189//1153 1238//1202 1190//1154
f 1190//1154 1239//1203 1191//1155
f 1191//1155 1240//1204 1192//1156
f 1192//1156 1241//1205 1193//1157
f 1193//1157 1242//1206 1194//1158
f 1194//1158 1243//1207 1195//1159
f 1195//1159 1244//1208 1196//1160
f 1196//1160 1245//1209 1197//1161
f 1197//1161 1246//1210 1198//1162
f 1198//1162 1247//1211 1199//1163
f 1199//1163 1248//1212 1200//1164
f 1200//1164 1249//1213 1201//1165
f 1201//1165 1250//1214 1202//1166
f 1202//1166 1251//1215 1203//1167
f 1203//1167 1252//1216 1204//1168
f 1204//1168 1253//1217 1205//1169
f 1205//1169 1254//1218 1206//1170
f 1206//1170 1255//1219 1207//1171
f 1207//1171 1256//1220 1208//1172
f 1208//1172 1257//1221 1209//1173
f 1209//1173 1258//1222 1210//1174
f 1210//1174 1259//1223 1211//1175
f 1211//1175 1260//1224 1212//1176
f 1212//1176 1261//1225 1213//1177
f 1213//1177 1262//1226 1214//1178
f 1214//1178 1263//1227 1215//1179
f 1215//1179 1264//1228 1216//1180
f 1216//1180 1265//1229 1217//1181
f 1217//1181 1266//1230 1218//1182
f 1218//1182 1267//1231 1219//1183
f 1219//1183 1268//1232 1220//1184
f 1220//1184 1269//1233 1221//1185
f 1221//1185 1270//1234 1222//1186
f 1222//1186 1271//1235 1223//1187
f 1223//1187 1272//1236 1224//1188
usemtl glass
f 1323//1287 1324//1288 1275//1239
f 1324//1288 1325//1289 1276//1240
f 1325//1289 1326//1290 1277//1241
f 1326//1290 1327//1291 1278//1242
f 1327//1291 1328//1292 1279//1243
f 1328//1292 1329//1293 1280//1244
f 1329//1293 1330//1294 1281//1245
f 1330//1294 1331//1295 1282//1246
f 1331//1295 1332//1296 1283//1247
f 1332//1296 1333//1297 1284//1248
f 1333//1297 1334//1298 1285//1249
f 1334//1298 1335//1299 1286//1250
f 1335//1299 1336//1300 1287//1251
f 1336//1300 1337//1301 1288//1252
f 1337//1301 1338//1302 1289//1253
f 1338//1302 1339//1303 1290//1254
f 1339//1303 1340//1304 1291//1255
f 1340//1304 1341//1305 1292//1256
f 1341//1305 1342//1306 1293//1257
f 1342//1306 1343//1307 1294//1258
f 1343//1307 1344//1308 1295//1259
f 1344//1308 1345//1309 1296//1260
f 1345//1309 1346//1310 1297//1261
f 1346//1310 1347//1311 1298//1262
f 1347//1311 1348//1312 1299//1263
f 1348//1312 1349//1313 1300//1264
f 1349//1313 1350//1314 1301//1265
f 1350//1314 1351//1315 1302//1266
f 1351//1315 1352//1316 1303//1267
f 1352//1316 1353//1317 1304//1268
f 1353//1317 1354//1318 1305//1269
f 1354//1318 1355//1319 1306//1270
f 1355//1319 1356//1320 1307//1271
f 1356//1320 1357//1321 1308//1272
f 1357//1321 1358//1322 1309//1273
f 1358//1322 1359//1323 1310//1274
f 1359//1323 1360//1324 1311//1275
f 1360//1324 1361//1325 1312//1276
f 1361//1325 1362//1326 1313//1277
f 1362//1326 1363//1327 1314//1278
f 1363//1327 1364//1328 1315//1279
f 1364//1328 1365//1329 1316//1280
f 1365//1329 1366//1330 1317//1281
f 1366//1330 1367//1331 1318//1282
f 1367//1331 1368//1332 1319//1283
f 1368//1332 1369//1333 1320//1284
f 1369//1333 1370//1334 1321//1285
f 1370//1334 1371//1335 1322//1286
f 1323//1287 1372//1336 1324//1288
f 1372//1336 1373//1337 1324//1288
f 1324//1288 1373//1337 1325//1289
f 1373//1337 1374//1338 1325//1289
f 1325//1289 1374//1338 1326//1290
f 1374//1338 1375//1339 1326//1290
f 1326//1290 1375//1339 1327//1291
f 1375//1339 1376//1340 1327//1291
f 1327//1291 1376//1340 1328//1292
f 1376//1340 1377//1341 1328//1292
f 1328//1292 1377//1341 1329//1293
f 1377//1341 1378//1342 1329//1293
f 1329//1293 1378//1342 1330//1294
f 1378//1342 1379//1343 1330//1294
f 1330//1294 1379//1343 1331//1295
f 1379//1343 1380//1344 1331//1295
f 1331//1295 1380//1344 1332//1296
f 1380//1344 1381//1345 1332//1296
f 1332//1296 1381//1345 1333//1297
f 1381//1345 1382//1346 1333//1297
f 1333//1297 1382//1346 1334//1298
f 1382//1346 1383//1347 1334//1298
f 1334//1298 1383//1347 1335//1299
f 1383//1347 1384//1348 1335//1299
f 1335//1299 1384//1348 1336//1300
f 1384//1348 1385//1349 1336//1300
f 1336//1300 1385//1349 1337//1301
f 1385//1349 1386//1350 1337//1301
f 1337//1301 1386//1350 1338//1302
f 1386//1350 1387//1351 1338//1302
f 1338//1302 1387//1351 1339//1303
f 1387//1351 1388//1352 1339//1303
f 1339//1303 1388//1352 1340//1304
f 1388//1352 1389//1353 1340//1304
f 1340//1304 1389//1353 1341//1305
f 1389//1353 1390//1354 1341//1305
f 1341//1305 1390//1354 1342//1306
f 1390//1354 1391//1355 1342//1306
f 1342//1306 1391//1355 1343//1307
f 1391//1355 1392//1356 1343//1307
f 1343//1307 1392//1356 1344//1308
f 1392//1356 1393//1357 1344//1308
f 1344//1308 1393//1357 1345//1309
f 1393//1357 1394//1358 1345//1309
f 1345//1309 1394//1358 1346//1310
f 1394//1358 1395//1359 1346//1310
f 1346//1310 1395//1359 1347//1311
f 1395//1359 1396//1360 1347//1311
f 1347//1311 1396//1360 1348//1312
f 1396//1360 1397//1361 1348//1312
f 1348//1312 1397//1361 1349//1313
f 1397//1361 1398//1362 1349//1313
f 1349//1313 1398//1362 1350//1314
f 1398//1362 1399//1363 1350//1314
f 1350//1314 1399//1363 1351//1315
f 1399//1363 1400//1364 1351//1315
f 1351//1315 1400//1364 1352//1316
f 1400//1364 1401//1365 1352//1316
f 1352//1316 1401//1365 1353//1317
f 1401//1365 1402//1366 1353//1317
f 1353//1317 1402//1366 1354//1318
f 1402//1366 1403//1367 1354//1318
f 1354//1318 1403//1367 1355//1319
f 1403//1367 1404//1368 1355//1319
f 1355//1319 1404//1368 1356//1320
f 1404//1368 1405//1369 1356//1320
f 1356//1320 1405//1369 1357//1321
f 1405//1369 1406//1370 1357//1321
f 1357//1321 1406//1370 1358//1322
f 1406//1370 1407//1371 1358//1322
f 1358//1322 1407//1371 1359//1323
f 1407//1371 1408//1372 1359//1323
f 1359//1323 1408//1372 1360//1324
f 1408//1372 1409//1373 1360//1324
f 1360//1324 1409//1373 1361//1325
f 1409//1373 1410//1374 1361//1325
f 1361//1325 1410//1374 1362//1326
f 1410//1374 1411//1375 1362//1326
f 1362//1326 1411//1375 1363//1327
f 1411//1375 1412//1376 1363//1327
f 1363//1327 1412//1376 1364//1328
f 1412//1376 1413//1377 1364//1328
f 1364//1328 1413//1377 1365//1329
f 1413//1377 1414//1378 1365//1329
f 1365//1329 1414//1378 1366//1330
f 1414//1378 1415//1379 1366//1330
f 1366//1330 1415//1379 1367//1331
f 1415//1379 1416//1380 1367//1331
f 1367//1331 1416//1380 1368//1332
f 1416//1380 1417//1381 1368//1332
f 1368//1332 1417//1381 1369//1333
f 1417//1381 1418//1382 1369//1333
f 1369//1333 1418//1382 1370//1334
f 1418//1382 1419//1383 1370//1334
f 1370//1334 1419//1383 1371//1335
f 1419//1383 1420//1384 1371//1335
f 1372//1336 1421//1385 1373//1337
f 1421//1385 1422//1386 1373//1337
f 1373//1337 1422//1386 1374//1338
f 1422//1386 1423//1387 1374//1338
f 1374//1338 1423//1387 1375//1339
f 1423//1387 1424//1388 1375//1339
f 1375//1339 1424//1388 1376//1340
f 1424//1388 1425//1389 1376//1340
f 1376//1340 1425//1389 1377//1341
f 1425//1389 1426//1390 1377//1341
f 1377//1341 1426//1390 1378//1342
f 1426//1390 1427//1391 1378//1342
f 1378//1342 1427//1391 1379//1343
f 1427//1391 1428//1392 1379//1343
f 1379//1343 1428//1392 1380//1344
f 1428//1392 1429//1393 1380//1344
f 1380//1344 1429//1393 1381//1345
f 1429//1393 1430//1394 1381//1345
f 1381//1345 1430//1394 1382//1346
f 1430//1394 1431//1395 1382//1346
f 1382//1346 1431//1395 1383//1347
f 1431//1395 1432//1396 1383//1347
f 1383//1347 1432//1396 1384//1348
f 1432//1396 1433//1397 1384//1348
f 1384//1348 1433//1397 1385//1349
f 1433//1397 1434//1398 1385//1349
f 1385//1349 1434//1398 1386//1350
f 1434//1398 1435//1399 1386//1350
f 1386//1350 1435//1399 1387//1351
f 1435//1399 1436//1400 1387//1351
f 1387//1351 1436//1400 1388//1352
f 1436//1400 1437//1401 1388//1352
f 1388//1352 1437//1401 1389//1353
f 1437//1401 1438//1402 1389//1353
f 1389//1353 1438//1402 1390//1354
f 1438//1402 1439//1403 1390//1354
f 1390//1354 1439//1403 1391//1355
f 1439//1403 1440//1404 1391//1355
f 1391//1355 1440//1404 1392//1356
f 1440//1404 1441//1405 1392//1356
f 1392//1356 1441//1405 1393//1357
f 1441//1405 1442//1406 1393//1357
f 1393//1357 1442//1406 1394//1358
f 1442//1406 1443//1407 1394//1358
f 1394//1358 1443//1407 1395//1359
f 1443//1407 1444//1408 1395//1359
f 1395//1359 1444//1408 1396//1360
f 1444//1408 1445//1409 1396//1360
f 1396//1360 1445//1409 1397//1361
f 1445//1409 1446//1410 1397//1361
f 1397//1361 1446//1410 1398//1362
f 1446//1410 1447//1411 1398//1362
f 1398//1362 1447//1411 1399//1363
f 1447//1411 1448//1412 1399//1363
f 1399//1363 1448//1412 1400//1364
f 1448//1412 1449//1413 1400//1364
f 1400//1364 1449//1413 1401//1365
f 1449//1413 1450//1414 1401//1365
f 1401//1365 1450//1414 1402//1366
f 1450//1414 1451//1415 1402//1366
f 1402//1366 1451//1415 1403//1367
f 1451//1415 1452//1416 1403//1367
f 1403//1367 1452//1416 1404//1368
f 1452//1416 1453//1417 1404//1368
f 1404//1368 1453//1417 1405//1369
f 1453//1417 1454//1418 1405//1369
f 1405//1369 1454//1418 1406//1370
f 1454//1418 1455//1419 1406//1370
f 1406//1370 1455//1419 1407//1371
f 1455//1419 1456//1420 1407//1371
f 1407//1371 1456//1420 1408//1372
f 1456//1420 1457//1421 1408//1372
f 1408//1372 1457//1421 1409//1373
f 1457//1421 1458//1422 1409//1373
f 1409//1373 1458//1422 1410//1374
f 1458//1422 1459//1423 1410//1374
f 1410//1374 1459//1423 1411//1375
f 1459//1423 1460//1424 1411//1375
f 1411//1375 1460//1424 1412//1376
f 1460//1424 1461//1425 1412//1376
f 1412//1376 1461//1425 1413//1377
f 1461//1425 1462//1426 1413//1377
f 1413//1377 1462//1426 1414//1378
f 1462//1426 1463//1427 1414//1378
f 1414//1378 1463//1427 1415//1379
f 1463//1427 1464//1428 1415//1379
f 1415//1379 1464//1428 1416//1380
f 1464//1428 1465//1429 1416//1380
f 1416//1380 1465//1429 1417//1381
f 1465//1429 1466//1430 1417//1381
f 1417//1381 1466//1430 1418//1382
f 1466//1430 1467//1431 1418//1382
f 1418//1382 1467//1431 1419//1383
f 1467//1431 1468//1432 1419//1383
f 1419//1383 1468//1432 1420//1384
f 1468//1432 1469//1433 1420//1384
f 1421//1385 1470//1434 1422//1386
f 1470//1434 1471//1435 1422//1386
f 1422//1386 1471//1435 1423//1387
f 1471//1435 1472//1436 1423//1387
f 1423//1387 1472//1436 1424//1388
f 1472//1436 1473//1437 1424//1388
f 1424//1388 1473//1437 1425//1389
f 1473//1437 1474//1438 1425//1389
f 1425//1389 1474//1438 1426//1390
f 1474//1438 1475//1439 1426//1390
f 1426//1390 1475//1439 1427//1391
f 1475//1439 1476//1440 1427//1391
f 1427//1391 1476//1440 1428//1392
f 1476//1440 1477//1441 1428//1392
f 1428//1392 1477//1441 1429//1393
f 1477//1441 1478//1442 1429//1393
f 1429//1393 1478//1442 1430//1394
f 1478//1442 1479//1443 1430//1394
f 1430//1394 1479//1443 1431//1395
f 1479//1443 1480//1444 1431//1395
f 1431//1395 1480//1444 1432//1396
f 1480//1444 1481//1445 1432//1396
f 1432//1396 1481//1445 1433//1397
f 1481//1445 1482//1446 1433//1397
f 1433//1397 1482//1446 1434//1398
f 1482//1446 1483//1447 1434//1398
f 1434//1398 1483//1447 1435//1399
f 1483//1447 1484//1448 1435//1399
f 1435//1399 1484//1448 1436//1400
f 1484//1448 1485//1449 1436//1400
f 1436//1400 1485//1449 1437//1401
f 1485//1449 1486//1450 1437//1401
f 1437//1401 1486//1450 1438//1402
f 1486//1450 1487//1451 1438//1402
f 1438//1402 1487//1451 1439//1403
f 1487//1451 1488//1452 1439//1403
f 1439//1403 1488//1452 1440//1404
f 1488//1452 1489//1453 1440//1404
f 1440//1404 1489//1453 1441//1405
f 1489//1453 1490//1454 1441//1405
f 1441//1405 1490//1454 1442//1406
f 1490//1454 1491//1455 1442//1406
f 1442//1406 1491//1455 1443//1407
f 1491//1455 1492//1456 1443//1407
f 1443//1407 1492//1456 1444//1408
f 1492//1456 1493//1457 1444//1408
f 1444//1408 1493//1457 1445//1409
f 1493//1457 1494//1458 1445//1409
f 1445//1409 1494//1458 1446//1410
f 1494//1458 1495//1459 1446//1410
f 1446//1410 1495//1459 1447//1411
f 1495//1459 1496//1460 1447//1411
f 1447//1411 1496//1460 1448//1412
f 1496//1460 1497//1461 1448//1412
f 1448//1412 1497//1461 1449//1413
f 1497//1461 1498//1462 1449//1413
f 1449//1413 1498//1462 1450//1414
f 1498//1462 1499//1463 1450//1414
f 1450//1414 1499//1463 1451//1415
f 1499//1463 1500//1464 1451//1415
f 1451//1415 1500//1464 1452//1416
f 1500//1464 1501//1465 1452//1416
f 1452//1416 1501//1465 1453//1417
f 1501//1465 1502//1466 1453//1417
f 1453//1417 1502//1466 1454//1418
f 1502//1466 1503//1467 1454//1418
f 1454//1418 1503//1467 1455//1419
f 1503//1467 1504//1468 1455//1419
f 1455//1419 1504//1468 1456//1420
f 1504//1468 1505//1469 1456//1420
f 1456//1420 1505//1469 1457//1421
f 1505//1469 1506//1470 1457//1421
f 1457//1421 1506//1470 1458//1422
f 1506//1470 1507//1471 1458//1422
f 1458//1422 1507//1471 1459//1423
f 1507//1471 1508//1472 1459//1423
f 1459//1423 1508//1472 1460//1424
f 1508//1472 1509//1473 1460//1424
f 1460//1424 1509//1473 1461//1425
f 1509//1473 1510//1474 1461//1425
f 1461//1425 1510//1474 1462//1426
f 1510//1474 1511//1475 1462//1426
f 1462//1426 1511//1475 1463//1427
f 1511//1475 1512//1476 1463//1427
f 1463//1427 1512//1476 1464//1428
f 1512//1476 1513//1477 1464//1428
f 1464//1428 1513//1477 1465//1429
f 1513//1477 1514//1478 1465//1429
f 1465//1429 1514//1478 1466//1430
f 1514//1478 1515//1479 1466//1430
f 1466//1430 1515//1479 1467//1431
f 1515//1479 1516//1480 1467//1431
f 1467//1431 1516//1480 1468//1432
f 1516//1480 1517//1481 1468//1432
f 1468//1432 1517//1481 1469//1433
f 1517//1481 1518//1482 1469//1433
f 1470//1434 1519//1483 1471//1435
f 1519//1483 1520//1484 1471//1435
f 1471//1435 1520//1484 1472//1436
f 1520//1484 1521//1485 1472//1436
f 1472//1436 1521//1485 1473//1437
f 1521//1485 1522//1486 1473//1437
f 1473//1437 1522//1486 1474//1438
f 1522//1486 1523//1487 1474//1438
f 1474//1438 1523//1487 1475//1439
f 1523//1487 1524//1488 1475//1439
f 1475//1439 1524//1488 1476//1440
f 1524//1488 1525//1489 1476//1440
f 1476//1440 1525//1489 1477//1441
f 1525//1489 1526//1490 1477//1441
f 1477//1441 1526//1490 1478//1442
f 1526//1490 1527//1491 1478//1442
f 1478//1442 1527//1491 1479//1443
f 1527//1491 1528//1492 1479//1443
f 1479//1443 1528//1492 1480//1444
f 1528//1492 1529//1493 1480//1444
f 1480//1444 1529//1493 1481//1445
f 1529//1493 1530//1494 1481//1445
f 1481//1445 1530//1494 1482//1446
f 1530//1494 1531//1495 1482//1446
f 1482//1446 1531//1495 1483//1447
f 1531//1495 1532//1496 1483//1447
f 1483//1447 1532//1496 1484//1448
f 1532//1496 1533//1497 1484//1448
f 1484//1448 1533//1497 1485//1449
f 1533//1497 1534//1498 1485//1449
f 1485//1449 1534//1498 1486//1450
f 1534//1498 1535//1499 1486//1450
f 1486//1450 1535//1499 1487//1451
f 1535//1499 1536//1500 1487//1451
f 1487//1451 1536//1500 1488//1452
f 1536//1500 1537//1501 1488//1452
f 1488//1452 1537//1501 1489//1453
f 1537//1501 1538//1502 1489//1453
f 1489//1453 1538//1502 1490//1454
f 1538//1502 1539//1503 1490//1454
f 1490//1454 1539//1503 1491//1455
f 1539//1503 1540//1504 1491//1455
f 1491//1455 1540//1504 1492//1456
f 1540//1504 1541//1505 1492//1456
f 1492//1456 1541//1505 1493//1457
f 1541//1505 1542//1506 1493//1457
f 1493//1457 1542//1506 1494//1458
f 1542//1506 1543//1507 1494//1458
f 1494//1458 1543//1507 1495//1459
f 1543//1507 1544//1508 1495//1459
f 1495//1459 1544//1508 1496//1460
f 1544//1508 1545//1509 1496//1460
f 1496//1460 1545//1509 1497//1461
f 1545//1509 1546//1510 1497//1461
f 1497//1461 1546//1510 1498//1462
f 1546//1510 1547//1511 1498//1462
f 1498//1462 1547//1511 1499//1463
f 1547//1511 1548//1512 1499//1463
f 1499//1463 1548//1512 1500//1464
f 1548//1512 1549//1513 1500//1464
f 1500//1464 1549//1513 1501//1465
f 1549//1513 1550//1514 1501//1465
f 1501//1465 1550//1514 1502//1466
f 1550//1514 1551//1515 1502//1466
f 1502//1466 1551//1515 1503//1467
f 1551//1515 1552//1516 1503//1467
f 1503//1467 1552//1516 1504//1468
f 1552//1516 1553//1517 1504//1468
f 1504//1468 1553//1517 1505//1469
f 1553//1517 1554//1518 1505//1469
f 1505//1469 1554//1518 1506//1470
f 1554//1518 1555//1519 1506//1470
f 1506//1470 1555//1519 1507//1471
f 1555//1519 1556//1520 1507//1471
f 1507//1471 1556//1520 1508//1472
f 1556//1520 1557//1521 1508//1472
f 1508//1472 1557//1521 1509//1473
f 1557//1521 1558//1522 1509//1473
f 1509//1473 1558//1522 1510//1474
f 1558//1522 1559//1523 1510//1474
f 1510//1474 1559//1523 1511//1475
f 1559//1523 1560//1524 1511//1475
f 1511//1475 1560//1524 1512//1476
f 1560//1524 1561//1525 1512//1476
f 1512//1476 1561//1525 1513//1477
f 1561//1525 1562//1526 1513//1477
f 1513//1477 1562//1526 1514//1478
f 1562//1526 1563//1527 1514//1478
f 1514//1478 1563//1527 1515//1479
f 1563//1527 1564//1528 1515//1479
f 1515//1479 1564//1528 1516//1480
f 1564//1528 1565//1529 1516//1480
f 1516//1480 1565//1529 1517//1481
f 1565//1529 1566//1530 1517//1481
f 1517//1481 1566//1530 1518//1482
f 1566//1530 1567//1531 1518//1482
f 1519//1483 1568//1532 1520//1484
f 1568//1532 1569//1533 1520//1484
f 1520//1484 1569//1533 1521//1485
f 1569//1533 1570//1534 1521//1485
f 1521//1485 1570//1534 1522//1486
f 1570//1534 1571//1535 1522//1486
f 1522//1486 1571//1535 1523//1487
f 1571//1535 1572//1536 1523//1487
f 1523//1487 1572//1536 1524//1488
f 1572//1536 1573//1537 1524//1488
f 1524//1488 1573//1537 1525//1489
f 1573//1537 1574//1538 1525//1489
f 1525//1489 1574//1538 1526//1490
f 1574//1538 1575//1539 1526//1490
f 1526//1490 1575//1539 1527//1491
f 1575//1539 1576//1540 1527//1491
f 1527//1491 1576//1540 1528//1492
f 1576//1540 1577//1541 1528//1492
f 1528//1492 1577//1541 1529//1493
f 1577//1541 1578//1542 1529//1493
f 1529//1493 1578//1542 1530//1494
f 1578//1542 1579//1543 1530//1494
f 1530//1494 1579//1543 1531//1495
f 1579//1543 1580//1544 1531//1495
f 1531//1495 1580//1544 1532//1496
f 1580//1544 1581//1545 1532//1496
f 1532//1496 1581//1545 1533//1497
f 1581//1545 1582//1546 1533//1497
f 1533//1497 1582//1546 1534//1498
f 1582//1546 1583//1547 1534//1498
f 1534//1498 1583//1547 1535//1499
f 1583//1547 1584//1548 1535//1499
f 1535//1499 1584//1548 1536//1500
f 1584//1548 1585//1549 1536//1500
f 1536//1500 1585//1549 1537//1501
f 1585//1549 1586//1550 1537//1501
f 1537//1501 1586//1550 1538//1502
f 1586//1550 1587//1551 1538//1502
f 1538//1502 1587//1551 1539//1503
f 1587//1551 1588//1552 1539//1503
f 1539//1503 1588//1552 1540//1504
f 1588//1552 1589//1553 1540//1504
f 1540//1504 1589//1553 1541//1505
f 1589//1553 1590//1554 1541//1505
f 1541//1505 1590//1554 1542//1506
f 1590//1554 1591//1555 1542//1506
f 1542//1506 1591//1555 1543//1507
f 1591//1555 1592//1556 1543//1507
f 1543//1507 1592//1556 1544//1508
f 1592//1556 1593//1557 1544//1508
f 1544//1508 1593//1557 1545//1509
f 1593//1557 1594//1558 1545//1509
f 1545//1509 1594//1558 1546//1510
f 1594//1558 1595//1559 1546//1510
f 1546//1510 1595//1559 1547//1511
f 1595//1559 1596//1560 1547//1511
f 1547//1511 1596//1560 1548//1512
f 1596//1560 1597//1561 1548//1512
f 1548//1512 1597//1561 1549//1513
f 1597//1561 1598//1562 1549//1513
f 1549//1513 1598//1562 1550//1514
f 1598//1562 1599//1563 1550//1514
f 1550//1514 1599//1563 1551//1515
f 1599//1563 1600//1564 1551//1515
f 1551//1515 1600//1564 1552//1516
f 1600//1564 1601//1565 1552//1516
f 1552//1516 1601//1565 1553//1517
f 1601//1565 1602//1566 1553//1517
f 1553//1517 1602//1566 1554//1518
f 1602//1566 1603//1567 1554//1518
f 1554//1518 1603//1567 1555//1519
f 1603//1567 1604//1568 1555//1519
f 1555//1519 1604//1568 1556//1520
f 1604//1568 1605//1569 1556//1520
f 1556//1520 1605//1569 1557//1521
f 1605//1569 1606//1570 1557//1521
f 1557//1521 1606//1570 1558//1522
f 1606//1570 1607//1571 1558//1522
f 1558//1522 1607//1571 1559//1523
f 1607//1571 1608//1572 1559//1523
f 1559//1523 1608//1572 1560//1524
f 1608//1572 1609//1573 1560//1524
f 1560//1524 1609//1573 1561//1525
f 1609//1573 1610//1574 1561//1525
f 1561//1525 1610//1574 1562//1526
f 1610//1574 1611//1575 1562//1526
f 1562//1526 1611//1575 1563//1527
f 1611//1575 1612//1576 1563//1527
f 1563//1527 1612//1576 1564//1528
f 1612//1576 1613//1577 1564//1528
f 1564//1528 1613//1577 1565//1529
f 1613//1577 1614//1578 1565//1529
f 1565//1529 1614//1578 1566//1530
f 1614//1578 1615//1579 1566//1530
f 1566//1530 1615//1579 1567//1531
f 1615//1579 1616//1580 1567//1531
f 1568//1532 1617//1581 1569//1533
f 1617//1581 1618//1582 1569//1533
f 1569//1533 1618//1582 1570//1534
f 1618//1582 1619//1583 1570//1534
f 1570//1534 1619//1583 1571//1535
f 1619//1583 1620//1584 1571//1535
f 1571//1535 1620//1584 1572//1536
f 1620//1584 1621//1585 1572//1536
f 1572//1536 1621//1585 1573//1537
f 1621//1585 1622//1586 1573//1537
f 1573//1537 1622//1586 1574//1538
f 1622//1586 1623//1587 1574//1538
f 1574//1538 1623//1587 1575//1539
f 1623//1587 1624//1588 1575//1539
f 1575//1539 1624//1588 1576//1540
f 1624//1588 1625//1589 1576//1540
f 1576//1540 1625//1589 1577//1541
f 1625//1589 1626//1590 1577//1541
f 1577//1541 1626//1590 1578//1542
f 1626//1590 1627//1591 1578//1542
f 1578//1542 1627//1591 1579//1543
f 1627//1591 1628//1592 1579//1543
f 1579//1543 1628//1592 1580//1544
f 1628//1592 1629//1593 1580//1544
f 1580//1544 1629//1593 1581//1545
f 1629//1593 1630//1594 1581//1545
f 1581//1545 1630//1594 1582//1546
f 1630//1594 1631//1595 1582//1546
f 1582//1546 1631//1595 1583//1547
f 1631//1595 1632//1596 1583//1547
f 1583//1547 1632//1596 1584//1548
f 1632//1596 1633//1597 1584//1548
f 1584//1548 1633//1597 1585//1549
f 1633//1597 1634//1598 1585//1549
f 1585//1549 1634//1598 1586//1550
f 1634//1598 1635//1599 1586//1550
f 1586//1550 1635//1599 1587//1551
f 1635//1599 1636//1600 1587//1551
f 1587//1551 1636//1600 1588//1552
f 1636//1600 1637//1601 1588//1552
f 1588//1552 1637//1601 1589//1553
f 1637//1601 1638//1602 1589//1553
f 1589//1553 1638//1602 1590//1554
f 1638//1602 1639//1603 1590//1554
f 1590//1554 1639//1603 1591//1555
f 1639//1603 1640//1604 1591//1555
f 1591//1555 1640//1604 1592//1556
f 1640//1604 1641//1605 1592//1556
f 1592//1556 1641//1605 1593//1557
f 1641//1605 1642//1606 1593//1557
f 1593//1557 1642//1606 1594//1558
f 1642//1606 1643//1607 1594//1558
f 1594//1558 1643//1607 1595//1559
f 1643//1607 1644//1608 1595//1559
f 1595//1559 1644//1608 1596//1560
f 1644//1608 1645//1609 1596//1560
f 1596//1560 1645//1609 1597//1561
f 1645//1609 1646//1610 1597//1561
f 1597//1561 1646//1610 1598//1562
f 1646//1610 1647//1611 1598//1562
f 1598//1562 1647//1611 1599//1563
f 1647//1611 1648//1612 1599//1563
f 1599//1563 1648//1612 1600//1564
f 1648//1612 1649//1613 1600//1564
f 1600//1564 1649//1613 1601//1565
f 1649//1613 1650//1614 1601//1565
f 1601//1565 1650//1614 1602//1566
f 1650//1614 1651//1615 1602//1566
f 1602//1566 1651//1615 1603//1567
f 1651//1615 1652//1616 1603//1567
f 1603//1567 1652//1616 1604//1568
f 1652//1616 1653//1617 1604//1568
f 1604//1568 1653//1617 1605//1569
f 1653//1617 1654//1618 1605//1569
f 1605//1569 1654//1618 1606//1570
f 1654//1618 1655//1619 1606//1570
f 1606//1570 1655//1619 1607//1571
f 1655//1619 1656//1620 1607//1571
f 1607//1571 1656//1620 1608//1572
f 1656//1620 1657//1621 1608//1572
f 1608//1572 1657//1621 1609//1573
f 1657//1621 1658//1622 1609//1573
f 1609//1573 1658//1622 1610//1574
f 1658//1622 1659//1623 1610//1574
f 1610//1574 1659//1623 1611//1575
f 1659//1623 1660//1624 1611//1575
f 1611//1575 1660//1624 1612//1576
f 1660//1624 1661//1625 1612//1576
f 1612//1576 1661//1625 1613//1577
f 1661//1625 1662//1626 1613//1577
f 1613//1577 1662//1626 1614//1578
f 1662//1626 1663//1627 1614//1578
f 1614//1578 1663//1627 1615//1579
f 1663//1627 1664//1628 1615//1579
f 1615//1579 1664//1628 1616//1580
f 1664//1628 1665//1629 1616//1580
f 1617//1581 1666//1630 1618//1582
f 1666//1630 1667//1631 1618//1582
f 1618//1582 1667//1631 1619//1583
f 1667//1631 1668//1632 1619//1583
f 1619//1583 1668//1632 1620//1584
f 1668//1632 1669//1633 1620//1584
f 1620//1584 1669//1633 1621//1585
f 1669//1633 1670//1634 1621//1585
f 1621//1585 1670//1634 1622//1586
f 1670//1634 1671//1635 1622//1586
f 1622//1586 1671//1635 1623//1587
f 1671//1635 1672//1636 1623//1587
f 1623//1587 1672//1636 1624//1588
f 1672//1636 1673//1637 1624//1588
f 1624//1588 1673//1637 1625//1589
f 1673//1637 1674//1638 1625//1589
f 1625//1589 1674//1638 1626//1590
f 1674//1638 1675//1639 1626//1590
f 1626//1590 1675//1639 1627//1591
f 1675//1639 1676//1640 1627//1591
f 1627//1591 1676//1640 1628//1592
f 1676//1640 1677//1641 1628//1592
f 1628//1592 1677//1641 1629//1593
f 1677//1641 1678//1642 1629//1593
f 1629//1593 1678//1642 1630//1594
f 1678//1642 1679//1643 1630//1594
f 1630//1594 1679//1643 1631//1595
f 1679//1643 1680//1644 1631//1595
f 1631//1595 1680//1644 1632//1596
f 1680//1644 1681//1645 1632//1596
f 1632//1596 1681//1645 1633//1597
f 1681//1645 1682//1646 1633//1597
f 1633//1597 1682//1646 1634//1598
f 1682//1646 1683//1647 1634//1598
f 1634//1598 1683//1647 1635//1599
f 1683//1647 1684//1648 1635//1599
f 1635//1599 1684//1648 1636//1600
f 1684//1648 1685//1649 1636//1600
f 1636//1600 1685//1649 1637//1601
f 1685//1649 1686//1650 1637//1601
f 1637//1601 1686//1650 1638//1602
f 1686//1650 1687//1651 1638//1602
f 1638//1602 1687//1651 1639//1603
f 1687//1651 1688//1652 1639//1603
f 1639//1603 1688//1652 1640//1604
f 1688//1652 1689//1653 1640//1604
f 1640//1604 1689//1653 1641//1605
f 1689//1653 1690//1654 1641//1605
f 1641//1605 1690//1654 1642//1606
f 1690//1654 1691//1655 1642//1606
f 1642//1606 1691//1655 1643//1607
f 1691//1655 1692//1656 1643//1607
f 1643//1607 1692//1656 1644//1608
f 1692//1656 1693//1657 1644//1608
f 1644//1608 1693//1657 1645//1609
f 1693//1657 1694//1658 1645//1609
f 1645//1609 1694//1658 1646//1610
f 1694//1658 1695//1659 1646//1610
f 1646//1610 1695//1659 1647//1611
f 1695//1659 1696//1660 1647//1611
f 1647//1611 1696//1660 1648//1612
f 1696//1660 1697//1661 1648//1612
f 1648//1612 1697//1661 1649//1613
f 1697//1661 1698//1662 1649//1613
f 1649//1613 1698//1662 1650//1614
f 1698//1662 1699//1663 1650//1614
f 1650//1614 1699//1663 1651//1615
f 1699//1663 1700//1664 1651//1615
f 1651//1615 1700//1664 1652//1616
f 1700//1664 1701//1665 1652//1616
f 1652//1616 1701//1665 1653//1617
f 1701//1665 1702//1666 1653//1617
f 1653//1617 1702//1666 1654//1618
f 1702//1666 1703//1667 1654//1618
f 1654//1618 1703//1667 1655//1619
f 1703//1667 1704//1668 1655//1619
f 1655//1619 1704//1668 1656//1620
f 1704//1668 1705//1669 1656//1620
f 1656//1620 1705//1669 1657//1621
f 1705//1669 1706//1670 1657//1621
f 1657//1621 1706//1670 1658//1622
f 1706//1670 1707//1671 1658//1622
f 1658//1622 1707//1671 1659//1623
f 1707//1671 1708//1672 1659//1623
f 1659//1623 1708//1672 1660//1624
f 1708//1672 1709//1673 1660//1624
f 1660//1624 1709//1673 1661//1625
f 1709//1673 1710//1674 1661//1625
f 1661//1625 1710//1674 1662//1626
f 1710//1674 1711//1675 1662//1626
f 1662//1626 1711//1675 1663//1627
f 1711//1675 1712//1676 1663//1627
f 1663//1627 1712//1676 1664//1628
f 1712//1676 1713//1677 1664//1628
f 1664//1628 1713//1677 1665//1629
f 1713//1677 1714//1678 1665//1629
f 1666//1630 1715//1679 1667//1631
f 1715//1679 1716//1680 1667//1631
f 1667//1631 1716//1680 1668//1632
f 1716//1680 1717//1681 1668//1632
f 1668//1632 1717//1681 1669//1633
f 1717//1681 1718//1682 1669//1633
f 1669//1633 1718//1682 1670//1634
f 1718//1682 1719//1683 1670//1634
f 1670//1634 1719//1683 1671//1635
f 1719//1683 1720//1684 1671//1635
f 1671//1635 1720//1684 1672//1636
f 1720//1684 1721//1685 1672//1636
f 1672//1636 1721//1685 1673//1637
f 1721//1685 1722//1686 1673//1637
f 1673//1637 1722//1686 1674//1638
f 1722//1686 1723//1687 1674//1638
f 1674//1638 1723//1687 1675//1639
f 1723//1687 1724//1688 1675//1639
f 1675//1639 1724//1688 1676//1640
f 1724//1688 1725//1689 1676//1640
f 1676//1640 1725//1689 1677//1641
f 1725//1689 1726//1690 1677//1641
f 1677//1641 1726//1690 1678//1642
f 1726//1690 1727//1691 1678//1642
f 1678//1642 1727//1691 1679//1643
f 1727//1691 1728//1692 1679//1643
f 1679//1643 1728//1692 1680//1644
f 1728//1692 1729//1693 1680//1644
f 1680//1644 1729//1693 1681//1645
f 1729//1693 1730//1694 1681//1645
f 1681//1645 1730//1694 1682//1646
f 1730//1694 1731//1695 1682//1646
f 1682//1646 1731//1695 1683//1647
f 1731//1695 1732//1696 1683//1647
f 1683//1647 1732//1696 1684//1648
f 1732//1696 1733//1697 1684//1648
f 1684//1648 1733//1697 1685//1649
f 1733//1697 1734//1698 1685//1649
f 1685//1649 1734//1698 1686//1650
f 1734//1698 1735//1699 1686//1650
f 1686//1650 1735//1699 1687//1651
f 1735//1699 1736//1700 1687//1651
f 1687//1651 1736//1700 1688//1652
f 1736//1700 1737//1701 1688//1652
f 1688//1652 1737//1701 1689//1653
f 1737//1701 1738//1702 1689//1653
f 1689//1653 1738//1702 1690//1654
f 1738//1702 1739//1703 1690//1654
f 1690//1654 1739//1703 1691//1655
f 1739//1703 1740//1704 1691//1655
f 1691//1655 1740//1704 1692//1656
f 1740//1704 1741//1705 1692//1656
f 1692//1656 1741//1705 1693//1657
f 1741//1705 1742//1706 1693//1657
f 1693//1657 1742//1706 1694//1658
f 1742//1706 1743//1707 1694//1658
f 1694//1658 1743//1707 1695//1659
f 1743//1707 1744//1708 1695//1659
f 1695//1659 1744//1708 1696//1660
f 1744//1708 1745//1709 1696//1660
f 1696//1660 1745//1709 1697//1661
f 1745//1709 1746//1710 1697//1661
f 1697//1661 1746//1710 1698//1662
f 1746//1710 1747//1711 1698//1662
f 1698//1662 1747//1711 1699//1663
f 1747//1711 1748//1712 1699//1663
f 1699//1663 1748//1712 1700//1664
f 1748//1712 1749//1713 1700//1664
f 1700//1664 1749//1713 1701//1665
f 1749//1713 1750//1714 1701//1665
f 1701//1665 1750//1714 1702//1666
f 1750//1714 1751//1715 1702//1666
f 1702//1666 1751//1715 1703//1667
f 1751//1715 1752//1716 1703//1667
f 1703//1667 1752//1716 1704//1668
f 1752//1716 1753//1717 1704//1668
f 1704//1668 1753//1717 1705//1669
f 1753//1717 1754//1718 1705//1669
f 1705//1669 1754//1718 1706//1670
f 1754//1718 1755//1719 1706//1670
f 1706//1670 1755//1719 1707//1671
f 1755//1719 1756//1720 1707//1671
f 1707//1671 1756//1720 1708//1672
f 1756//1720 1757//1721 1708//1672
f 1708//1672 1757//1721 1709//1673
f 1757//1721 1758//1722 1709//1673
f 1709//1673 1758//1722 1710//1674
f 1758//1722 1759//1723 1710//1674
f 1710//1674 1759//1723 1711//1675
f 1759//1723 1760//1724 1711//1675
f 1711//1675 1760//1724 1712//1676
f 1760//1724 1761//1725 1712//1676
f 1712//1676 1761//1725 1713//1677
f 1761//1725 1762//1726 1713//1677
f 1713//1677 1762//1726 1714//1678
f 1762//1726 1763//1727 1714//1678
f 1715//1679 1764//1728 1716//1680
f 1764//1728 1765//1729 1716//1680
f 1716//1680 1765//1729 1717//1681
f 1765//1729 1766//1730 1717//1681
f 1717//1681 1766//1730 1718//1682
f 1766//1730 1767//1731 1718//1682
f 1718//1682 1767//1731 1719//1683
f 1767//1731 1768//1732 1719//1683
f 1719//1683 1768//1732 1720//1684
f 1768//1732 1769//1733 1720//1684
f 1720//1684 1769//1733 1721//1685
f 1769//1733 1770//1734 1721//1685
f 1721//1685 1770//1734 1722//1686
f 1770//1734 1771//1735 1722//1686
f 1722//1686 1771//1735 1723//1687
f 1771//1735 1772//1736 1723//1687
f 1723//1687 1772//1736 1724//1688
f 1772//1736 1773//1737 1724//1688
f 1724//1688 1773//1737 1725//1689
f 1773//1737 1774//1738 1725//1689
f 1725//1689 1774//1738 1726//1690
f 1774//1738 1775//1739 1726//1690
f 1726//1690 1775//1739 1727//1691
f 1775//1739 1776//1740 1727//1691
f 1727//1691 1776//1740 1728//1692
f 1776//1740 1777//1741 1728//1692
f 1728//1692 1777//1741 1729//1693
f 1777//1741 1778//1742 1729//1693
f 1729//1693 1778//1742 1730//1694
f 1778//1742 1779//1743 1730//1694
f 1730//1694 1779//1743 1731//1695
f 1779//1743 1780//1744 1731//1695
f 1731//1695 1780//1744 1732//1696
f 1780//1744 1781//1745 1732//1696
f 1732//1696 1781//1745 1733//1697
f 1781//1745 1782//1746 1733//1697
f 1733//1697 1782//1746 1734//1698
f 1782//1746 1783//1747 1734//1698
f 1734//1698 1783//1747 1735//1699
f 1783//1747 1784//1748 1735//1699
f 1735//1699 1784//1748 1736//1700
f 1784//1748 1785//1749 1736//1700
f 1736//1700 1785//1749 1737//1701
f 1785//1749 1786//1750 1737//1701
f 1737//1701 1786//1750 1738//1702
f 1786//1750 1787//1751 1738//1702
f 1738//1702 1787//1751 1739//1703
f 1787//1751 1788//1752 1739//1703
f 1739//1703 1788//1752 1740//1704
f 1788//1752 1789//1753 1740//1704
f 1740//1704 1789//1753 1741//1705
f 1789//1753 1790//1754 1741//1705
f 1741//1705 1790//1754 1742//1706
f 1790//1754 1791//1755 1742//1706
f 1742//1706 1791//1755 1743//1707
f 1791//1755 1792//1756 1743//1707
f 1743//1707 1792//1756 1744//1708
f 1792//1756 1793//1757 1744//1708
f 1744//1708 1793//1757 1745//1709
f 1793//1757 1794//1758 1745//1709
f 1745//1709 1794//1758 1746//1710
f 1794//1758 1795//1759 1746//1710
f 1746//1710 1795//1759 1747//1711
f 1795//1759 1796//1760 1747//1711
f 1747//1711 1796//1760 1748//1712
f 1796//1760 1797//1761 1748//1712
f 1748//1712 1797//1761 1749//1713
f 1797//1761 1798//1762 1749//1713
f 1749//1713 1798//1762 1750//1714
f 1798//1762 1799//1763 1750//1714
f 1750//1714 1799//1763 1751//1715
f 1799//1763 1800//1764 1751//1715
f 1751//1715 1800//1764 1752//1716
f 1800//1764 1801//1765 1752//1716
f 1752//1716 1801//1765 1753//1717
f 1801//1765 1802//1766 1753//1717
f 1753//1717 1802//1766 1754//1718
f 1802//1766 1803//1767 1754//1718
f 1754//1718 1803//1767 1755//1719
f 1803//1767 1804//1768 1755//1719
f 1755//1719 1804//1768 1756//1720
f 1804//1768 1805//1769 1756//1720
f 1756//1720 1805//1769 1757//1721
f 1805//1769 1806//1770 1757//1721
f 1757//1721 1806//1770 1758//1722
f 1806//1770 1807//1771 1758//1722
f 1758//1722 1807//1771 1759//1723
f 1807//1771 1808//1772 1759//1723
f 1759//1723 1808//1772 1760//1724
f 1808//1772 1809//1773 1760//1724
f 1760//1724 1809//1773 1761//1725
f 1809//1773 1810//1774 1761//1725
f 1761//1725 1810//1774 1762//1726
f 1810//1774 1811//1775 1762//1726
f 1762//1726 1811//1775 1763//1727
f 1811//1775 1812//1776 1763//1727
f 1764//1728 1813//1777 1765//1729
f 1813//1777 1814//1778 1765//1729
f 1765//1729 1814//1778 1766//1730
f 1814//1778 1815//1779 1766//1730
f 1766//1730 1815//1779 1767//1731
f 1815//1779 1816//1780 1767//1731
f 1767//1731 1816//1780 1768//1732
f 1816//1780 1817//1781 1768//1732
f 1768//1732 1817//1781 1769//1733
f 1817//1781 1818//1782 1769//1733
f 1769//1733 1818//1782 1770//1734
f 1818//1782 1819//1783 1770//1734
f 1770//1734 1819//1783 1771//1735
f 1819//1783 1820//1784 1771//1735
f 1771//1735 1820//1784 1772//1736
f 1820//1784 1821//1785 1772//1736
f 1772//1736 1821//1785 1773//1737
f 1821//1785 1822//1786 1773//1737
f 1773//1737 1822//1786 1774//1738
f 1822//1786 1823//1787 1774//1738
f 1774//1738 1823//1787 1775//1739
f 1823//1787 1824//1788 1775//1739
f 1775//1739 1824//1788 1776//1740
f 1824//1788 1825//1789 1776//1740
f 1776//1740 1825//1789 1777//1741
f 1825//1789 1826//1790 1777//1741
f 1777//1741 1826//1790 1778//1742
f 1826//1790 1827//1791 1778//1742
f 1778//1742 1827//1791 1779//1743
f 1827//1791 1828//1792 1779//1743
f 1779//1743 1828//1792 1780//1744
f 1828//1792 1829//1793 1780//1744
f 1780//1744 1829//1793 1781//1745
f 1829//1793 1830//1794 1781//1745
f 1781//1745 1830//1794 1782//1746
f 1830//1794 1831//1795 1782//1746
f 1782//1746 1831//1795 1783//1747
f 1831//1795 1832//1796 1783//1747
f 1783//1747 1832//1796 1784//1748
f 1832//1796 1833//1797 1784//1748
f 1784//1748 1833//1797 1785//1749
f 1833//1797 1834//1798 1785//1749
f 1785//1749 1834//1798 1786//1750
f 1834//1798 1835//1799 1786//1750
f 1786//1750 1835//1799 1787//1751
f 1835//1799 1836//1800 1787//1751
f 1787//1751 1836//1800 1788//1752
f 1836//1800 1837//1801 1788//1752
f 1788//1752 1837//1801 1789//1753
f 1837//1801 1838//1802 1789//1753
f 1789//1753 1838//1802 1790//1754
f 1838//1802 1839//1803 1790//1754
f 1790//1754 1839//1803 1791//1755
f 1839//1803 1840//1804 1791//1755
f 1791//1755 1840//1804 1792//1756
f 1840//1804 1841//1805 1792//1756
f 1792//1756 1841//1805 1793//1757
f 1841//1805 1842//1806 1793//1757
f 1793//1757 1842//1806 1794//1758
f 1842//1806 1843//1807 1794//1758
f 1794//1758 1843//1807 1795//1759
f 1843//1807 1844//1808 1795//1759
f 1795//1759 1844//1808 1796//1760
f 1844//1808 1845//1809 1796//1760
f 1796//1760 1845//1809 1797//1761
f 1845//1809 1846//1810 1797//1761
f 1797//1761 1846//1810 1798//1762
f 1846//1810 1847//1811 1798//1762
f 1798//1762 1847//1811 1799//1763
f 1847//1811 1848//1812 1799//1763
f 1799//1763 1848//1812 1800//1764
f 1848//1812 1849//1813 1800//1764
f 1800//1764 1849//1813 1801//1765
f 1849//1813 1850//1814 1801//1765
f 1801//1765 1850//1814 1802//1766
f 1850//1814 1851//1815 1802//1766
f 1802//1766 1851//1815 1803//1767
f 1851//1815 1852//1816 1803//1767
f 1803//1767 1852//1816 1804//1768
f 1852//1816 1853//1817 1804//1768
f 1804//1768 1853//1817 1805//1769
f 1853//1817 1854//1818 1805//1769
f 1805//1769 1854//1818 1806//1770
f 1854//1818 1855//1819 1806//1770
f 1806//1770 1855//1819 1807//1771
f 1855//1819 1856//1820 1807//1771
f 1807//1771 1856//1820 1808//1772
f 1856//1820 1857//1821 1808//1772
f 1808//1772 1857//1821 1809//1773
f 1857//1821 1858//1822 1809//1773
f 1809//1773 1858//1822 1810//1774
f 1858//1822 1859//1823 1810//1774
f 1810//1774 1859//1823 1811//1775
f 1859//1823 1860//1824 1811//1775
f 1811//1775 1860//1824 1812//1776
f 1860//1824 1861//1825 1812//1776
f 1813//1777 1862//1826 1814//1778
f 1862//1826 1863//1827 1814//1778
f 1814//1778 1863//1827 1815//1779
f 1863//1827 1864//1828 1815//1779
f 1815//1779 1864//1828 1816//1780
f 1864//1828 1865//1829 1816//1780
f 1816//1780 1865//1829 1817//1781
f 1865//1829 1866//1830 1817//1781
f 1817//1781 1866//1830 1818//1782
f 1866//1830 1867//1831 1818//1782
f 1818//1782 1867//1831 1819//1783
f 1867//1831 1868//1832 1819//1783
f 1819//1783 1868//1832 1820//1784
f 1868//1832 1869//1833 1820//1784
f 1820//1784 1869//1833 1821//1785
f 1869//1833 1870//1834 1821//1785
f 1821//1785 1870//1834 1822//1786
f 1870//1834 1871//1835 1822//1786
f 1822//1786 1871//1835 1823//1787
f 1871//1835 1872//1836 1823//1787
f 1823//1787 1872//1836 1824//1788
f 1872//1836 1873//1837 1824//1788
f 1824//1788 1873//1837 1825//1789
f 1873//1837 1874//1838 1825//1789
f 1825//1789 1874//1838 1826//1790
f 1874//1838 1875//1839 1826//1790
f 1826//1790 1875//1839 1827//1791
f 1875//1839 1876//1840 1827//1791
f 1827//1791 1876//1840 1828//1792
f 1876//1840 1877//1841 1828//1792
f 1828//1792 1877//1841 1829//1793
f 1877//1841 1878//1842 1829//1793
f 1829//1793 1878//1842 1830//1794
f 1878//1842 1879//1843 1830//1794
f 1830//1794 1879//1843 1831//1795
f 1879//1843 1880//1844 1831//1795
f 1831//1795 1880//1844 1832//1796
f 1880//1844 1881//1845 1832//1796
f 1832//1796 1881//1845 1833//1797
f 1881//1845 1882//1846 1833//1797
f 1833//1797 1882//1846 1834//1798
f 1882//1846 1883//1847 1834//1798
f 1834//1798 1883//1847 1835//1799
f 1883//1847 1884//1848 1835//1799
f 1835//1799 1884//1848 1836//1800
f 1884//1848 1885//1849 1836//1800
f 1836//1800 1885//1849 1837//1801
f 1885//1849 1886//1850 1837//1801
f 1837//1801 1886//1850 1838//1802
f 1886//1850 1887//1851 1838//1802
f 1838//1802 1887//1851 1839//1803
f 1887//1851 1888//1852 1839//1803
f 1839//1803 1888//1852 1840//1804
f 1888//1852 1889//1853 1840//1804
f 1840//1804 1889//1853 1841//1805
f 1889//1853 1890//1854 1841//1805
f 1841//1805 1890//1854 1842//1806
f 1890//1854 1891//1855 1842//1806
f 1842//1806 1891//1855 1843//1807
f 1891//1855 1892//1856 1843//1807
f 1843//1807 1892//1856 1844//1808
f 1892//1856 1893//1857 1844//1808
f 1844//1808 1893//1857 1845//1809
f 1893//1857 1894//1858 1845//1809
f 1845//1809 1894//1858 1846//1810
f 1894//1858 1895//1859 1846//1810
f 1846//1810 1895//1859 1847//1811
f 1895//1859 1896//1860 1847//1811
f 1847//1811 1896//1860 1848//1812
f 1896//1860 1897//1861 1848//1812
f 1848//1812 1897//1861 1849//1813
f 1897//1861 1898//1862 1849//1813
f 1849//1813 1898//1862 1850//1814
f 1898//1862 1899//1863 1850//1814
f 1850//1814 1899//1863 1851//1815
f 1899//1863 1900//1864 1851//1815
f 1851//1815 1900//1864 1852//1816
f 1900//1864 1901//1865 1852//1816
f 1852//1816 1901//1865 1853//1817
f 1901//1865 1902//1866 1853//1817
f 1853//1817 1902//1866 1854//1818
f 1902//1866 1903//1867 1854//1818
f 1854//1818 1903//1867 1855//1819
f 1903//1867 1904//1868 1855//1819
f 1855//1819 1904//1868 1856//1820
f 1904//1868 1905//1869 1856//1820
f 1856//1820 1905//1869 1857//1821
f 1905//1869 1906//1870 1857//1821
f 1857//1821 1906//1870 1858//1822
f 1906//1870 1907//1871 1858//1822
f 1858//1822 1907//1871 1859//1823
f 1907//1871 1908//1872 1859//1823
f 1859//1823 1908//1872 1860//1824
f 1908//1872 1909//1873 1860//1824
f 1860//1824 1909//1873 1861//1825
f 1909//1873 1910//1874 1861//1825
f 1862//1826 1911//1875 1863//1827
f 1911//1875 1912//1876 1863//1827
f 1863//1827 1912//1876 1864//1828
f 1912//1876 1913//1877 1864//1828
f 1864//1828 1913//1877 1865//1829
f 1913//1877 1914//1878 1865//1829
f 1865//1829 1914//1878 1866//1830
f 1914//1878 1915//1879 1866//1830
f 1866//1830 1915//1879 1867//1831
f 1915//1879 1916//1880 1867//1831
f 1867//1831 1916//1880 1868//1832
f 1916//1880 1917//1881 1868//1832
f 1868//1832 1917//1881 1869//1833
f 1917//1881 1918//1882 1869//1833
f 1869//1833 1918//1882 1870//1834
f 1918//1882 1919//1883 1870//1834
f 1870//1834 1919//1883 1871//1835
f 1919//1883 1920//1884 1871//1835
f 1871//1835 1920//1884 1872//1836
f 1920//1884 1921//1885 1872//1836
f 1872//1836 1921//1885 1873//1837
f 1921//1885 1922//1886 1873//1837
f 1873//1837 1922//1886 1874//1838
f 1922//1886 1923//1887 1874//1838
f 1874//1838 1923//1887 1875//1839
f 1923//1887 1924//1888 1875//1839
f 1875//1839 1924//1888 1876//1840
f 1924//1888 1925//1889 1876//1840
f 1876//1840 1925//1889 1877//1841
f 1925//1889 1926//1890 1877//1841
f 1877//1841 1926//1890 1878//1842
f 1926//1890 1927//1891 1878//1842
f 1878//1842 1927//1891 1879//1843
f 1927//1891 1928//1892 1879//1843
f 1879//1843 1928//1892 1880//1844
f 1928//1892 1929//1893 1880//1844
f 1880//1844 1929//1893 1881//1845
f 1929//1893 1930//1894 1881//1845
f 1881//1845 1930//1894 1882//1846
f 1930//1894 1931//1895 1882//1846
f 1882//1846 1931//1895 1883//1847
f 1931//1895 1932//1896 1883//1847
f 1883//1847 1932//1896 1884//1848
f 1932//1896 1933//1897 1884//1848
f 1884//1848 1933//1897 1885//1849
f 1933//1897 1934//1898 1885//1849
f 1885//1849 1934//1898 1886//1850
f 1934//1898 1935//1899 1886//1850
f 1886//1850 1935//1899 1887//1851
f 1935//1899 1936//1900 1887//1851
f 1887//1851 1936//1900 1888//1852
f 1936//1900 1937//1901 1888//1852
f 1888//1852 1937//1901 1889//1853
f 1937//1901 1938//1902 1889//1853
f 1889//1853 1938//1902 1890//1854
f 1938//1902 1939//1903 1890//1854
f 1890//1854 1939//1903 1891//1855
f 1939//1903 1940//1904 1891//1855
f 1891//1855 1940//1904 1892//1856
f 1940//1904 1941//1905 1892//1856
f 1892//1856 1941//1905 1893//1857
f 1941//1905 1942//1906 1893//1857
f 1893//1857 1942//1906 1894//1858
f 1942//1906 1943//1907 1894//1858
f 1894//1858 1943//1907 1895//1859
f 1943//1907 1944//1908 1895//1859
f 1895//1859 1944//1908 1896//1860
f 1944//1908 1945//1909 1896//1860
f 1896//1860 1945//1909 1897//1861
f 1945//1909 1946//1910 1897//1861
f 1897//1861 1946//1910 1898//1862
f 1946//1910 1947//1911 1898//1862
f 1898//1862 1947//1911 1899//1863
f 1947//1911 1948//1912 1899//1863
f 1899//1863 1948//1912 1900//1864
f 1948//1912 1949//1913 1900//1864
f 1900//1864 1949//1913 1901//1865
f 1949//1913 1950//1914 1901//1865
f 1901//1865 1950//1914 1902//1866
f 1950//1914 1951//1915 1902//1866
f 1902//1866 1951//1915 1903//1867
f 1951//1915 1952//1916 1903//1867
f 1903//1867 1952//1916 1904//1868
f 1952//1916 1953//1917 1904//1868
f 1904//1868 1953//1917 1905//1869
f 1953//1917 1954//1918 1905//1869
f 1905//1869 1954//1918 1906//1870
f 1954//1918 1955//1919 1906//1870
f 1906//1870 1955//1919 1907//1871
f 1955//1919 1956//1920 1907//1871
f 1907//1871 1956//1920 1908//1872
f 1956//1920 1957//1921 1908//1872
f 1908//1872 1957//1921 1909//1873
f 1957//1921 1958//1922 1909//1873
f 1909//1873 1958//1922 1910//1874
f 1958//1922 1959//1923 1910//1874
f 1911//1875 1960//1924 1912//1876
f 1960//1924 1961//1925 1912//1876
f 1912//1876 1961//1925 1913//1877
f 1961//1925 1962//1926 1913//1877
f 1913//1877 1962//1926 1914//1878
f 1962//1926 1963//1927 1914//1878
f 1914//1878 1963//1927 1915//1879
f 1963//1927 1964//1928 1915//1879
f 1915//1879 1964//1928 1916//1880
f 1964//1928 1965//1929 1916//1880
f 1916//1880 1965//1929 1917//1881
f 1965//1929 1966//1930 1917//1881
f 1917//1881 1966//1930 1918//1882
f 1966//1930 1967//1931 1918//1882
f 1918//1882 1967//1931 1919//1883
f 1967//1931 1968//1932 1919//1883
f 1919//1883 1968//1932 1920//1884
f 1968//1932 1969//1933 1920//1884
f 1920//1884 1969//1933 1921//1885
f 1969//1933 1970//1934 1921//1885
f 1921//1885 1970//1934 1922//1886
f 1970//1934 1971//1935 1922//1886
f 1922//1886 1971//1935 1923//1887
f 1971//1935 1972//1936 1923//1887
f 1923//1887 1972//1936 1924//1888
f 1972//1936 1973//1937 1924//1888
f 1924//1888 1973//1937 1925//1889
f 1973//1937 1974//1938 1925//1889
f 1925//1889 1974//1938 1926//1890
f 1974//1938 1975//1939 1926//1890
f 1926//1890 1975//1939 1927//1891
f 1975//1939 1976//1940 1927//1891
f 1927//1891 1976//1940 1928//1892
f 1976//1940 1977//1941 1928//1892
f 1928//1892 1977//1941 1929//1893
f 1977//1941 1978//1942 1929//1893
f 1929//1893 1978//1942 1930//1894
f 1978//1942 1979//1943 1930//1894
f 1930//1894 1979//1943 1931//1895
f 1979//1943 1980//1944 1931//1895
f 1931//1895 1980//1944 1932//1896
f 1980//1944 1981//1945 1932//1896
f 1932//1896 1981//1945 1933//1897
f 1981//1945 1982//1946 1933//1897
f 1933//1897 1982//1946 1934//1898
f 1982//1946 1983//1947 1934//1898
f 1934//1898 1983//1947 1935//1899
f 1983//1947 1984//1948 1935//1899
f 1935//1899 1984//1948 1936//1900
f 1984//1948 1985//1949 1936//1900
f 1936//1900 1985//1949 1937//1901
f 1985//1949 1986//1950 1937//1901
f 1937//1901 1986//1950 1938//1902
f 1986//1950 1987//1951 1938//1902
f 1938//1902 1987//1951 1939//1903
f 1987//1951 1988//1952 1939//1903
f 1939//1903 1988//1952 1940//1904
f 1988//1952 1989//1953 1940//1904
f 1940//1904 1989//1953 1941//1905
f 1989//1953 1990//1954 1941//1905
f 1941//1905 1990//1954 1942//1906
f 1990//1954 1991//1955 1942//1906
f 1942//1906 1991//1955 1943//1907
f 1991//1955 1992//1956 1943//1907
f 1943//1907 1992//1956 1944//1908
f 1992//1956 1993//1957 1944//1908
f 1944//1908 1993//1957 1945//1909
f 1993//1957 1994//1958 1945//1909
f 1945//1909 1994//1958 1946//1910
f 1994//1958 1995//1959 1946//1910
f 1946//1910 1995//1959 1947//1911
f 1995//1959 1996//1960 1947//1911
f 1947//1911 1996//1960 1948//1912
f 1996//1960 1997//1961 1948//1912
f 1948//1912 1997//1961 1949//1913
f 1997//1961 1998//1962 1949//1913
f 1949//1913 1998//1962 1950//1914
f 1998//1962 1999//1963 1950//1914
f 1950//1914 1999//1963 1951//1915
f 1999//1963 2000//1964 1951//1915
f 1951//1915 2000//1964 1952//1916
f 2000//1964 2001//1965 1952//1916
f 1952//1916 2001//1965 1953//1917
f 2001//1965 2002//1966 1953//1917
f 1953//1917 2002//1966 1954//1918
f 2002//1966 2003//1967 1954//1918
f 1954//1918 2003//1967 1955//1919
f 2003//1967 2004//1968 1955//1919
f 1955//1919 2004//1968 1956//1920
f 2004//1968 2005//1969 1956//1920
f 1956//1920 2005//1969 1957//1921
f 2005//1969 2006//1970 1957//1921
f 1957//1921 2006//1970 1958//1922
f 2006//1970 2007//1971 1958//1922
f 1958//1922 2007//1971 1959//1923
f 2007//1971 2008//1972 1959//1923
f 1960//1924 2009//1973 1961//1925
f 2009//1973 2010//1974 1961//1925
f 1961//1925 2010//1974 1962//1926
f 2010//1974 2011//1975 1962//1926
f 1962//1926 2011//1975 1963//1927
f 2011//1975 2012//1976 1963//1927
f 1963//1927 2012//1976 1964//1928
f 2012//1976 2013//1977 1964//1928
f 1964//1928 2013//1977 1965//1929
f 2013//1977 2014//1978 1965//1929
f 1965//1929 2014//1978 1966//1930
f 2014//1978 2015//1979 1966//1930
f 1966//1930 2015//1979 1967//1931
f 2015//1979 2016//1980 1967//1931
f 1967//1931 2016//1980 1968//1932
f 2016//1980 2017//1981 1968//1932
f 1968//1932 2017//1981 1969//1933
f 2017//1981 2018//1982 1969//1933
f 1969//1933 2018//1982 1970//1934
f 2018//1982 2019//1983 1970//1934
f 1970//1934 2019//1983 1971//1935
f 2019//1983 2020//1984 1971//1935
f 1971//1935 2020//1984 1972//1936
f 2020//1984 2021//1985 1972//1936
f 1972//1936 2021//1985 1973//1937
f 2021//1985 2022//1986 1973//1937
f 1973//1937 2022//1986 1974//1938
f 2022//1986 2023//1987 1974//1938
f 1974//1938 2023//1987 1975//1939
f 2023//1987 2024//1988 1975//1939
f 1975//1939 2024//1988 1976//1940
f 2024//1988 2025//1989 1976//1940
f 1976//1940 2025//1989 1977//1941
f 2025//1989 2026//1990 1977//1941
f 1977//1941 2026//1990 1978//1942
f 2026//1990 2027//1991 1978//1942
f 1978//1942 2027//1991 1979//1943
f 2027//1991 2028//1992 1979//1943
f 1979//1943 2028//1992 1980//1944
f 2028//1992 2029//1993 1980//1944
f 1980//1944 2029//1993 1981//1945
f 2029//1993 2030//1994 1981//1945
f 1981//1945 2030//1994 1982//1946
f 2030//1994 2031//1995 1982//1946
f 1982//1946 2031//1995 1983//1947
f 2031//1995 2032//1996 1983//1947
f 1983//1947 2032//1996 1984//1948
f 2032//1996 2033//1997 1984//1948
f 1984//1948 2033//1997 1985//1949
f 2033//1997 2034//1998 1985//1949
f 1985//1949 2034//1998 1986//1950
f 2034//1998 2035//1999 1986//1950
f 1986//1950 2035//1999 1987//1951
f 2035//1999 2036//2000 1987//1951
f 1987//1951 2036//2000 1988//1952
f 2036//2000 2037//2001 1988//1952
f 1988//1952 2037//2001 1989//1953
f 2037//2001 2038//2002 1989//1953
f 1989//1953 2038//2002 1990//1954
f 2038//2002 2039//2003 1990//1954
f 1990//1954 2039//2003 1991//1955
f 2039//2003 2040//2004 1991//1955
f 1991//1955 2040//2004 1992//1956
f 2040//2004 2041//2005 1992//1956
f 1992//1956 2041//2005 1993//1957
f 2041//2005 2042//2006 1993//1957
f 1993//1957 2042//2006 1994//1958
f 2042//2006 2043//2007 1994//1958
f 1994//1958 2043//2007 1995//1959
f 2043//2007 2044//2008 1995//1959
f 1995//1959 2044//2008 1996//1960
f 2044//2008 2045//2009 1996//1960
f 1996//1960 2045//2009 1997//1961
f 2045//2009 2046//2010 1997//1961
f 1997//1961 2046//2010 1998//1962
f 2046//2010 2047//2011 1998//1962
f 1998//1962 2047//2011 1999//1963
f 2047//2011 2048//2012 1999//1963
f 1999//1963 2048//2012 2000//1964
f 2048//2012 2049//2013 2000//1964
f 2000//1964 2049//2013 2001//1965
f 2049//2013 2050//2014 2001//1965
f 2001//1965 2050//2014 2002//1966
f 2050//2014 2051//2015 2002//1966
f 2002//1966 2051//2015 2003//1967
f 2051//2015 2052//2016 2003//1967
f 2003//1967 2052//2016 2004//1968
f 2052//2016 2053//2017 2004//1968
f 2004//1968 2053//2017 2005//1969
f 2053//2017 2054//2018 2005//1969
f 2005//1969 2054//2018 2006//1970
f 2054//2018 2055//2019 2006//1970
f 2006//1970 2055//2019 2007//1971
f 2055//2019 2056//2020 2007//1971
f 2007//1971 2056//2020 2008//1972
f 2056//2020 2057//2021 2008//1972
f 2009//1973 2058//2022 2010//1974
f 2058//2022 2059//2023 2010//1974
f 2010//1974 2059//2023 2011//1975
f 2059//2023 2060//2024 2011//1975
f 2011//1975 2060//2024 2012//1976
f 2060//2024 2061//2025 2012//1976
f 2012//1976 2061//2025 2013//1977
f 2061//2025 2062//2026 2013//1977
f 2013//1977 2062//2026 2014//1978
f 2062//2026 2063//2027 2014//1978
f 2014//1978 2063//2027 2015//1979
f 2063//2027 2064//2028 2015//1979
f 2015//1979 2064//2028 2016//1980
f 2064//2028 2065//2029 2016//1980
f 2016//1980 2065//2029 2017//1981
f 2065//2029 2066//2030 2017//1981
f 2017//1981 2066//2030 2018//1982
f 2066//2030 2067//2031 2018//1982
f 2018//1982 2067//2031 2019//1983
f 2067//2031 2068//2032 2019//1983
f 2019//1983 2068//2032 2020//1984
f 2068//2032 2069//2033 2020//1984
f 2020//1984 2069//2033 2021//1985
f 2069//2033 2070//2034 2021//1985
f 2021//1985 2070//2034 2022//1986
f 2070//2034 2071//2035 2022//1986
f 2022//1986 2071//2035 2023//1987
f 2071//2035 2072//2036 2023//1987
f 2023//1987 2072//2036 2024//1988
f 2072//2036 2073//2037 2024//1988
f 2024//1988 2073//2037 2025//1989
f 2073//2037 2074//2038 2025//1989
f 2025//1989 2074//2038 2026//1990
f 2074//2038 2075//2039 2026//1990
f 2026//1990 2075//2039 2027//1991
f 2075//2039 2076//2040 2027//1991
f 2027//1991 2076//2040 2028//1992
f 2076//2040 2077//2041 2028//1992
f 2028//1992 2077//2041 2029//1993
f 2077//2041 2078//2042 2029//1993
f 2029//1993 2078//2042 2030//1994
f 2078//2042 2079//2043 2030//1994
f 2030//1994 2079//2043 2031//1995
f 2079//2043 2080//2044 2031//1995
f 2031//1995 2080//2044 2032//1996
f 2080//2044 2081//2045 2032//1996
f 2032//1996 2081//2045 2033//1997
f 2081//2045 2082//2046 2033//1997
f 2033//1997 2082//2046 2034//1998
f 2082//2046 2083//2047 2034//1998
f 2034//1998 2083//2047 2035//1999
f 2083//2047 2084//2048 2035//1999
f 2035//1999 2084//2048 2036//2000
f 2084//2048 2085//2049 2036//2000
f 2036//2000 2085//2049 2037//2001
f 2085//2049 2086//2050 2037//2001
f 2037//2001 2086//2050 2038//2002
f 2086//2050 2087//2051 2038//2002
f 2038//2002 2087//2051 2039//2003
f 2087//2051 2088//2052 2039//2003
f 2039//2003 2088//2052 2040//2004
f 2088//2052 2089//2053 2040//2004
f 2040//2004 2089//2053 2041//2005
f 2089//2053 2090//2054 2041//2005
f 2041//2005 2090//2054 2042//2006
f 2090//2054 2091//2055 2042//2006
f 2042//2006 2091//2055 2043//2007
f 2091//2055 2092//2056 2043//2007
f 2043//2007 2092//2056 2044//2008
f 2092//2056 2093//2057 2044//2008
f 2044//2008 2093//2057 2045//2009
f 2093//2057 2094//2058 2045//2009
f 2045//2009 2094//2058 2046//2010
f 2094//2058 2095//2059 2046//2010
f 2046//2010 2095//2059 2047//2011
f 2095//2059 2096//2060 2047//2011
f 2047//2011 2096//2060 2048//2012
f 2096//2060 2097//2061 2048//2012
f 2048//2012 2097//2061 2049//2013
f 2097//2061 2098//2062 2049//2013
f 2049//2013 2098//2062 2050//2014
f 2098//2062 2099//2063 2050//2014
f 2050//2014 2099//2063 2051//2015
f 2099//2063 2100//2064 2051//2015
f 2051//2015 2100//2064 2052//2016
f 2100//2064 2101//2065 2052//2016
f 2052//2016 2101//2065 2053//2017
f 2101//2065 2102//2066 2053//2017
f 2053//2017 2102//2066 2054//2018
f 2102//2066 2103//2067 2054//2018
f 2054//2018 2103//2067 2055//2019
f 2103//2067 2104//2068 2055//2019
f 2055//2019 2104//2068 2056//2020
f 2104//2068 2105//2069 2056//2020
f 2056//2020 2105//2069 2057//2021
f 2105//2069 2106//2070 2057//2021
f 2058//2022 2107//2071 2059//2023
f 2107//2071 2108//2072 2059//2023
f 2059//2023 2108//2072 2060//2024
f 2108//2072 2109//2073 2060//2024
f 2060//2024 2109//2073 2061//2025
f 2109//2073 2110//2074 2061//2025
f 2061//2025 2110//2074 2062//2026
f 2110//2074 2111//2075 2062//2026
f 2062//2026 2111//2075 2063//2027
f 2111//2075 2112//2076 2063//2027
f 2063//2027 2112//2076 2064//2028
f 2112//2076 2113//2077 2064//2028
f 2064//2028 2113//2077 2065//2029
f 2113//2077 2114//2078 2065//2029
f 2065//2029 2114//2078 2066//2030
f 2114//2078 2115//2079 2066//2030
f 2066//2030 2115//2079 2067//2031
f 2115//2079 2116//2080 2067//2031
f 2067//2031 2116//2080 2068//2032
f 2116//2080 2117//2081 2068//2032
f 2068//2032 2117//2081 2069//2033
f 2117//2081 2118//2082 2069//2033
f 2069//2033 2118//2082 2070//2034
f 2118//2082 2119//2083 2070//2034
f 2070//2034 2119//2083 2071//2035
f 2119//2083 2120//2084 2071//2035
f 2071//2035 2120//2084 2072//2036
f 2120//2084 2121//2085 2072//2036
f 2072//2036 2121//2085 2073//2037
f 2121//2085 2122//2086 2073//2037
f 2073//2037 2122//2086 2074//2038
f 2122//2086 2123//2087 2074//2038
f 2074//2038 2123//2087 2075//2039
f 2123//2087 2124//2088 2075//2039
f 2075//2039 2124//2088 2076//2040
f 2124//2088 2125//2089 2076//2040
f 2076//2040 2125//2089 2077//2041
f 2125//2089 2126//2090 2077//2041
f 2077//2041 2126//2090 2078//2042
f 2126//2090 2127//2091 2078//2042
f 2078//2042 2127//2091 2079//2043
f 2127//2091 2128//2092 2079//2043
f 2079//2043 2128//2092 2080//2044
f 2128//2092 2129//2093 2080//2044
f 2080//2044 2129//2093 2081//2045
f 2129//2093 2130//2094 2081//2045
f 2081//2045 2130//2094 2082//2046
f 2130//2094 2131//2095 2082//2046
f 2082//2046 2131//2095 2083//2047
f 2131//2095 2132//2096 2083//2047
f 2083//2047 2132//2096 2084//2048
f 2132//2096 2133//2097 2084//2048
f 2084//2048 2133//2097 2085//2049
f 2133//2097 2134//2098 2085//2049
f 2085//2049 2134//2098 2086//2050
f 2134//2098 2135//2099 2086//2050
f 2086//2050 2135//2099 2087//2051
f 2135//2099 2136//2100 2087//2051
f 2087//2051 2136//2100 2088//2052
f 2136//2100 2137//2101 2088//2052
f 2088//2052 2137//2101 2089//2053
f 2137//2101 2138//2102 2089//2053
f 2089//2053 2138//2102 2090//2054
f 2138//2102 2139//2103 2090//2054
f 2090//2054 2139//2103 2091//2055
f 2139//2103 2140//2104 2091//2055
f 2091//2055 2140//2104 2092//2056
f 2140//2104 2141//2105 2092//2056
f 2092//2056 2141//2105 2093//2057
f 2141//2105 2142//2106 2093//2057
f 2093//2057 2142//2106 2094//2058
f 2142//2106 2143//2107 2094//2058
f 2094//2058 2143//2107 2095//2059
f 2143//2107 2144//2108 2095//2059
f 2095//2059 2144//2108 2096//2060
f 2144//2108 2145//2109 2096//2060
f 2096//2060 2145//2109 2097//2061
f 2145//2109 2146//2110 2097//2061
f 2097//2061 2146//2110 2098//2062
f 2146//2110 2147//2111 2098//2062
f 2098//2062 2147//2111 2099//2063
f 2147//2111 2148//2112 2099//2063
f 2099//2063 2148//2112 2100//2064
f 2148//2112 2149//2113 2100//2064
f 2100//2064 2149//2113 2101//2065
f 2149//2113 2150//2114 2101//2065
f 2101//2065 2150//2114 2102//2066
f 2150//2114 2151//2115 2102//2066
f 2102//2066 2151//2115 2103//2067
f 2151//2115 2152//2116 2103//2067
f 2103//2067 2152//2116 2104//2068
f 2152//2116 2153//2117 2104//2068
f 2104//2068 2153//2117 2105//2069
f 2153//2117 2154//2118 2105//2069
f 2105//2069 2154//2118 2106//2070
f 2154//2118 2155//2119 2106//2070
f 2107//2071 2156//2120 2108//2072
f 2156//2120 2157//2121 2108//2072
f 2108//2072 2157//2121 2109//2073
f 2157//2121 2158//2122 2109//2073
f 2109//2073 2158//2122 2110//2074
f 2158//2122 2159//2123 2110//2074
f 2110//2074 2159//2123 2111//2075
f 2159//2123 2160//2124 2111//2075
f 2111//2075 2160//2124 2112//2076
f 2160//2124 2161//2125 2112//2076
f 2112//2076 2161//2125 2113//2077
f 2161//2125 2162//2126 2113//2077
f 2113//2077 2162//2126 2114//2078
f 2162//2126 2163//2127 2114//2078
f 2114//2078 2163//2127 2115//2079
f 2163//2127 2164//2128 2115//2079
f 2115//2079 2164//2128 2116//2080
f 2164//2128 2165//2129 2116//2080
f 2116//2080 2165//2129 2117//2081
f 2165//2129 2166//2130 2117//2081
f 2117//2081 2166//2130 2118//2082
f 2166//2130 2167//2131 2118//2082
f 2118//2082 2167//2131 2119//2083
f 2167//2131 2168//2132 2119//2083
f 2119//2083 2168//2132 2120//2084
f 2168//2132 2169//2133 2120//2084
f 2120//2084 2169//2133 2121//2085
f 2169//2133 2170//2134 2121//2085
f 2121//2085 2170//2134 2122//2086
f 2170//2134 2171//2135 2122//2086
f 2122//2086 2171//2135 2123//2087
f 2171//2135 2172//2136 2123//2087
f 2123//2087 2172//2136 2124//2088
f 2172//2136 2173//2137 2124//2088
f 2124//2088 2173//2137 2125//2089
f 2173//2137 2174//2138 2125//2089
f 2125//2089 2174//2138 2126//2090
f 2174//2138 2175//2139 2126//2090
f 2126//2090 2175//2139 2127//2091
f 2175//2139 2176//2140 2127//2091
f 2127//2091 2176//2140 2128//2092
f 2176//2140 2177//2141 2128//2092
f 2128//2092 2177//2141 2129//2093
f 2177//2141 2178//2142 2129//2093
f 2129//2093 2178//2142 2130//2094
f 2178//2142 2179//2143 2130//2094
f 2130//2094 2179//2143 2131//2095
f 2179//2143 2180//2144 2131//2095
f 2131//2095 2180//2144 2132//2096
f 2180//2144 2181//2145 2132//2096
f 2132//2096 2181//2145 2133//2097
f 2181//2145 2182//2146 2133//2097
f 2133//2097 2182//2146 2134//2098
f 2182//2146 2183//2147 2134//2098
f 2134//2098 2183//2147 2135//2099
f 2183//2147 2184//2148 2135//2099
f 2135//2099 2184//2148 2136//2100
f 2184//2148 2185//2149 2136//2100
f 2136//2100 2185//2149 2137//2101
f 2185//2149 2186//2150 2137//2101
f 2137//2101 2186//2150 2138//2102
f 2186//2150 2187//2151 2138//2102
f 2138//2102 2187//2151 2139//2103
f 2187//2151 2188//2152 2139//2103
f 2139//2103 2188//2152 2140//2104
f 2188//2152 2189//2153 2140//2104
f 2140//2104 2189//2153 2141//2105
f 2189//2153 2190//2154 2141//2105
f 2141//2105 2190//2154 2142//2106
f 2190//2154 2191//2155 2142//2106
f 2142//2106 2191//2155 2143//2107
f 2191//2155 2192//2156 2143//2107
f 2143//2107 2192//2156 2144//2108
f 2192//2156 2193//2157 2144//2108
f 2144//2108 2193//2157 2145//2109
f 2193//2157 2194//2158 2145//2109
f 2145//2109 2194//2158 2146//2110
f 2194//2158 2195//2159 2146//2110
f 2146//2110 2195//2159 2147//2111
f 2195//2159 2196//2160 2147//2111
f 2147//2111 2196//2160 2148//2112
f 2196//2160 2197//2161 2148//2112
f 2148//2112 2197//2161 2149//2113
f 2197//2161 2198//2162 2149//2113
f 2149//2113 2198//2162 2150//2114
f 2198//2162 2199//2163 2150//2114
f 2150//2114 2199//2163 2151//2115
f 2199//2163 2200//2164 2151//2115
f 2151//2115 2200//2164 2152//2116
f 2200//2164 2201//2165 2152//2116
f 2152//2116 2201//2165 2153//2117
f 2201//2165 2202//2166 2153//2117
f 2153//2117 2202//2166 2154//2118
f 2202//2166 2203//2167 2154//2118
f 2154//2118 2203//2167 2155//2119
f 2203//2167 2204//2168 2155//2119
f 2156//2120 2205//2169 2157//2121
f 2205//2169 2206//2170 2157//2121
f 2157//2121 2206//2170 2158//2122
f 2206//2170 2207//2171 2158//2122
f 2158//2122 2207//2171 2159//2123
f 2207//2171 2208//2172 2159//2123
f 2159//2123 2208//2172 2160//2124
f 2208//2172 2209//2173 2160//2124
f 2160//2124 2209//2173 2161//2125
f 2209//2173 2210//2174 2161//2125
f 2161//2125 2210//2174 2162//2126
f 2210//2174 2211//2175 2162//2126
f 2162//2126 2211//2175 2163//2127
f 2211//2175 2212//2176 2163//2127
f 2163//2127 2212//2176 2164//2128
f 2212//2176 2213//2177 2164//2128
f 2164//2128 2213//2177 2165//2129
f 2213//2177 2214//2178 2165//2129
f 2165//2129 2214//2178 2166//2130
f 2214//2178 2215//2179 2166//2130
f 2166//2130 2215//2179 2167//2131
f 2215//2179 2216//2180 2167//2131
f 2167//2131 2216//2180 2168//2132
f 2216//2180 2217//2181 2168//2132
f 2168//2132 2217//2181 2169//2133
f 2217//2181 2218//2182 2169//2133
f 2169//2133 2218//2182 2170//2134
f 2218//2182 2219//2183 2170//2134
f 2170//2134 2219//2183 2171//2135
f 2219//2183 2220//2184 2171//2135
f 2171//2135 2220//2184 2172//2136
f 2220//2184 2221//2185 2172//2136
f 2172//2136 2221//2185 2173//2137
f 2221//2185 2222//2186 2173//2137
f 2173//2137 2222//2186 2174//2138
f 2222//2186 2223//2187 2174//2138
f 2174//2138 2223//2187 2175//2139
f 2223//2187 2224//2188 2175//2139
f 2175//2139 2224//2188 2176//2140
f 2224//2188 2225//2189 2176//2140
f 2176//2140 2225//2189 2177//2141
f 2225//2189 2226//2190 2177//2141
f 2177//2141 2226//2190 2178//2142
f 2226//2190 2227//2191 2178//2142
f 2178//2142 2227//2191 2179//2143
f 2227//2191 2228//2192 2179//2143
f 2179//2143 2228//2192 2180//2144
f 2228//2192 2229//2193 2180//2144
f 2180//2144 2229//2193 2181//2145
f 2229//2193 2230//2194 2181//2145
f 2181//2145 2230//2194 2182//2146
f 2230//2194 2231//2195 2182//2146
f 2182//2146 2231//2195 2183//2147
f 2231//2195 2232//2196 2183//2147
f 2183//2147 2232//2196 2184//2148
f 2232//2196 2233//2197 2184//2148
f 2184//2148 2233//2197 2185//2149
f 2233//2197 2234//2198 2185//2149
f 2185//2149 2234//2198 2186//2150
f 2234//2198 2235//2199 2186//2150
f 2186//2150 2235//2199 2187//2151
f 2235//2199 2236//2200 2187//2151
f 2187//2151 2236//2200 2188//2152
f 2236//2200 2237//2201 2188//2152
f 2188//2152 2237//2201 2189//2153
f 2237//2201 2238//2202 2189//2153
f 2189//2153 2238//2202 2190//2154
f 2238//2202 2239//2203 2190//2154
f 2190//2154 2239//2203 2191//2155
f 2239//2203 2240//2204 2191//2155
f 2191//2155 2240//2204 2192//2156
f 2240//2204 2241//2205 2192//2156
f 2192//2156 2241//2205 2193//2157
f 2241//2205 2242//2206 2193//2157
f 2193//2157 2242//2206 2194//2158
f 2242//2206 2243//2207 2194//2158
f 2194//2158 2243//2207 2195//2159
f 2243//2207 2244//2208 2195//2159
f 2195//2159 2244//2208 2196//2160
f 2244//2208 2245//2209 2196//2160
f 2196//2160 2245//2209 2197//2161
f 2245//2209 2246//2210 2197//2161
f 2197//2161 2246//2210 2198//2162
f 2246//2210 2247//2211 2198//2162
f 2198//2162 2247//2211 2199//2163
f 2247//2211 2248//2212 2199//2163
f 2199//2163 2248//2212 2200//2164
f 2248//2212 2249//2213 2200//2164
f 2200//2164 2249//2213 2201//2165
f 2249//2213 2250//2214 2201//2165
f 2201//2165 2250//2214 2202//2166
f 2250//2214 2251//2215 2202//2166
f 2202//2166 2251//2215 2203//2167
f 2251//2215 2252//2216 2203//2167
f 2203//2167 2252//2216 2204//2168
f 2252//2216 2253//2217 2204//2168
f 2205//2169 2254//2218 2206//2170
f 2254//2218 2255//2219 2206//2170
f 2206//2170 2255//2219 2207//2171
f 2255//2219 2256//2220 2207//2171
f 2207//2171 2256//2220 2208//2172
f 2256//2220 2257//2221 2208//2172
f 2208//2172 2257//2221 2209//2173
f 2257//2221 2258//2222 2209//2173
f 2209//2173 2258//2222 2210//2174
f 2258//2222 2259//2223 2210//2174
f 2210//2174 2259//2223 2211//2175
f 2259//2223 2260//2224 2211//2175
f 2211//2175 2260//2224 2212//2176
f 2260//2224 2261//2225 2212//2176
f 2212//2176 2261//2225 2213//2177
f 2261//2225 2262//2226 2213//2177
f 2213//2177 2262//2226 2214//2178
f 2262//2226 2263//2227 2214//2178
f 2214//2178 2263//2227 2215//2179
f 2263//2227 2264//2228 2215//2179
f 2215//2179 2264//2228 2216//2180
f 2264//2228 2265//2229 2216//2180
f 2216//2180 2265//2229 2217//2181
f 2265//2229 2266//2230 2217//2181
f 2217//2181 2266//2230 2218//2182
f 2266//2230 2267//2231 2218//2182
f 2218//2182 2267//2231 2219//2183
f 2267//2231 2268//2232 2219//2183
f 2219//2183 2268//2232 2220//2184
f 2268//2232 2269//2233 2220//2184
f 2220//2184 2269//2233 2221//2185
f 2269//2233 2270//2234 2221//2185
f 2221//2185 2270//2234 2222//2186
f 2270//2234 2271//2235 2222//2186
f 2222//2186 2271//2235 2223//2187
f 2271//2235 2272//2236 2223//2187
f 2223//2187 2272//2236 2224//2188
f 2272//2236 2273//2237 2224//2188
f 2224//2188 2273//2237 2225//2189
f 2273//2237 2274//2238 2225//2189
f 2225//2189 2274//2238 2226//2190
f 2274//2238 2275//2239 2226//2190
f 2226//2190 2275//2239 2227//2191
f 2275//2239 2276//2240 2227//2191
f 2227//2191 2276//2240 2228//2192
f 2276//2240 2277//2241 2228//2192
f 2228//2192 2277//2241 2229//2193
f 2277//2241 2278//2242 2229//2193
f 2229//2193 2278//2242 2230//2194
f 2278//2242 2279//2243 2230//2194
f 2230//2194 2279//2243 2231//2195
f 2279//2243 2280//2244 2231//2195
f 2231//2195 2280//2244 2232//2196
f 2280//2244 2281//2245 2232//2196
f 2232//2196 2281//2245 2233//2197
f 2281//2245 2282//2246 2233//2197
f 2233//2197 2282//2246 2234//2198
f 2282//2246 2283//2247 2234//2198
f 2234//2198 2283//2247 2235//2199
f 2283//2247 2284//2248 2235//2199
f 2235//2199 2284//2248 2236//2200
f 2284//2248 2285//2249 2236//2200
f 2236//2200 2285//2249 2237//2201
f 2285//2249 2286//2250 2237//2201
f 2237//2201 2286//2250 2238//2202
f 2286//2250 2287//2251 2238//2202
f 2238//2202 2287//2251 2239//2203
f 2287//2251 2288//2252 2239//2203
f 2239//2203 2288//2252 2240//2204
f 2288//2252 2289//2253 2240//2204
f 2240//2204 2289//2253 2241//2205
f 2289//2253 2290//2254 2241//2205
f 2241//2205 2290//2254 2242//2206
f 2290//2254 2291//2255 2242//2206
f 2242//2206 2291//2255 2243//2207
f 2291//2255 2292//2256 2243//2207
f 2243//2207 2292//2256 2244//2208
f 2292//2256 2293//2257 2244//2208
f 2244//2208 2293//2257 2245//2209
f 2293//2257 2294//2258 2245//2209
f 2245//2209 2294//2258 2246//2210
f 2294//2258 2295//2259 2246//2210
f 2246//2210 2295//2259 2247//2211
f 2295//2259 2296//2260 2247//2211
f 2247//2211 2296//2260 2248//2212
f 2296//2260 2297//2261 2248//2212
f 2248//2212 2297//2261 2249//2213
f 2297//2261 2298//2262 2249//2213
f 2249//2213 2298//2262 2250//2214
f 2298//2262 2299//2263 2250//2214
f 2250//2214 2299//2263 2251//2215
f 2299//2263 2300//2264 2251//2215
f 2251//2215 2300//2264 2252//2216
f 2300//2264 2301//2265 2252//2216
f 2252//2216 2301//2265 2253//2217
f 2301//2265 2302//2266 2253//2217
f 2254//2218 2303//2267 2255//2219
f 2303//2267 2304//2268 2255//2219
f 2255//2219 2304//2268 2256//2220
f 2304//2268 2305//2269 2256//2220
f 2256//2220 2305//2269 2257//2221
f 2305//2269 2306//2270 2257//2221
f 2257//2221 2306//2270 2258//2222
f 2306//2270 2307//2271 2258//2222
f 2258//2222 2307//2271 2259//2223
f 2307//2271 2308//2272 2259//2223
f 2259//2223 2308//2272 2260//2224
f 2308//2272 2309//2273 2260//2224
f 2260//2224 2309//2273 2261//2225
f 2309//2273 2310//2274 2261//2225
f 2261//2225 2310//2274 2262//2226
f 2310//2274 2311//2275 2262//2226
f 2262//2226 2311//2275 2263//2227
f 2311//2275 2312//2276 2263//2227
f 2263//2227 2312//2276 2264//2228
f 2312//2276 2313//2277 2264//2228
f 2264//2228 2313//2277 2265//2229
f 2313//2277 2314//2278 2265//2229
f 2265//2229 2314//2278 2266//2230
f 2314//2278 2315//2279 2266//2230
f 2266//2230 2315//2279 2267//2231
f 2315//2279 2316//2280 2267//2231
f 2267//2231 2316//2280 2268//2232
f 2316//2280 2317//2281 2268//2232
f 2268//2232 2317//2281 2269//2233
f 2317//2281 2318//2282 2269//2233
f 2269//2233 2318//2282 2270//2234
f 2318//2282 2319//2283 2270//2234
f 2270//2234 2319//2283 2271//2235
f 2319//2283 2320//2284 2271//2235
f 2271//2235 2320//2284 2272//2236
f 2320//2284 2321//2285 2272//2236
f 2272//2236 2321//2285 2273//2237
f 2321//2285 2322//2286 2273//2237
f 2273//2237 2322//2286 2274//2238
f 2322//2286 2323//2287 2274//2238
f 2274//2238 2323//2287 2275//2239
f 2323//2287 2324//2288 2275//2239
f 2275//2239 2324//2288 2276//2240
f 2324//2288 2325//2289 2276//2240
f 2276//2240 2325//2289 2277//2241
f 2325//2289 2326//2290 2277//2241
f 2277//2241 2326//2290 2278//2242
f 2326//2290 2327//2291 2278//2242
f 2278//2242 2327//2291 2279//2243
f 2327//2291 2328//2292 2279//2243
f 2279//2243 2328//2292 2280//2244
f 2328//2292 2329//2293 2280//2244
f 2280//2244 2329//2293 2281//2245
f 2329//2293 2330//2294 2281//2245
f 2281//2245 2330//2294 2282//2246
f 2330//2294 2331//2295 2282//2246
f 2282//2246 2331//2295 2283//2247
f 2331//2295 2332//2296 2283//2247
f 2283//2247 2332//2296 2284//2248
f 2332//2296 2333//2297 2284//2248
f 2284//2248 2333//2297 2285//2249
f 2333//2297 2334//2298 2285//2249
f 2285//2249 2334//2298 2286//2250
f 2334//2298 2335//2299 2286//2250
f 2286//2250 2335//2299 2287//2251
f 2335//2299 2336//2300 2287//2251
f 2287//2251 2336//2300 2288//2252
f 2336//2300 2337//2301 2288//2252
f 2288//2252 2337//2301 2289//2253
f 2337//2301 2338//2302 2289//2253
f 2289//2253 2338//2302 2290//2254
f 2338//2302 2339//2303 2290//2254
f 2290//2254 2339//2303 2291//2255
f 2339//2303 2340//2304 2291//2255
f 2291//2255 2340//2304 2292//2256
f 2340//2304 2341//2305 2292//2256
f 2292//2256 2341//2305 2293//2257
f 2341//2305 2342//2306 2293//2257
f 2293//2257 2342//2306 2294//2258
f 2342//2306 2343//2307 2294//2258
f 2294//2258 2343//2307 2295//2259
f 2343//2307 2344//2308 2295//2259
f 2295//2259 2344//2308 2296//2260
f 2344//2308 2345//2309 2296//2260
f 2296//2260 2345//2309 2297//2261
f 2345//2309 2346//2310 2297//2261
f 2297//2261 2346//2310 2298//2262
f 2346//2310 2347//2311 2298//2262
f 2298//2262 2347//2311 2299//2263
f 2347//2311 2348//2312 2299//2263
f 2299//2263 2348//2312 2300//2264
f 2348//2312 2349//2313 2300//2264
f 2300//2264 2349//2313 2301//2265
f 2349//2313 2350//2314 2301//2265
f 2301//2265 2350//2314 2302//2266
f 2350//2314 2351//2315 2302//2266
f 2303//2267 2352//2316 2304//2268
f 2352//2316 2353//2317 2304//2268
f 2304//2268 2353//2317 2305//2269
f 2353//2317 2354//2318 2305//2269
f 2305//2269 2354//2318 2306//2270
f 2354//2318 2355//2319 2306//2270
f 2306//2270 2355//2319 2307//2271
f 2355//2319 2356//2320 2307//2271
f 2307//2271 2356//2320 2308//2272
f 2356//2320 2357//2321 2308//2272
f 2308//2272 2357//2321 2309//2273
f 2357//2321 2358//2322 2309//2273
f 2309//2273 2358//2322 2310//2274
f 2358//2322 2359//2323 2310//2274
f 2310//2274 2359//2323 2311//2275
f 2359//2323 2360//2324 2311//2275
f 2311//2275 2360//2324 2312//2276
f 2360//2324 2361//2325 2312//2276
f 2312//2276 2361//2325 2313//2277
f 2361//2325 2362//2326 2313//2277
f 2313//2277 2362//2326 2314//2278
f 2362//2326 2363//2327 2314//2278
f 2314//2278 2363//2327 2315//2279
f 2363//2327 2364//2328 2315//2279
f 2315//2279 2364//2328 2316//2280
f 2364//2328 2365//2329 2316//2280
f 2316//2280 2365//2329 2317//2281
f 2365//2329 2366//2330 2317//2281
f 2317//2281 2366//2330 2318//2282
f 2366//2330 2367//2331 2318//2282
f 2318//2282 2367//2331 2319//2283
f 2367//2331 2368//2332 2319//2283
f 2319//2283 2368//2332 2320//2284
f 2368//2332 2369//2333 2320//2284
f 2320//2284 2369//2333 2321//2285
f 2369//2333 2370//2334 2321//2285
f 2321//2285 2370//2334 2322//2286
f 2370//2334 2371//2335 2322//2286
f 2322//2286 2371//2335 2323//2287
f 2371//2335 2372//2336 2323//2287
f 2323//2287 2372//2336 2324//2288
f 2372//2336 2373//2337 2324//2288
f 2324//2288 2373//2337 2325//2289
f 2373//2337 2374//2338 2325//2289
f 2325//2289 2374//2338 2326//2290
f 2374//2338 2375//2339 2326//2290
f 2326//2290 2375//2339 2327//2291
f 2375//2339 2376//2340 2327//2291
f 2327//2291 2376//2340 2328//2292
f 2376//2340 2377//2341 2328//2292
f 2328//2292 2377//2341 2329//2293
f 2377//2341 2378//2342 2329//2293
f 2329//2293 2378//2342 2330//2294
f 2378//2342 2379//2343 2330//2294
f 2330//2294 2379//2343 2331//2295
f 2379//2343 2380//2344 2331//2295
f 2331//2295 2380//2344 2332//2296
f 2380//2344 2381//2345 2332//2296
f 2332//2296 2381//2345 2333//2297
f 2381//2345 2382//2346 2333//2297
f 2333//2297 2382//2346 2334//2298
f 2382//2346 2383//2347 2334//2298
f 2334//2298 2383//2347 2335//2299
f 2383//2347 2384//2348 2335//2299
f 2335//2299 2384//2348 2336//2300
f 2384//2348 2385//2349 2336//2300
f 2336//2300 2385//2349 2337//2301
f 2385//2349 2386//2350 2337//2301
f 2337//2301 2386//2350 2338//2302
f 2386//2350 2387//2351 2338//2302
f 2338//2302 2387//2351 2339//2303
f 2387//2351 2388//2352 2339//2303
f 2339//2303 2388//2352 2340//2304
f 2388//2352 2389//2353 2340//2304
f 2340//2304 2389//2353 2341//2305
f 2389//2353 2390//2354 2341//2305
f 2341//2305 2390//2354 2342//2306
f 2390//2354 2391//2355 2342//2306
f 2342//2306 2391//2355 2343//2307
f 2391//2355 2392//2356 2343//2307
f 2343//2307 2392//2356 2344//2308
f 2392//2356 2393//2357 2344//2308
f 2344//2308 2393//2357 2345//2309
f 2393//2357 2394//2358 2345//2309
f 2345//2309 2394//2358 2346//2310
f 2394//2358 2395//2359 2346//2310
f 2346//2310 2395//2359 2347//2311
f 2395//2359 2396//2360 2347//2311
f 2347//2311 2396//2360 2348//2312
f 2396//2360 2397//2361 2348//2312
f 2348//2312 2397//2361 2349//2313
f 2397//2361 2398//2362 2349//2313
f 2349//2313 2398//2362 2350//2314
f 2398//2362 2399//2363 2350//2314
f 2350//2314 2399//2363 2351//2315
f 2399//2363 2400//2364 2351//2315
f 2352//2316 2401//2365 2353//2317
f 2401//2365 2402//2366 2353//2317
f 2353//2317 2402//2366 2354//2318
f 2402//2366 2403//2367 2354//2318
f 2354//2318 2403//2367 2355//2319
f 2403//2367 2404//2368 2355//2319
f 2355//2319 2404//2368 2356//2320
f 2404//2368 2405//2369 2356//2320
f 2356//2320 2405//2369 2357//2321
f 2405//2369 2406//2370 2357//2321
f 2357//2321 2406//2370 2358//2322
f 2406//2370 2407//2371 2358//2322
f 2358//2322 2407//2371 2359//2323
f 2407//2371 2408//2372 2359//2323
f 2359//2323 2408//2372 2360//2324
f 2408//2372 2409//2373 2360//2324
f 2360//2324 2409//2373 2361//2325
f 2409//2373 2410//2374 2361//2325
f 2361//2325 2410//2374 2362//2326
f 2410//2374 2411//2375 2362//2326
f 2362//2326 2411//2375 2363//2327
f 2411//2375 2412//2376 2363//2327
f 2363//2327 2412//2376 2364//2328
f 2412//2376 2413//2377 2364//2328
f 2364//2328 2413//2377 2365//2329
f 2413//2377 2414//2378 2365//2329
f 2365//2329 2414//2378 2366//2330
f 2414//2378 2415//2379 2366//2330
f 2366//2330 2415//2379 2367//2331
f 2415//2379 2416//2380 2367//2331
f 2367//2331 2416//2380 2368//2332
f 2416//2380 2417//2381 2368//2332
f 2368//2332 2417//2381 2369//2333
f 2417//2381 2418//2382 2369//2333
f 2369//2333 2418//2382 2370//2334
f 2418//2382 2419//2383 2370//2334
f 2370//2334 2419//2383 2371//2335
f 2419//2383 2420//2384 2371//2335
f 2371//2335 2420//2384 2372//2336
f 2420//2384 2421//2385 2372//2336
f 2372//2336 2421//2385 2373//2337
f 2421//2385 2422//2386 2373//2337
f 2373//2337 2422//2386 2374//2338
f 2422//2386 2423//2387 2374//2338
f 2374//2338 2423//2387 2375//2339
f 2423//2387 2424//2388 2375//2339
f 2375//2339 2424//2388 2376//2340
f 2424//2388 2425//2389 2376//2340
f 2376//2340 2425//2389 2377//2341
f 2425//2389 2426//2390 2377//2341
f 2377//2341 2426//2390 2378//2342
f 2426//2390 2427//2391 2378//2342
f 2378//2342 2427//2391 2379//2343
f 2427//2391 2428//2392 2379//2343
f 2379//2343 2428//2392 2380//2344
f 2428//2392 2429//2393 2380//2344
f 2380//2344 2429//2393 2381//2345
f 2429//2393 2430//2394 2381//2345
f 2381//2345 2430//2394 2382//2346
f 2430//2394 2431//2395 2382//2346
f 2382//2346 2431//2395 2383//2347
f 2431//2395 2432//2396 2383//2347
f 2383//2347 2432//2396 2384//2348
f 2432//2396 2433//2397 2384//2348
f 2384//2348 2433//2397 2385//2349
f 2433//2397 2434//2398 2385//2349
f 2385//2349 2434//2398 2386//2350
f 2434//2398 2435//2399 2386//2350
f 2386//2350 2435//2399 2387//2351
f 2435//2399 2436//2400 2387//2351
f 2387//2351 2436//2400 2388//2352
f 2436//2400 2437//2401 2388//2352
f 2388//2352 2437//2401 2389//2353
f 2437//2401 2438//2402 2389//2353
f 2389//2353 2438//2402 2390//2354
f 2438//2402 2439//2403 2390//2354
f 2390//2354 2439//2403 2391//2355
f 2439//2403 2440//2404 2391//2355
f 2391//2355 2440//2404 2392//2356
f 2440//2404 2441//2405 2392//2356
f 2392//2356 2441//2405 2393//2357
f 2441//2405 2442//2406 2393//2357
f 2393//2357 2442//2406 2394//2358
f 2442//2406 2443//2407 2394//2358
f 2394//2358 2443//2407 2395//2359
f 2443//2407 2444//2408 2395//2359
f 2395//2359 2444//2408 2396//2360
f 2444//2408 2445//2409 2396//2360
f 2396//2360 2445//2409 2397//2361
f 2445//2409 2446//2410 2397//2361
f 2397//2361 2446//2410 2398//2362
f 2446//2410 2447//2411 2398//2362
f 2398//2362 2447//2411 2399//2363
f 2447//2411 2448//2412 2399//2363
f 2399//2363 2448//2412 2400//2364
f 2448//2412 2449//2413 2400//2364
f 2401//2365 2450//2414 2402//2366
f 2402//2366 2451//2415 2403//2367
f 2403//2367 2452//2416 2404//2368
f 2404//2368 2453//2417 2405//2369
f 2405//2369 2454//2418 2406//2370
f 2406//2370 2455//2419 2407//2371
f 2407//2371 2456//2420 2408//2372
f 2408//2372 2457//2421 2409//2373
f 2409//2373 2458//2422 2410//2374
f 2410//2374 2459//2423 2411//2375
f 2411//2375 2460//2424 2412//2376
f 2412//2376 2461//2425 2413//2377
f 2413//2377 2462//2426 2414//2378
f 2414//2378 2463//2427 2415//2379
f 2415//2379 2464//2428 2416//2380
f 2416//2380 2465//2429 2417//2381
f 2417//2381 2466//2430 2418//2382
f 2418//2382 2467//2431 2419//2383
f 2419//2383 2468//2432 2420//2384
f 2420//2384 2469//2433 2421//2385
f 2421//2385 2470//2434 2422//2386
f 2422//2386 2471//2435 2423//2387
f 2423//2387 2472//2436 2424//2388
f 2424//2388 2473//2437 2425//2389
f 2425//2389 2474//2438 2426//2390
f 2426//2390 2475//2439 2427//2391
f 2427//2391 2476//2440 2428//2392
f 2428//2392 2477//2441 2429//2393
f 2429//2393 2478//2442 2430//2394
f 2430//2394 2479//2443 2431//2395
f 2431//2395 2480//2444 2432//2396
f 2432//2396 2481//2445 2433//2397
f 2433//2397 2482//2446 2434//2398
f 2434//2398 2483//2447 2435//2399
f 2435//2399 2484//2448 2436//2400
f 2436//2400 2485//2449 2437//2401
f 2437//2401 2486//2450 2438//2402
f 2438//2402 2487//2451 2439//2403
f 2439//2403 2488//2452 2440//2404
f 2440//2404 2489//2453 2441//2405
f 2441//2405 2490//2454 2442//2406
f 2442//2406 2491//2455 2443//2407
f 2443//2407 2492//2456 2444//2408
f 2444//2408 2493//2457 2445//2409
f 2445//2409 2494//2458 2446//2410
f 2446//2410 2495//2459 2447//2411
f 2447//2411 2496//2460 2448//2412
f 2448//2412 2497//2461 2449//2413
