mtllib showcase.mtl
v -1600.0000 0.0000 -1600.0000
v 1600.0000 0.0000 -1600.0000
v 1600.0000 0.0000 1600.0000
v -1600.0000 0.0000 1600.0000
v 215.0000 90.0000 0.0000
v 213.6210 102.2387 0.0000
v 209.5533 113.8636 0.0000
v 203.0007 124.2919 0.0000
v 194.2919 133.0007 0.0000
v 183.8636 139.5533 0.0000
v 172.2387 143.6210 0.0000
v 160.0000 145.0000 0.0000
v 147.7613 143.6210 0.0000
v 136.1364 139.5533 0.0000
v 125.7081 133.0007 0.0000
v 116.9993 124.2919 0.0000
v 110.4467 113.8636 0.0000
v 106.3790 102.2387 0.0000
v 105.0000 90.0000 0.0000
v 106.3790 77.7613 0.0000
v 110.4467 66.1364 0.0000
v 116.9993 55.7081 0.0000
v 125.7081 46.9993 0.0000
v 136.1364 40.4467 0.0000
v 147.7613 36.3790 0.0000
v 160.0000 35.0000 0.0000
v 172.2387 36.3790 0.0000
v 183.8636 40.4467 0.0000
v 194.2919 46.9993 0.0000
v 203.0007 55.7081 0.0000
v 209.5533 66.1364 0.0000
v 213.6210 77.7613 0.0000
v 215.0000 90.0000 0.0000
v 213.9647 90.0000 21.0737
v 212.5924 102.2387 20.9385
v 208.5442 113.8636 20.5398
v 202.0232 124.2919 19.8976
v 193.3564 133.0007 19.0439
v 182.9783 139.5533 18.0218
v 171.4093 143.6210 16.8823
v 159.2296 145.0000 15.6827
v 147.0498 143.6210 14.4831
v 135.4809 139.5533 13.3437
v 125.1027 133.0007 12.3215
v 116.4359 124.2919 11.4679
v 109.9149 113.8636 10.8257
v 105.8667 102.2387 10.4270
v 104.4944 90.0000 10.2918
v 105.8667 77.7613 10.4270
v 109.9149 66.1364 10.8257
v 116.4359 55.7081 11.4679
v 125.1027 46.9993 12.3215
v 135.4809 40.4467 13.3437
v 147.0498 36.3790 14.4831
v 159.2296 35.0000 15.6827
v 171.4093 36.3790 16.8823
v 182.9783 40.4467 18.0218
v 193.3564 46.9993 19.0439
v 202.0232 55.7081 19.8976
v 208.5442 66.1364 20.5398
v 212.5924 77.7613 20.9385
v 213.9647 90.0000 21.0737
v 210.8688 90.0000 41.9444
v 209.5164 102.2387 41.6754
v 205.5268 113.8636 40.8818
v 199.1001 124.2919 39.6035
v 190.5587 133.0007 37.9045
v 180.3307 139.5533 35.8700
v 168.9291 143.6210 33.6021
v 156.9256 145.0000 31.2145
v 144.9222 143.6210 28.8268
v 133.5206 139.5533 26.5589
v 123.2926 133.0007 24.5244
v 114.7512 124.2919 22.8254
v 108.3245 113.8636 21.5471
v 104.3349 102.2387 20.7535
v 102.9825 90.0000 20.4845
v 104.3349 77.7613 20.7535
v 108.3245 66.1364 21.5471
v 114.7512 55.7081 22.8254
v 123.2926 46.9993 24.5244
v 133.5206 40.4467 26.5589
v 144.9222 36.3790 28.8268
v 156.9256 35.0000 31.2145
v 168.9291 36.3790 33.6021
v 180.3307 40.4467 35.8700
v 190.5587 46.9993 37.9045
v 199.1001 55.7081 39.6035
v 205.5268 66.1364 40.8818
v 209.5164 77.7613 41.6754
v 210.8688 90.0000 41.9444
v 205.7422 90.0000 62.4112
v 204.4226 102.2387 62.0109
v 200.5300 113.8636 60.8301
v 194.2596 124.2919 58.9280
v 185.9258 133.0007 56.4000
v 175.9465 139.5533 53.3728
v 164.8221 143.6210 49.9982
v 153.1105 145.0000 46.4455
v 141.3988 143.6210 42.8929
v 130.2744 139.5533 39.5183
v 120.2951 133.0007 36.4911
v 111.9613 124.2919 33.9631
v 105.6909 113.8636 32.0610
v 101.7983 102.2387 30.8802
v 100.4787 90.0000 30.4799
v 101.7983 77.7613 30.8802
v 105.6909 66.1364 32.0610
v 111.9613 55.7081 33.9631
v 120.2951 46.9993 36.4911
v 130.2744 40.4467 39.5183
v 141.3988 36.3790 42.8929
v 153.1105 35.0000 46.4455
v 164.8221 36.3790 49.9982
v 175.9465 40.4467 53.3728
v 185.9258 46.9993 56.4000
v 194.2596 55.7081 58.9280
v 200.5300 66.1364 60.8301
v 204.4226 77.7613 62.0109
v 205.7422 90.0000 62.4112
v 198.6341 90.0000 82.2769
v 197.3601 102.2387 81.7492
v 193.6020 113.8636 80.1926
v 187.5482 124.2919 77.6850
v 179.5023 133.0007 74.3523
v 169.8678 139.5533 70.3616
v 159.1278 143.6210 65.9129
v 147.8207 145.0000 61.2293
v 136.5137 143.6210 56.5458
v 125.7736 139.5533 52.0971
v 116.1391 133.0007 48.1064
v 108.0932 124.2919 44.7737
v 102.0395 113.8636 42.2661
v 98.2813 102.2387 40.7095
v 97.0074 90.0000 40.1818
v 98.2813 77.7613 40.7095
v 102.0395 66.1364 42.2661
v 108.0932 55.7081 44.7737
v 116.1391 46.9993 48.1064
v 125.7736 40.4467 52.0971
v 136.5137 36.3790 56.5458
v 147.8207 35.0000 61.2293
v 159.1278 36.3790 65.9129
v 169.8678 40.4467 70.3616
v 179.5023 46.9993 74.3523
v 187.5482 55.7081 77.6850
v 193.6020 66.1364 80.1926
v 197.3601 77.7613 81.7492
v 198.6341 90.0000 82.2769
v 189.6131 90.0000 101.3503
v 188.3969 102.2387 100.7003
v 184.8095 113.8636 98.7827
v 179.0307 124.2919 95.6939
v 171.3502 133.0007 91.5886
v 162.1532 139.5533 86.6727
v 151.9009 143.6210 81.1927
v 141.1074 145.0000 75.4235
v 130.3139 143.6210 69.6542
v 120.0616 139.5533 64.1743
v 110.8646 133.0007 59.2584
v 103.1841 124.2919 55.1531
v 97.4053 113.8636 52.0642
v 93.8179 102.2387 50.1467
v 92.6017 90.0000 49.4967
v 93.8179 77.7613 50.1467
v 97.4053 66.1364 52.0642
v 103.1841 55.7081 55.1531
v 110.8646 46.9993 59.2584
v 120.0616 40.4467 64.1743
v 130.3139 36.3790 69.6542
v 141.1074 35.0000 75.4235
v 151.9009 36.3790 81.1927
v 162.1532 40.4467 86.6727
v 171.3502 46.9993 91.5886
v 179.0307 55.7081 95.6939
v 184.8095 66.1364 98.7827
v 188.3969 77.7613 100.7003
v 189.6131 90.0000 101.3503
v 178.7660 90.0000 119.4476
v 177.6194 102.2387 118.6815
v 174.2372 113.8636 116.4216
v 168.7889 124.2919 112.7812
v 161.5478 133.0007 107.9428
v 152.8770 139.5533 102.1491
v 143.2112 143.6210 95.6907
v 133.0351 145.0000 88.8912
v 122.8591 143.6210 82.0918
v 113.1933 139.5533 75.6333
v 104.5224 133.0007 69.8397
v 97.2813 124.2919 65.0013
v 91.8331 113.8636 61.3609
v 88.4509 102.2387 59.1010
v 87.3043 90.0000 58.3349
v 88.4509 77.7613 59.1010
v 91.8331 66.1364 61.3609
v 97.2813 55.7081 65.0013
v 104.5224 46.9993 69.8397
v 113.1933 40.4467 75.6333
v 122.8591 36.3790 82.0918
v 133.0351 35.0000 88.8912
v 143.2112 36.3790 95.6907
v 152.8770 40.4467 102.1491
v 161.5478 46.9993 107.9428
v 168.7889 55.7081 112.7812
v 174.2372 66.1364 116.4216
v 177.6194 77.7613 118.6815
v 178.7660 90.0000 119.4476
v 166.1972 90.0000 136.3946
v 165.1313 102.2387 135.5198
v 161.9869 113.8636 132.9392
v 156.9217 124.2919 128.7823
v 150.1897 133.0007 123.2575
v 142.1285 139.5533 116.6418
v 133.1423 143.6210 109.2670
v 123.6817 145.0000 101.5029
v 114.2211 143.6210 93.7388
v 105.2349 139.5533 86.3640
v 97.1736 133.0007 79.7483
v 90.4417 124.2919 74.2236
v 85.3765 113.8636 70.0667
v 82.2321 102.2387 67.4861
v 81.1661 90.0000 66.6113
v 82.2321 77.7613 67.4861
v 85.3765 66.1364 70.0667
v 90.4417 55.7081 74.2236
v 97.1736 46.9993 79.7483
v 105.2349 40.4467 86.3640
v 114.2211 36.3790 93.7388
v 123.6817 35.0000 101.5029
v 133.1423 36.3790 109.2670
v 142.1285 40.4467 116.6418
v 150.1897 46.9993 123.2575
v 156.9217 55.7081 128.7823
v 161.9869 66.1364 132.9392
v 165.1313 77.7613 135.5198
v 166.1972 90.0000 136.3946
v 152.0280 90.0000 152.0280
v 151.0529 102.2387 151.0529
v 148.1766 113.8636 148.1766
v 143.5432 124.2919 143.5432
v 137.3851 133.0007 137.3851
v 130.0112 139.5533 130.0112
v 121.7911 143.6210 121.7911
v 113.1371 145.0000 113.1371
v 104.4831 143.6210 104.4831
v 96.2630 139.5533 96.2630
v 88.8890 133.0007 88.8890
v 82.7310 124.2919 82.7310
v 78.0976 113.8636 78.0976
v 75.2213 102.2387 75.2213
v 74.2462 90.0000 74.2462
v 75.2213 77.7613 75.2213
v 78.0976 66.1364 78.0976
v 82.7310 55.7081 82.7310
v 88.8890 46.9993 88.8890
v 96.2630 40.4467 96.2630
v 104.4831 36.3790 104.4831
v 113.1371 35.0000 113.1371
v 121.7911 36.3790 121.7911
v 130.0112 40.4467 130.0112
v 137.3851 46.9993 137.3851
v 143.5432 55.7081 143.5432
v 148.1766 66.1364 148.1766
v 151.0529 77.7613 151.0529
v 152.0280 90.0000 152.0280
v 136.3946 90.0000 166.1972
v 135.5198 102.2387 165.1313
v 132.9392 113.8636 161.9869
v 128.7823 124.2919 156.9217
v 123.2575 133.0007 150.1897
v 116.6418 139.5533 142.1285
v 109.2670 143.6210 133.1423
v 101.5029 145.0000 123.6817
v 93.7388 143.6210 114.2211
v 86.3640 139.5533 105.2349
v 79.7483 133.0007 97.1736
v 74.2236 124.2919 90.4417
v 70.0667 113.8636 85.3765
v 67.4861 102.2387 82.2321
v 66.6113 90.0000 81.1661
v 67.4861 77.7613 82.2321
v 70.0667 66.1364 85.3765
v 74.2236 55.7081 90.4417
v 79.7483 46.9993 97.1736
v 86.3640 40.4467 105.2349
v 93.7388 36.3790 114.2211
v 101.5029 35.0000 123.6817
v 109.2670 36.3790 133.1423
v 116.6418 40.4467 142.1285
v 123.2575 46.9993 150.1897
v 128.7823 55.7081 156.9217
v 132.9392 66.1364 161.9869
v 135.5198 77.7613 165.1313
v 136.3946 90.0000 166.1972
v 119.4476 90.0000 178.7660
v 118.6815 102.2387 177.6194
v 116.4216 113.8636 174.2372
v 112.7812 124.2919 168.7889
v 107.9428 133.0007 161.5478
v 102.1491 139.5533 152.8770
v 95.6907 143.6210 143.2112
v 88.8912 145.0000 133.0351
v 82.0918 143.6210 122.8591
v 75.6333 139.5533 113.1933
v 69.8397 133.0007 104.5224
v 65.0013 124.2919 97.2813
v 61.3609 113.8636 91.8331
v 59.1010 102.2387 88.4509
v 58.3349 90.0000 87.3043
v 59.1010 77.7613 88.4509
v 61.3609 66.1364 91.8331
v 65.0013 55.7081 97.2813
v 69.8397 46.9993 104.5224
v 75.6333 40.4467 113.1933
v 82.0918 36.3790 122.8591
v 88.8912 35.0000 133.0351
v 95.6907 36.3790 143.2112
v 102.1491 40.4467 152.8770
v 107.9428 46.9993 161.5478
v 112.7812 55.7081 168.7889
v 116.4216 66.1364 174.2372
v 118.6815 77.7613 177.6194
v 119.4476 90.0000 178.7660
v 101.3503 90.0000 189.6131
v 100.7003 102.2387 188.3969
v 98.7827 113.8636 184.8095
v 95.6939 124.2919 179.0307
v 91.5886 133.0007 171.3502
v 86.6727 139.5533 162.1532
v 81.1927 143.6210 151.9009
v 75.4235 145.0000 141.1074
v 69.6542 143.6210 130.3139
v 64.1743 139.5533 120.0616
v 59.2584 133.0007 110.8646
v 55.1531 124.2919 103.1841
v 52.0642 113.8636 97.4053
v 50.1467 102.2387 93.8179
v 49.4967 90.0000 92.6017
v 50.1467 77.7613 93.8179
v 52.0642 66.1364 97.4053
v 55.1531 55.7081 103.1841
v 59.2584 46.9993 110.8646
v 64.1743 40.4467 120.0616
v 69.6542 36.3790 130.3139
v 75.4235 35.0000 141.1074
v 81.1927 36.3790 151.9009
v 86.6727 40.4467 162.1532
v 91.5886 46.9993 171.3502
v 95.6939 55.7081 179.0307
v 98.7827 66.1364 184.8095
v 100.7003 77.7613 188.3969
v 101.3503 90.0000 189.6131
v 82.2769 90.0000 198.6341
v 81.7492 102.2387 197.3601
v 80.1926 113.8636 193.6020
v 77.6850 124.2919 187.5482
v 74.3523 133.0007 179.5023
v 70.3616 139.5533 169.8678
v 65.9129 143.6210 159.1278
v 61.2293 145.0000 147.8207
v 56.5458 143.6210 136.5137
v 52.0971 139.5533 125.7736
v 48.1064 133.0007 116.1391
v 44.7737 124.2919 108.0932
v 42.2661 113.8636 102.0395
v 40.7095 102.2387 98.2813
v 40.1818 90.0000 97.0074
v 40.7095 77.7613 98.2813
v 42.2661 66.1364 102.0395
v 44.7737 55.7081 108.0932
v 48.1064 46.9993 116.1391
v 52.0971 40.4467 125.7736
v 56.5458 36.3790 136.5137
v 61.2293 35.0000 147.8207
v 65.9129 36.3790 159.1278
v 70.3616 40.4467 169.8678
v 74.3523 46.9993 179.5023
v 77.6850 55.7081 187.5482
v 80.1926 66.1364 193.6020
v 81.7492 77.7613 197.3601
v 82.2769 90.0000 198.6341
v 62.4112 90.0000 205.7422
v 62.0109 102.2387 204.4226
v 60.8301 113.8636 200.5300
v 58.9280 124.2919 194.2596
v 56.4000 133.0007 185.9258
v 53.3728 139.5533 175.9465
v 49.9982 143.6210 164.8221
v 46.4455 145.0000 153.1105
v 42.8929 143.6210 141.3988
v 39.5183 139.5533 130.2744
v 36.4911 133.0007 120.2951
v 33.9631 124.2919 111.9613
v 32.0610 113.8636 105.6909
v 30.8802 102.2387 101.7983
v 30.4799 90.0000 100.4787
v 30.8802 77.7613 101.7983
v 32.0610 66.1364 105.6909
v 33.9631 55.7081 111.9613
v 36.4911 46.9993 120.2951
v 39.5183 40.4467 130.2744
v 42.8929 36.3790 141.3988
v 46.4455 35.0000 153.1105
v 49.9982 36.3790 164.8221
v 53.3728 40.4467 175.9465
v 56.4000 46.9993 185.9258
v 58.9280 55.7081 194.2596
v 60.8301 66.1364 200.5300
v 62.0109 77.7613 204.4226
v 62.4112 90.0000 205.7422
v 41.9444 90.0000 210.8688
v 41.6754 102.2387 209.5164
v 40.8818 113.8636 205.5268
v 39.6035 124.2919 199.1001
v 37.9045 133.0007 190.5587
v 35.8700 139.5533 180.3307
v 33.6021 143.6210 168.9291
v 31.2145 145.0000 156.9256
v 28.8268 143.6210 144.9222
v 26.5589 139.5533 133.5206
v 24.5244 133.0007 123.2926
v 22.8254 124.2919 114.7512
v 21.5471 113.8636 108.3245
v 20.7535 102.2387 104.3349
v 20.4845 90.0000 102.9825
v 20.7535 77.7613 104.3349
v 21.5471 66.1364 108.3245
v 22.8254 55.7081 114.7512
v 24.5244 46.9993 123.2926
v 26.5589 40.4467 133.5206
v 28.8268 36.3790 144.9222
v 31.2145 35.0000 156.9256
v 33.6021 36.3790 168.9291
v 35.8700 40.4467 180.3307
v 37.9045 46.9993 190.5587
v 39.6035 55.7081 199.1001
v 40.8818 66.1364 205.5268
v 41.6754 77.7613 209.5164
v 41.9444 90.0000 210.8688
v 21.0737 90.0000 213.9647
v 20.9385 102.2387 212.5924
v 20.5398 113.8636 208.5442
v 19.8976 124.2919 202.0232
v 19.0439 133.0007 193.3564
v 18.0218 139.5533 182.9783
v 16.8823 143.6210 171.4093
v 15.6827 145.0000 159.2296
v 14.4831 143.6210 147.0498
v 13.3437 139.5533 135.4809
v 12.3215 133.0007 125.1027
v 11.4679 124.2919 116.4359
v 10.8257 113.8636 109.9149
v 10.4270 102.2387 105.8667
v 10.2918 90.0000 104.4944
v 10.4270 77.7613 105.8667
v 10.8257 66.1364 109.9149
v 11.4679 55.7081 116.4359
v 12.3215 46.9993 125.1027
v 13.3437 40.4467 135.4809
v 14.4831 36.3790 147.0498
v 15.6827 35.0000 159.2296
v 16.8823 36.3790 171.4093
v 18.0218 40.4467 182.9783
v 19.0439 46.9993 193.3564
v 19.8976 55.7081 202.0232
v 20.5398 66.1364 208.5442
v 20.9385 77.7613 212.5924
v 21.0737 90.0000 213.9647
v 0.0000 90.0000 215.0000
v 0.0000 102.2387 213.6210
v 0.0000 113.8636 209.5533
v 0.0000 124.2919 203.0007
v 0.0000 133.0007 194.2919
v 0.0000 139.5533 183.8636
v 0.0000 143.6210 172.2387
v 0.0000 145.0000 160.0000
v 0.0000 143.6210 147.7613
v 0.0000 139.5533 136.1364
v 0.0000 133.0007 125.7081
v 0.0000 124.2919 116.9993
v 0.0000 113.8636 110.4467
v 0.0000 102.2387 106.3790
v 0.0000 90.0000 105.0000
v 0.0000 77.7613 106.3790
v 0.0000 66.1364 110.4467
v 0.0000 55.7081 116.9993
v 0.0000 46.9993 125.7081
v 0.0000 40.4467 136.1364
v 0.0000 36.3790 147.7613
v 0.0000 35.0000 160.0000
v 0.0000 36.3790 172.2387
v 0.0000 40.4467 183.8636
v 0.0000 46.9993 194.2919
v 0.0000 55.7081 203.0007
v 0.0000 66.1364 209.5533
v 0.0000 77.7613 213.6210
v 0.0000 90.0000 215.0000
v -21.0737 90.0000 213.9647
v -20.9385 102.2387 212.5924
v -20.5398 113.8636 208.5442
v -19.8976 124.2919 202.0232
v -19.0439 133.0007 193.3564
v -18.0218 139.5533 182.9783
v -16.8823 143.6210 171.4093
v -15.6827 145.0000 159.2296
v -14.4831 143.6210 147.0498
v -13.3437 139.5533 135.4809
v -12.3215 133.0007 125.1027
v -11.4679 124.2919 116.4359
v -10.8257 113.8636 109.9149
v -10.4270 102.2387 105.8667
v -10.2918 90.0000 104.4944
v -10.4270 77.7613 105.8667
v -10.8257 66.1364 109.9149
v -11.4679 55.7081 116.4359
v -12.3215 46.9993 125.1027
v -13.3437 40.4467 135.4809
v -14.4831 36.3790 147.0498
v -15.6827 35.0000 159.2296
v -16.8823 36.3790 171.4093
v -18.0218 40.4467 182.9783
v -19.0439 46.9993 193.3564
v -19.8976 55.7081 202.0232
v -20.5398 66.1364 208.5442
v -20.9385 77.7613 212.5924
v -21.0737 90.0000 213.9647
v -41.9444 90.0000 210.8688
v -41.6754 102.2387 209.5164
v -40.8818 113.8636 205.5268
v -39.6035 124.2919 199.1001
v -37.9045 133.0007 190.5587
v -35.8700 139.5533 180.3307
v -33.6021 143.6210 168.9291
v -31.2145 145.0000 156.9256
v -28.8268 143.6210 144.9222
v -26.5589 139.5533 133.5206
v -24.5244 133.0007 123.2926
v -22.8254 124.2919 114.7512
v -21.5471 113.8636 108.3245
v -20.7535 102.2387 104.3349
v -20.4845 90.0000 102.9825
v -20.7535 77.7613 104.3349
v -21.5471 66.1364 108.3245
v -22.8254 55.7081 114.7512
v -24.5244 46.9993 123.2926
v -26.5589 40.4467 133.5206
v -28.8268 36.3790 144.9222
v -31.2145 35.0000 156.9256
v -33.6021 36.3790 168.9291
v -35.8700 40.4467 180.3307
v -37.9045 46.9993 190.5587
v -39.6035 55.7081 199.1001
v -40.8818 66.1364 205.5268
v -41.6754 77.7613 209.5164
v -41.9444 90.0000 210.8688
v -62.4112 90.0000 205.7422
v -62.0109 102.2387 204.4226
v -60.8301 113.8636 200.5300
v -58.9280 124.2919 194.2596
v -56.4000 133.0007 185.9258
v -53.3728 139.5533 175.9465
v -49.9982 143.6210 164.8221
v -46.4455 145.0000 153.1105
v -42.8929 143.6210 141.3988
v -39.5183 139.5533 130.2744
v -36.4911 133.0007 120.2951
v -33.9631 124.2919 111.9613
v -32.0610 113.8636 105.6909
v -30.8802 102.2387 101.7983
v -30.4799 90.0000 100.4787
v -30.8802 77.7613 101.7983
v -32.0610 66.1364 105.6909
v -33.9631 55.7081 111.9613
v -36.4911 46.9993 120.2951
v -39.5183 40.4467 130.2744
v -42.8929 36.3790 141.3988
v -46.4455 35.0000 153.1105
v -49.9982 36.3790 164.8221
v -53.3728 40.4467 175.9465
v -56.4000 46.9993 185.9258
v -58.9280 55.7081 194.2596
v -60.8301 66.1364 200.5300
v -62.0109 77.7613 204.4226
v -62.4112 90.0000 205.7422
v -82.2769 90.0000 198.6341
v -81.7492 102.2387 197.3601
v -80.1926 113.8636 193.6020
v -77.6850 124.2919 187.5482
v -74.3523 133.0007 179.5023
v -70.3616 139.5533 169.8678
v -65.9129 143.6210 159.1278
v -61.2293 145.0000 147.8207
v -56.5458 143.6210 136.5137
v -52.0971 139.5533 125.7736
v -48.1064 133.0007 116.1391
v -44.7737 124.2919 108.0932
v -42.2661 113.8636 102.0395
v -40.7095 102.2387 98.2813
v -40.1818 90.0000 97.0074
v -40.7095 77.7613 98.2813
v -42.2661 66.1364 102.0395
v -44.7737 55.7081 108.0932
v -48.1064 46.9993 116.1391
v -52.0971 40.4467 125.7736
v -56.5458 36.3790 136.5137
v -61.2293 35.0000 147.8207
v -65.9129 36.3790 159.1278
v -70.3616 40.4467 169.8678
v -74.3523 46.9993 179.5023
v -77.6850 55.7081 187.5482
v -80.1926 66.1364 193.6020
v -81.7492 77.7613 197.3601
v -82.2769 90.0000 198.6341
v -101.3503 90.0000 189.6131
v -100.7003 102.2387 188.3969
v -98.7827 113.8636 184.8095
v -95.6939 124.2919 179.0307
v -91.5886 133.0007 171.3502
v -86.6727 139.5533 162.1532
v -81.1927 143.6210 151.9009
v -75.4235 145.0000 141.1074
v -69.6542 143.6210 130.3139
v -64.1743 139.5533 120.0616
v -59.2584 133.0007 110.8646
v -55.1531 124.2919 103.1841
v -52.0642 113.8636 97.4053
v -50.1467 102.2387 93.8179
v -49.4967 90.0000 92.6017
v -50.1467 77.7613 93.8179
v -52.0642 66.1364 97.4053
v -55.1531 55.7081 103.1841
v -59.2584 46.9993 110.8646
v -64.1743 40.4467 120.0616
v -69.6542 36.3790 130.3139
v -75.4235 35.0000 141.1074
v -81.1927 36.3790 151.9009
v -86.6727 40.4467 162.1532
v -91.5886 46.9993 171.3502
v -95.6939 55.7081 179.0307
v -98.7827 66.1364 184.8095
v -100.7003 77.7613 188.3969
v -101.3503 90.0000 189.6131
v -119.4476 90.0000 178.7660
v -118.6815 102.2387 177.6194
v -116.4216 113.8636 174.2372
v -112.7812 124.2919 168.7889
v -107.9428 133.0007 161.5478
v -102.1491 139.5533 152.8770
v -95.6907 143.6210 143.2112
v -88.8912 145.0000 133.0351
v -82.0918 143.6210 122.8591
v -75.6333 139.5533 113.1933
v -69.8397 133.0007 104.5224
v -65.0013 124.2919 97.2813
v -61.3609 113.8636 91.8331
v -59.1010 102.2387 88.4509
v -58.3349 90.0000 87.3043
v -59.1010 77.7613 88.4509
v -61.3609 66.1364 91.8331
v -65.0013 55.7081 97.2813
v -69.8397 46.9993 104.5224
v -75.6333 40.4467 113.1933
v -82.0918 36.3790 122.8591
v -88.8912 35.0000 133.0351
v -95.6907 36.3790 143.2112
v -102.1491 40.4467 152.8770
v -107.9428 46.9993 161.5478
v -112.7812 55.7081 168.7889
v -116.4216 66.1364 174.2372
v -118.6815 77.7613 177.6194
v -119.4476 90.0000 178.7660
v -136.3946 90.0000 166.1972
v -135.5198 102.2387 165.1313
v -132.9392 113.8636 161.9869
v -128.7823 124.2919 156.9217
v -123.2575 133.0007 150.1897
v -116.6418 139.5533 142.1285
v -109.2670 143.6210 133.1423
v -101.5029 145.0000 123.6817
v -93.7388 143.6210 114.2211
v -86.3640 139.5533 105.2349
v -79.7483 133.0007 97.1736
v -74.2236 124.2919 90.4417
v -70.0667 113.8636 85.3765
v -67.4861 102.2387 82.2321
v -66.6113 90.0000 81.1661
v -67.4861 77.7613 82.2321
v -70.0667 66.1364 85.3765
v -74.2236 55.7081 90.4417
v -79.7483 46.9993 97.1736
v -86.3640 40.4467 105.2349
v -93.7388 36.3790 114.2211
v -101.5029 35.0000 123.6817
v -109.2670 36.3790 133.1423
v -116.6418 40.4467 142.1285
v -123.2575 46.9993 150.1897
v -128.7823 55.7081 156.9217
v -132.9392 66.1364 161.9869
v -135.5198 77.7613 165.1313
v -136.3946 90.0000 166.1972
v -152.0280 90.0000 152.0280
v -151.0529 102.2387 151.0529
v -148.1766 113.8636 148.1766
v -143.5432 124.2919 143.5432
v -137.3851 133.0007 137.3851
v -130.0112 139.5533 130.0112
v -121.7911 143.6210 121.7911
v -113.1371 145.0000 113.1371
v -104.4831 143.6210 104.4831
v -96.2630 139.5533 96.2630
v -88.8890 133.0007 88.8890
v -82.7310 124.2919 82.7310
v -78.0976 113.8636 78.0976
v -75.2213 102.2387 75.2213
v -74.2462 90.0000 74.2462
v -75.2213 77.7613 75.2213
v -78.0976 66.1364 78.0976
v -82.7310 55.7081 82.7310
v -88.8890 46.9993 88.8890
v -96.2630 40.4467 96.2630
v -104.4831 36.3790 104.4831
v -113.1371 35.0000 113.1371
v -121.7911 36.3790 121.7911
v -130.0112 40.4467 130.0112
v -137.3851 46.9993 137.3851
v -143.5432 55.7081 143.5432
v -148.1766 66.1364 148.1766
v -151.0529 77.7613 151.0529
v -152.0280 90.0000 152.0280
v -166.1972 90.0000 136.3946
v -165.1313 102.2387 135.5198
v -161.9869 113.8636 132.9392
v -156.9217 124.2919 128.7823
v -150.1897 133.0007 123.2575
v -142.1285 139.5533 116.6418
v -133.1423 143.6210 109.2670
v -123.6817 145.0000 101.5029
v -114.2211 143.6210 93.7388
v -105.2349 139.5533 86.3640
v -97.1736 133.0007 79.7483
v -90.4417 124.2919 74.2236
v -85.3765 113.8636 70.0667
v -82.2321 102.2387 67.4861
v -81.1661 90.0000 66.6113
v -82.2321 77.7613 67.4861
v -85.3765 66.1364 70.0667
v -90.4417 55.7081 74.2236
v -97.1736 46.9993 79.7483
v -105.2349 40.4467 86.3640
v -114.2211 36.3790 93.7388
v -123.6817 35.0000 101.5029
v -133.1423 36.3790 109.2670
v -142.1285 40.4467 116.6418
v -150.1897 46.9993 123.2575
v -156.9217 55.7081 128.7823
v -161.9869 66.1364 132.9392
v -165.1313 77.7613 135.5198
v -166.1972 90.0000 136.3946
v -178.7660 90.0000 119.4476
v -177.6194 102.2387 118.6815
v -174.2372 113.8636 116.4216
v -168.7889 124.2919 112.7812
v -161.5478 133.0007 107.9428
v -152.8770 139.5533 102.1491
v -143.2112 143.6210 95.6907
v -133.0351 145.0000 88.8912
v -122.8591 143.6210 82.0918
v -113.1933 139.5533 75.6333
v -104.5224 133.0007 69.8397
v -97.2813 124.2919 65.0013
v -91.8331 113.8636 61.3609
v -88.4509 102.2387 59.1010
v -87.3043 90.0000 58.3349
v -88.4509 77.7613 59.1010
v -91.8331 66.1364 61.3609
v -97.2813 55.7081 65.0013
v -104.5224 46.9993 69.8397
v -113.1933 40.4467 75.6333
v -122.8591 36.3790 82.0918
v -133.0351 35.0000 88.8912
v -143.2112 36.3790 95.6907
v -152.8770 40.4467 102.1491
v -161.5478 46.9993 107.9428
v -168.7889 55.7081 112.7812
v -174.2372 66.1364 116.4216
v -177.6194 77.7613 118.6815
v -178.7660 90.0000 119.4476
v -189.6131 90.0000 101.3503
v -188.3969 102.2387 100.7003
v -184.8095 113.8636 98.7827
v -179.0307 124.2919 95.6939
v -171.3502 133.0007 91.5886
v -162.1532 139.5533 86.6727
v -151.9009 143.6210 81.1927
v -141.1074 145.0000 75.4235
v -130.3139 143.6210 69.6542
v -120.0616 139.5533 64.1743
v -110.8646 133.0007 59.2584
v -103.1841 124.2919 55.1531
v -97.4053 113.8636 52.0642
v -93.8179 102.2387 50.1467
v -92.6017 90.0000 49.4967
v -93.8179 77.7613 50.1467
v -97.4053 66.1364 52.0642
v -103.1841 55.7081 55.1531
v -110.8646 46.9993 59.2584
v -120.0616 40.4467 64.1743
v -130.3139 36.3790 69.6542
v -141.1074 35.0000 75.4235
v -151.9009 36.3790 81.1927
v -162.1532 40.4467 86.6727
v -171.3502 46.9993 91.5886
v -179.0307 55.7081 95.6939
v -184.8095 66.1364 98.7827
v -188.3969 77.7613 100.7003
v -189.6131 90.0000 101.3503
v -198.6341 90.0000 82.2769
v -197.3601 102.2387 81.7492
v -193.6020 113.8636 80.1926
v -187.5482 124.2919 77.6850
v -179.5023 133.0007 74.3523
v -169.8678 139.5533 70.3616
v -159.1278 143.6210 65.9129
v -147.8207 145.0000 61.2293
v -136.5137 143.6210 56.5458
v -125.7736 139.5533 52.0971
v -116.1391 133.0007 48.1064
v -108.0932 124.2919 44.7737
v -102.0395 113.8636 42.2661
v -98.2813 102.2387 40.7095
v -97.0074 90.0000 40.1818
v -98.2813 77.7613 40.7095
v -102.0395 66.1364 42.2661
v -108.0932 55.7081 44.7737
v -116.1391 46.9993 48.1064
v -125.7736 40.4467 52.0971
v -136.5137 36.3790 56.5458
v -147.8207 35.0000 61.2293
v -159.1278 36.3790 65.9129
v -169.8678 40.4467 70.3616
v -179.5023 46.9993 74.3523
v -187.5482 55.7081 77.6850
v -193.6020 66.1364 80.1926
v -197.3601 77.7613 81.7492
v -198.6341 90.0000 82.2769
v -205.7422 90.0000 62.4112
v -204.4226 102.2387 62.0109
v -200.5300 113.8636 60.8301
v -194.2596 124.2919 58.9280
v -185.9258 133.0007 56.4000
v -175.9465 139.5533 53.3728
v -164.8221 143.6210 49.9982
v -153.1105 145.0000 46.4455
v -141.3988 143.6210 42.8929
v -130.2744 139.5533 39.5183
v -120.2951 133.0007 36.4911
v -111.9613 124.2919 33.9631
v -105.6909 113.8636 32.0610
v -101.7983 102.2387 30.8802
v -100.4787 90.0000 30.4799
v -101.7983 77.7613 30.8802
v -105.6909 66.1364 32.0610
v -111.9613 55.7081 33.9631
v -120.2951 46.9993 36.4911
v -130.2744 40.4467 39.5183
v -141.3988 36.3790 42.8929
v -153.1105 35.0000 46.4455
v -164.8221 36.3790 49.9982
v -175.9465 40.4467 53.3728
v -185.9258 46.9993 56.4000
v -194.2596 55.7081 58.9280
v -200.5300 66.1364 60.8301
v -204.4226 77.7613 62.0109
v -205.7422 90.0000 62.4112
v -210.8688 90.0000 41.9444
v -209.5164 102.2387 41.6754
v -205.5268 113.8636 40.8818
v -199.1001 124.2919 39.6035
v -190.5587 133.0007 37.9045
v -180.3307 139.5533 35.8700
v -168.9291 143.6210 33.6021
v -156.9256 145.0000 31.2145
v -144.9222 143.6210 28.8268
v -133.5206 139.5533 26.5589
v -123.2926 133.0007 24.5244
v -114.7512 124.2919 22.8254
v -108.3245 113.8636 21.5471
v -104.3349 102.2387 20.7535
v -102.9825 90.0000 20.4845
v -104.3349 77.7613 20.7535
v -108.3245 66.1364 21.5471
v -114.7512 55.7081 22.8254
v -123.2926 46.9993 24.5244
v -133.5206 40.4467 26.5589
v -144.9222 36.3790 28.8268
v -156.9256 35.0000 31.2145
v -168.9291 36.3790 33.6021
v -180.3307 40.4467 35.8700
v -190.5587 46.9993 37.9045
v -199.1001 55.7081 39.6035
v -205.5268 66.1364 40.8818
v -209.5164 77.7613 41.6754
v -210.8688 90.0000 41.9444
v -213.9647 90.0000 21.0737
v -212.5924 102.2387 20.9385
v -208.5442 113.8636 20.5398
v -202.0232 124.2919 19.8976
v -193.3564 133.0007 19.0439
v -182.9783 139.5533 18.0218
v -171.4093 143.6210 16.8823
v -159.2296 145.0000 15.6827
v -147.0498 143.6210 14.4831
v -135.4809 139.5533 13.3437
v -125.1027 133.0007 12.3215
v -116.4359 124.2919 11.4679
v -109.9149 113.8636 10.8257
v -105.8667 102.2387 10.4270
v -104.4944 90.0000 10.2918
v -105.8667 77.7613 10.4270
v -109.9149 66.1364 10.8257
v -116.4359 55.7081 11.4679
v -125.1027 46.9993 12.3215
v -135.4809 40.4467 13.3437
v -147.0498 36.3790 14.4831
v -159.2296 35.0000 15.6827
v -171.4093 36.3790 16.8823
v -182.9783 40.4467 18.0218
v -193.3564 46.9993 19.0439
v -202.0232 55.7081 19.8976
v -208.5442 66.1364 20.5398
v -212.5924 77.7613 20.9385
v -213.9647 90.0000 21.0737
v -215.0000 90.0000 0.0000
v -213.6210 102.2387 0.0000
v -209.5533 113.8636 0.0000
v -203.0007 124.2919 0.0000
v -194.2919 133.0007 0.0000
v -183.8636 139.5533 0.0000
v -172.2387 143.6210 0.0000
v -160.0000 145.0000 0.0000
v -147.7613 143.6210 0.0000
v -136.1364 139.5533 0.0000
v -125.7081 133.0007 0.0000
v -116.9993 124.2919 0.0000
v -110.4467 113.8636 0.0000
v -106.3790 102.2387 0.0000
v -105.0000 90.0000 0.0000
v -106.3790 77.7613 0.0000
v -110.4467 66.1364 0.0000
v -116.9993 55.7081 0.0000
v -125.7081 46.9993 0.0000
v -136.1364 40.4467 0.0000
v -147.7613 36.3790 0.0000
v -160.0000 35.0000 0.0000
v -172.2387 36.3790 0.0000
v -183.8636 40.4467 0.0000
v -194.2919 46.9993 0.0000
v -203.0007 55.7081 0.0000
v -209.5533 66.1364 0.0000
v -213.6210 77.7613 0.0000
v -215.0000 90.0000 0.0000
v -213.9647 90.0000 -21.0737
v -212.5924 102.2387 -20.9385
v -208.5442 113.8636 -20.5398
v -202.0232 124.2919 -19.8976
v -193.3564 133.0007 -19.0439
v -182.9783 139.5533 -18.0218
v -171.4093 143.6210 -16.8823
v -159.2296 145.0000 -15.6827
v -147.0498 143.6210 -14.4831
v -135.4809 139.5533 -13.3437
v -125.1027 133.0007 -12.3215
v -116.4359 124.2919 -11.4679
v -109.9149 113.8636 -10.8257
v -105.8667 102.2387 -10.4270
v -104.4944 90.0000 -10.2918
v -105.8667 77.7613 -10.4270
v -109.9149 66.1364 -10.8257
v -116.4359 55.7081 -11.4679
v -125.1027 46.9993 -12.3215
v -135.4809 40.4467 -13.3437
v -147.0498 36.3790 -14.4831
v -159.2296 35.0000 -15.6827
v -171.4093 36.3790 -16.8823
v -182.9783 40.4467 -18.0218
v -193.3564 46.9993 -19.0439
v -202.0232 55.7081 -19.8976
v -208.5442 66.1364 -20.5398
v -212.5924 77.7613 -20.9385
v -213.9647 90.0000 -21.0737
v -210.8688 90.0000 -41.9444
v -209.5164 102.2387 -41.6754
v -205.5268 113.8636 -40.8818
v -199.1001 124.2919 -39.6035
v -190.5587 133.0007 -37.9045
v -180.3307 139.5533 -35.8700
v -168.9291 143.6210 -33.6021
v -156.9256 145.0000 -31.2145
v -144.9222 143.6210 -28.8268
v -133.5206 139.5533 -26.5589
v -123.2926 133.0007 -24.5244
v -114.7512 124.2919 -22.8254
v -108.3245 113.8636 -21.5471
v -104.3349 102.2387 -20.7535
v -102.9825 90.0000 -20.4845
v -104.3349 77.7613 -20.7535
v -108.3245 66.1364 -21.5471
v -114.7512 55.7081 -22.8254
v -123.2926 46.9993 -24.5244
v -133.5206 40.4467 -26.5589
v -144.9222 36.3790 -28.8268
v -156.9256 35.0000 -31.2145
v -168.9291 36.3790 -33.6021
v -180.3307 40.4467 -35.8700
v -190.5587 46.9993 -37.9045
v -199.1001 55.7081 -39.6035
v -205.5268 66.1364 -40.8818
v -209.5164 77.7613 -41.6754
v -210.8688 90.0000 -41.9444
v -205.7422 90.0000 -62.4112
v -204.4226 102.2387 -62.0109
v -200.5300 113.8636 -60.8301
v -194.2596 124.2919 -58.9280
v -185.9258 133.0007 -56.4000
v -175.9465 139.5533 -53.3728
v -164.8221 143.6210 -49.9982
v -153.1105 145.0000 -46.4455
v -141.3988 143.6210 -42.8929
v -130.2744 139.5533 -39.5183
v -120.2951 133.0007 -36.4911
v -111.9613 124.2919 -33.9631
v -105.6909 113.8636 -32.0610
v -101.7983 102.2387 -30.8802
v -100.4787 90.0000 -30.4799
v -101.7983 77.7613 -30.8802
v -105.6909 66.1364 -32.0610
v -111.9613 55.7081 -33.9631
v -120.2951 46.9993 -36.4911
v -130.2744 40.4467 -39.5183
v -141.3988 36.3790 -42.8929
v -153.1105 35.0000 -46.4455
v -164.8221 36.3790 -49.9982
v -175.9465 40.4467 -53.3728
v -185.9258 46.9993 -56.4000
v -194.2596 55.7081 -58.9280
v -200.5300 66.1364 -60.8301
v -204.4226 77.7613 -62.0109
v -205.7422 90.0000 -62.4112
v -198.6341 90.0000 -82.2769
v -197.3601 102.2387 -81.7492
v -193.6020 113.8636 -80.1926
v -187.5482 124.2919 -77.6850
v -179.5023 133.0007 -74.3523
v -169.8678 139.5533 -70.3616
v -159.1278 143.6210 -65.9129
v -147.8207 145.0000 -61.2293
v -136.5137 143.6210 -56.5458
v -125.7736 139.5533 -52.0971
v -116.1391 133.0007 -48.1064
v -108.0932 124.2919 -44.7737
v -102.0395 113.8636 -42.2661
v -98.2813 102.2387 -40.7095
v -97.0074 90.0000 -40.1818
v -98.2813 77.7613 -40.7095
v -102.0395 66.1364 -42.2661
v -108.0932 55.7081 -44.7737
v -116.1391 46.9993 -48.1064
v -125.7736 40.4467 -52.0971
v -136.5137 36.3790 -56.5458
v -147.8207 35.0000 -61.2293
v -159.1278 36.3790 -65.9129
v -169.8678 40.4467 -70.3616
v -179.5023 46.9993 -74.3523
v -187.5482 55.7081 -77.6850
v -193.6020 66.1364 -80.1926
v -197.3601 77.7613 -81.7492
v -198.6341 90.0000 -82.2769
v -189.6131 90.0000 -101.3503
v -188.3969 102.2387 -100.7003
v -184.8095 113.8636 -98.7827
v -179.0307 124.2919 -95.6939
v -171.3502 133.0007 -91.5886
v -162.1532 139.5533 -86.6727
v -151.9009 143.6210 -81.1927
v -141.1074 145.0000 -75.4235
v -130.3139 143.6210 -69.6542
v -120.0616 139.5533 -64.1743
v -110.8646 133.0007 -59.2584
v -103.1841 124.2919 -55.1531
v -97.4053 113.8636 -52.0642
v -93.8179 102.2387 -50.1467
v -92.6017 90.0000 -49.4967
v -93.8179 77.7613 -50.1467
v -97.4053 66.1364 -52.0642
v -103.1841 55.7081 -55.1531
v -110.8646 46.9993 -59.2584
v -120.0616 40.4467 -64.1743
v -130.3139 36.3790 -69.6542
v -141.1074 35.0000 -75.4235
v -151.9009 36.3790 -81.1927
v -162.1532 40.4467 -86.6727
v -171.3502 46.9993 -91.5886
v -179.0307 55.7081 -95.6939
v -184.8095 66.1364 -98.7827
v -188.3969 77.7613 -100.7003
v -189.6131 90.0000 -101.3503
v -178.7660 90.0000 -119.4476
v -177.6194 102.2387 -118.6815
v -174.2372 113.8636 -116.4216
v -168.7889 124.2919 -112.7812
v -161.5478 133.0007 -107.9428
v -152.8770 139.5533 -102.1491
v -143.2112 143.6210 -95.6907
v -133.0351 145.0000 -88.8912
v -122.8591 143.6210 -82.0918
v -113.1933 139.5533 -75.6333
v -104.5224 133.0007 -69.8397
v -97.2813 124.2919 -65.0013
v -91.8331 113.8636 -61.3609
v -88.4509 102.2387 -59.1010
v -87.3043 90.0000 -58.3349
v -88.4509 77.7613 -59.1010
v -91.8331 66.1364 -61.3609
v -97.2813 55.7081 -65.0013
v -104.5224 46.9993 -69.8397
v -113.1933 40.4467 -75.6333
v -122.8591 36.3790 -82.0918
v -133.0351 35.0000 -88.8912
v -143.2112 36.3790 -95.6907
v -152.8770 40.4467 -102.1491
v -161.5478 46.9993 -107.9428
v -168.7889 55.7081 -112.7812
v -174.2372 66.1364 -116.4216
v -177.6194 77.7613 -118.6815
v -178.7660 90.0000 -119.4476
v -166.1972 90.0000 -136.3946
v -165.1313 102.2387 -135.5198
v -161.9869 113.8636 -132.9392
v -156.9217 124.2919 -128.7823
v -150.1897 133.0007 -123.2575
v -142.1285 139.5533 -116.6418
v -133.1423 143.6210 -109.2670
v -123.6817 145.0000 -101.5029
v -114.2211 143.6210 -93.7388
v -105.2349 139.5533 -86.3640
v -97.1736 133.0007 -79.7483
v -90.4417 124.2919 -74.2236
v -85.3765 113.8636 -70.0667
v -82.2321 102.2387 -67.4861
v -81.1661 90.0000 -66.6113
v -82.2321 77.7613 -67.4861
v -85.3765 66.1364 -70.0667
v -90.4417 55.7081 -74.2236
v -97.1736 46.9993 -79.7483
v -105.2349 40.4467 -86.3640
v -114.2211 36.3790 -93.7388
v -123.6817 35.0000 -101.5029
v -133.1423 36.3790 -109.2670
v -142.1285 40.4467 -116.6418
v -150.1897 46.9993 -123.2575
v -156.9217 55.7081 -128.7823
v -161.9869 66.1364 -132.9392
v -165.1313 77.7613 -135.5198
v -166.1972 90.0000 -136.3946
v -152.0280 90.0000 -152.0280
v -151.0529 102.2387 -151.0529
v -148.1766 113.8636 -148.1766
v -143.5432 124.2919 -143.5432
v -137.3851 133.0007 -137.3851
v -130.0112 139.5533 -130.0112
v -121.7911 143.6210 -121.7911
v -113.1371 145.0000 -113.1371
v -104.4831 143.6210 -104.4831
v -96.2630 139.5533 -96.2630
v -88.8890 133.0007 -88.8890
v -82.7310 124.2919 -82.7310
v -78.0976 113.8636 -78.0976
v -75.2213 102.2387 -75.2213
v -74.2462 90.0000 -74.2462
v -75.2213 77.7613 -75.2213
v -78.0976 66.1364 -78.0976
v -82.7310 55.7081 -82.7310
v -88.8890 46.9993 -88.8890
v -96.2630 40.4467 -96.2630
v -104.4831 36.3790 -104.4831
v -113.1371 35.0000 -113.1371
v -121.7911 36.3790 -121.7911
v -130.0112 40.4467 -130.0112
v -137.3851 46.9993 -137.3851
v -143.5432 55.7081 -143.5432
v -148.1766 66.1364 -148.1766
v -151.0529 77.7613 -151.0529
v -152.0280 90.0000 -152.0280
v -136.3946 90.0000 -166.1972
v -135.5198 102.2387 -165.1313
v -132.9392 113.8636 -161.9869
v -128.7823 124.2919 -156.9217
v -123.2575 133.0007 -150.1897
v -116.6418 139.5533 -142.1285
v -109.2670 143.6210 -133.1423
v -101.5029 145.0000 -123.6817
v -93.7388 143.6210 -114.2211
v -86.3640 139.5533 -105.2349
v -79.7483 133.0007 -97.1736
v -74.2236 124.2919 -90.4417
v -70.0667 113.8636 -85.3765
v -67.4861 102.2387 -82.2321
v -66.6113 90.0000 -81.1661
v -67.4861 77.7613 -82.2321
v -70.0667 66.1364 -85.3765
v -74.2236 55.7081 -90.4417
v -79.7483 46.9993 -97.1736
v -86.3640 40.4467 -105.2349
v -93.7388 36.3790 -114.2211
v -101.5029 35.0000 -123.6817
v -109.2670 36.3790 -133.1423
v -116.6418 40.4467 -142.1285
v -123.2575 46.9993 -150.1897
v -128.7823 55.7081 -156.9217
v -132.9392 66.1364 -161.9869
v -135.5198 77.7613 -165.1313
v -136.3946 90.0000 -166.1972
v -119.4476 90.0000 -178.7660
v -118.6815 102.2387 -177.6194
v -116.4216 113.8636 -174.2372
v -112.7812 124.2919 -168.7889
v -107.9428 133.0007 -161.5478
v -102.1491 139.5533 -152.8770
v -95.6907 143.6210 -143.2112
v -88.8912 145.0000 -133.0351
v -82.0918 143.6210 -122.8591
v -75.6333 139.5533 -113.1933
v -69.8397 133.0007 -104.5224
v -65.0013 124.2919 -97.2813
v -61.3609 113.8636 -91.8331
v -59.1010 102.2387 -88.4509
v -58.3349 90.0000 -87.3043
v -59.1010 77.7613 -88.4509
v -61.3609 66.1364 -91.8331
v -65.0013 55.7081 -97.2813
v -69.8397 46.9993 -104.5224
v -75.6333 40.4467 -113.1933
v -82.0918 36.3790 -122.8591
v -88.8912 35.0000 -133.0351
v -95.6907 36.3790 -143.2112
v -102.1491 40.4467 -152.8770
v -107.9428 46.9993 -161.5478
v -112.7812 55.7081 -168.7889
v -116.4216 66.1364 -174.2372
v -118.6815 77.7613 -177.6194
v -119.4476 90.0000 -178.7660
v -101.3503 90.0000 -189.6131
v -100.7003 102.2387 -188.3969
v -98.7827 113.8636 -184.8095
v -95.6939 124.2919 -179.0307
v -91.5886 133.0007 -171.3502
v -86.6727 139.5533 -162.1532
v -81.1927 143.6210 -151.9009
v -75.4235 145.0000 -141.1074
v -69.6542 143.6210 -130.3139
v -64.1743 139.5533 -120.0616
v -59.2584 133.0007 -110.8646
v -55.1531 124.2919 -103.1841
v -52.0642 113.8636 -97.4053
v -50.1467 102.2387 -93.8179
v -49.4967 90.0000 -92.6017
v -50.1467 77.7613 -93.8179
v -52.0642 66.1364 -97.4053
v -55.1531 55.7081 -103.1841
v -59.2584 46.9993 -110.8646
v -64.1743 40.4467 -120.0616
v -69.6542 36.3790 -130.3139
v -75.4235 35.0000 -141.1074
v -81.1927 36.3790 -151.9009
v -86.6727 40.4467 -162.1532
v -91.5886 46.9993 -171.3502
v -95.6939 55.7081 -179.0307
v -98.7827 66.1364 -184.8095
v -100.7003 77.7613 -188.3969
v -101.3503 90.0000 -189.6131
v -82.2769 90.0000 -198.6341
v -81.7492 102.2387 -197.3601
v -80.1926 113.8636 -193.6020
v -77.6850 124.2919 -187.5482
v -74.3523 133.0007 -179.5023
v -70.3616 139.5533 -169.8678
v -65.9129 143.6210 -159.1278
v -61.2293 145.0000 -147.8207
v -56.5458 143.6210 -136.5137
v -52.0971 139.5533 -125.7736
v -48.1064 133.0007 -116.1391
v -44.7737 124.2919 -108.0932
v -42.2661 113.8636 -102.0395
v -40.7095 102.2387 -98.2813
v -40.1818 90.0000 -97.0074
v -40.7095 77.7613 -98.2813
v -42.2661 66.1364 -102.0395
v -44.7737 55.7081 -108.0932
v -48.1064 46.9993 -116.1391
v -52.0971 40.4467 -125.7736
v -56.5458 36.3790 -136.5137
v -61.2293 35.0000 -147.8207
v -65.9129 36.3790 -159.1278
v -70.3616 40.4467 -169.8678
v -74.3523 46.9993 -179.5023
v -77.6850 55.7081 -187.5482
v -80.1926 66.1364 -193.6020
v -81.7492 77.7613 -197.3601
v -82.2769 90.0000 -198.6341
v -62.4112 90.0000 -205.7422
v -62.0109 102.2387 -204.4226
v -60.8301 113.8636 -200.5300
v -58.9280 124.2919 -194.2596
v -56.4000 133.0007 -185.9258
v -53.3728 139.5533 -175.9465
v -49.9982 143.6210 -164.8221
v -46.4455 145.0000 -153.1105
v -42.8929 143.6210 -141.3988
v -39.5183 139.5533 -130.2744
v -36.4911 133.0007 -120.2951
v -33.9631 124.2919 -111.9613
v -32.0610 113.8636 -105.6909
v -30.8802 102.2387 -101.7983
v -30.4799 90.0000 -100.4787
v -30.8802 77.7613 -101.7983
v -32.0610 66.1364 -105.6909
v -33.9631 55.7081 -111.9613
v -36.4911 46.9993 -120.2951
v -39.5183 40.4467 -130.2744
v -42.8929 36.3790 -141.3988
v -46.4455 35.0000 -153.1105
v -49.9982 36.3790 -164.8221
v -53.3728 40.4467 -175.9465
v -56.4000 46.9993 -185.9258
v -58.9280 55.7081 -194.2596
v -60.8301 66.1364 -200.5300
v -62.0109 77.7613 -204.4226
v -62.4112 90.0000 -205.7422
v -41.9444 90.0000 -210.8688
v -41.6754 102.2387 -209.5164
v -40.8818 113.8636 -205.5268
v -39.6035 124.2919 -199.1001
v -37.9045 133.0007 -190.5587
v -35.8700 139.5533 -180.3307
v -33.6021 143.6210 -168.9291
v -31.2145 145.0000 -156.9256
v -28.8268 143.6210 -144.9222
v -26.5589 139.5533 -133.5206
v -24.5244 133.0007 -123.2926
v -22.8254 124.2919 -114.7512
v -21.5471 113.8636 -108.3245
v -20.7535 102.2387 -104.3349
v -20.4845 90.0000 -102.9825
v -20.7535 77.7613 -104.3349
v -21.5471 66.1364 -108.3245
v -22.8254 55.7081 -114.7512
v -24.5244 46.9993 -123.2926
v -26.5589 40.4467 -133.5206
v -28.8268 36.3790 -144.9222
v -31.2145 35.0000 -156.9256
v -33.6021 36.3790 -168.9291
v -35.8700 40.4467 -180.3307
v -37.9045 46.9993 -190.5587
v -39.6035 55.7081 -199.1001
v -40.8818 66.1364 -205.5268
v -41.6754 77.7613 -209.5164
v -41.9444 90.0000 -210.8688
v -21.0737 90.0000 -213.9647
v -20.9385 102.2387 -212.5924
v -20.5398 113.8636 -208.5442
v -19.8976 124.2919 -202.0232
v -19.0439 133.0007 -193.3564
v -18.0218 139.5533 -182.9783
v -16.8823 143.6210 -171.4093
v -15.6827 145.0000 -159.2296
v -14.4831 143.6210 -147.0498
v -13.3437 139.5533 -135.4809
v -12.3215 133.0007 -125.1027
v -11.4679 124.2919 -116.4359
v -10.8257 113.8636 -109.9149
v -10.4270 102.2387 -105.8667
v -10.2918 90.0000 -104.4944
v -10.4270 77.7613 -105.8667
v -10.8257 66.1364 -109.9149
v -11.4679 55.7081 -116.4359
v -12.3215 46.9993 -125.1027
v -13.3437 40.4467 -135.4809
v -14.4831 36.3790 -147.0498
v -15.6827 35.0000 -159.2296
v -16.8823 36.3790 -171.4093
v -18.0218 40.4467 -182.9783
v -19.0439 46.9993 -193.3564
v -19.8976 55.7081 -202.0232
v -20.5398 66.1364 -208.5442
v -20.9385 77.7613 -212.5924
v -21.0737 90.0000 -213.9647
v -0.0000 90.0000 -215.0000
v -0.0000 102.2387 -213.6210
v -0.0000 113.8636 -209.5533
v -0.0000 124.2919 -203.0007
v -0.0000 133.0007 -194.2919
v -0.0000 139.5533 -183.8636
v -0.0000 143.6210 -172.2387
v -0.0000 145.0000 -160.0000
v -0.0000 143.6210 -147.7613
v -0.0000 139.5533 -136.1364
v -0.0000 133.0007 -125.7081
v -0.0000 124.2919 -116.9993
v -0.0000 113.8636 -110.4467
v -0.0000 102.2387 -106.3790
v -0.0000 90.0000 -105.0000
v -0.0000 77.7613 -106.3790
v -0.0000 66.1364 -110.4467
v -0.0000 55.7081 -116.9993
v -0.0000 46.9993 -125.7081
v -0.0000 40.4467 -136.1364
v -0.0000 36.3790 -147.7613
v -0.0000 35.0000 -160.0000
v -0.0000 36.3790 -172.2387
v -0.0000 40.4467 -183.8636
v -0.0000 46.9993 -194.2919
v -0.0000 55.7081 -203.0007
v -0.0000 66.1364 -209.5533
v -0.0000 77.7613 -213.6210
v -0.0000 90.0000 -215.0000
v 21.0737 90.0000 -213.9647
v 20.9385 102.2387 -212.5924
v 20.5398 113.8636 -208.5442
v 19.8976 124.2919 -202.0232
v 19.0439 133.0007 -193.3564
v 18.0218 139.5533 -182.9783
v 16.8823 143.6210 -171.4093
v 15.6827 145.0000 -159.2296
v 14.4831 143.6210 -147.0498
v 13.3437 139.5533 -135.4809
v 12.3215 133.0007 -125.1027
v 11.4679 124.2919 -116.4359
v 10.8257 113.8636 -109.9149
v 10.4270 102.2387 -105.8667
v 10.2918 90.0000 -104.4944
v 10.4270 77.7613 -105.8667
v 10.8257 66.1364 -109.9149
v 11.4679 55.7081 -116.4359
v 12.3215 46.9993 -125.1027
v 13.3437 40.4467 -135.4809
v 14.4831 36.3790 -147.0498
v 15.6827 35.0000 -159.2296
v 16.8823 36.3790 -171.4093
v 18.0218 40.4467 -182.9783
v 19.0439 46.9993 -193.3564
v 19.8976 55.7081 -202.0232
v 20.5398 66.1364 -208.5442
v 20.9385 77.7613 -212.5924
v 21.0737 90.0000 -213.9647
v 41.9444 90.0000 -210.8688
v 41.6754 102.2387 -209.5164
v 40.8818 113.8636 -205.5268
v 39.6035 124.2919 -199.1001
v 37.9045 133.0007 -190.5587
v 35.8700 139.5533 -180.3307
v 33.6021 143.6210 -168.9291
v 31.2145 145.0000 -156.9256
v 28.8268 143.6210 -144.9222
v 26.5589 139.5533 -133.5206
v 24.5244 133.0007 -123.2926
v 22.8254 124.2919 -114.7512
v 21.5471 113.8636 -108.3245
v 20.7535 102.2387 -104.3349
v 20.4845 90.0000 -102.9825
v 20.7535 77.7613 -104.3349
v 21.5471 66.1364 -108.3245
v 22.8254 55.7081 -114.7512
v 24.5244 46.9993 -123.2926
v 26.5589 40.4467 -133.5206
v 28.8268 36.3790 -144.9222
v 31.2145 35.0000 -156.9256
v 33.6021 36.3790 -168.9291
v 35.8700 40.4467 -180.3307
v 37.9045 46.9993 -190.5587
v 39.6035 55.7081 -199.1001
v 40.8818 66.1364 -205.5268
v 41.6754 77.7613 -209.5164
v 41.9444 90.0000 -210.8688
v 62.4112 90.0000 -205.7422
v 62.0109 102.2387 -204.4226
v 60.8301 113.8636 -200.5300
v 58.9280 124.2919 -194.2596
v 56.4000 133.0007 -185.9258
v 53.3728 139.5533 -175.9465
v 49.9982 143.6210 -164.8221
v 46.4455 145.0000 -153.1105
v 42.8929 143.6210 -141.3988
v 39.5183 139.5533 -130.2744
v 36.4911 133.0007 -120.2951
v 33.9631 124.2919 -111.9613
v 32.0610 113.8636 -105.6909
v 30.8802 102.2387 -101.7983
v 30.4799 90.0000 -100.4787
v 30.8802 77.7613 -101.7983
v 32.0610 66.1364 -105.6909
v 33.9631 55.7081 -111.9613
v 36.4911 46.9993 -120.2951
v 39.5183 40.4467 -130.2744
v 42.8929 36.3790 -141.3988
v 46.4455 35.0000 -153.1105
v 49.9982 36.3790 -164.8221
v 53.3728 40.4467 -175.9465
v 56.4000 46.9993 -185.9258
v 58.9280 55.7081 -194.2596
v 60.8301 66.1364 -200.5300
v 62.0109 77.7613 -204.4226
v 62.4112 90.0000 -205.7422
v 82.2769 90.0000 -198.6341
v 81.7492 102.2387 -197.3601
v 80.1926 113.8636 -193.6020
v 77.6850 124.2919 -187.5482
v 74.3523 133.0007 -179.5023
v 70.3616 139.5533 -169.8678
v 65.9129 143.6210 -159.1278
v 61.2293 145.0000 -147.8207
v 56.5458 143.6210 -136.5137
v 52.0971 139.5533 -125.7736
v 48.1064 133.0007 -116.1391
v 44.7737 124.2919 -108.0932
v 42.2661 113.8636 -102.0395
v 40.7095 102.2387 -98.2813
v 40.1818 90.0000 -97.0074
v 40.7095 77.7613 -98.2813
v 42.2661 66.1364 -102.0395
v 44.7737 55.7081 -108.0932
v 48.1064 46.9993 -116.1391
v 52.0971 40.4467 -125.7736
v 56.5458 36.3790 -136.5137
v 61.2293 35.0000 -147.8207
v 65.9129 36.3790 -159.1278
v 70.3616 40.4467 -169.8678
v 74.3523 46.9993 -179.5023
v 77.6850 55.7081 -187.5482
v 80.1926 66.1364 -193.6020
v 81.7492 77.7613 -197.3601
v 82.2769 90.0000 -198.6341
v 101.3503 90.0000 -189.6131
v 100.7003 102.2387 -188.3969
v 98.7827 113.8636 -184.8095
v 95.6939 124.2919 -179.0307
v 91.5886 133.0007 -171.3502
v 86.6727 139.5533 -162.1532
v 81.1927 143.6210 -151.9009
v 75.4235 145.0000 -141.1074
v 69.6542 143.6210 -130.3139
v 64.1743 139.5533 -120.0616
v 59.2584 133.0007 -110.8646
v 55.1531 124.2919 -103.1841
v 52.0642 113.8636 -97.4053
v 50.1467 102.2387 -93.8179
v 49.4967 90.0000 -92.6017
v 50.1467 77.7613 -93.8179
v 52.0642 66.1364 -97.4053
v 55.1531 55.7081 -103.1841
v 59.2584 46.9993 -110.8646
v 64.1743 40.4467 -120.0616
v 69.6542 36.3790 -130.3139
v 75.4235 35.0000 -141.1074
v 81.1927 36.3790 -151.9009
v 86.6727 40.4467 -162.1532
v 91.5886 46.9993 -171.3502
v 95.6939 55.7081 -179.0307
v 98.7827 66.1364 -184.8095
v 100.7003 77.7613 -188.3969
v 101.3503 90.0000 -189.6131
v 119.4476 90.0000 -178.7660
v 118.6815 102.2387 -177.6194
v 116.4216 113.8636 -174.2372
v 112.7812 124.2919 -168.7889
v 107.9428 133.0007 -161.5478
v 102.1491 139.5533 -152.8770
v 95.6907 143.6210 -143.2112
v 88.8912 145.0000 -133.0351
v 82.0918 143.6210 -122.8591
v 75.6333 139.5533 -113.1933
v 69.8397 133.0007 -104.5224
v 65.0013 124.2919 -97.2813
v 61.3609 113.8636 -91.8331
v 59.1010 102.2387 -88.4509
v 58.3349 90.0000 -87.3043
v 59.1010 77.7613 -88.4509
v 61.3609 66.1364 -91.8331
v 65.0013 55.7081 -97.2813
v 69.8397 46.9993 -104.5224
v 75.6333 40.4467 -113.1933
v 82.0918 36.3790 -122.8591
v 88.8912 35.0000 -133.0351
v 95.6907 36.3790 -143.2112
v 102.1491 40.4467 -152.8770
v 107.9428 46.9993 -161.5478
v 112.7812 55.7081 -168.7889
v 116.4216 66.1364 -174.2372
v 118.6815 77.7613 -177.6194
v 119.4476 90.0000 -178.7660
v 136.3946 90.0000 -166.1972
v 135.5198 102.2387 -165.1313
v 132.9392 113.8636 -161.9869
v 128.7823 124.2919 -156.9217
v 123.2575 133.0007 -150.1897
v 116.6418 139.5533 -142.1285
v 109.2670 143.6210 -133.1423
v 101.5029 145.0000 -123.6817
v 93.7388 143.6210 -114.2211
v 86.3640 139.5533 -105.2349
v 79.7483 133.0007 -97.1736
v 74.2236 124.2919 -90.4417
v 70.0667 113.8636 -85.3765
v 67.4861 102.2387 -82.2321
v 66.6113 90.0000 -81.1661
v 67.4861 77.7613 -82.2321
v 70.0667 66.1364 -85.3765
v 74.2236 55.7081 -90.4417
v 79.7483 46.9993 -97.1736
v 86.3640 40.4467 -105.2349
v 93.7388 36.3790 -114.2211
v 101.5029 35.0000 -123.6817
v 109.2670 36.3790 -133.1423
v 116.6418 40.4467 -142.1285
v 123.2575 46.9993 -150.1897
v 128.7823 55.7081 -156.9217
v 132.9392 66.1364 -161.9869
v 135.5198 77.7613 -165.1313
v 136.3946 90.0000 -166.1972
v 152.0280 90.0000 -152.0280
v 151.0529 102.2387 -151.0529
v 148.1766 113.8636 -148.1766
v 143.5432 124.2919 -143.5432
v 137.3851 133.0007 -137.3851
v 130.0112 139.5533 -130.0112
v 121.7911 143.6210 -121.7911
v 113.1371 145.0000 -113.1371
v 104.4831 143.6210 -104.4831
v 96.2630 139.5533 -96.2630
v 88.8890 133.0007 -88.8890
v 82.7310 124.2919 -82.7310
v 78.0976 113.8636 -78.0976
v 75.2213 102.2387 -75.2213
v 74.2462 90.0000 -74.2462
v 75.2213 77.7613 -75.2213
v 78.0976 66.1364 -78.0976
v 82.7310 55.7081 -82.7310
v 88.8890 46.9993 -88.8890
v 96.2630 40.4467 -96.2630
v 104.4831 36.3790 -104.4831
v 113.1371 35.0000 -113.1371
v 121.7911 36.3790 -121.7911
v 130.0112 40.4467 -130.0112
v 137.3851 46.9993 -137.3851
v 143.5432 55.7081 -143.5432
v 148.1766 66.1364 -148.1766
v 151.0529 77.7613 -151.0529
v 152.0280 90.0000 -152.0280
v 166.1972 90.0000 -136.3946
v 165.1313 102.2387 -135.5198
v 161.9869 113.8636 -132.9392
v 156.9217 124.2919 -128.7823
v 150.1897 133.0007 -123.2575
v 142.1285 139.5533 -116.6418
v 133.1423 143.6210 -109.2670
v 123.6817 145.0000 -101.5029
v 114.2211 143.6210 -93.7388
v 105.2349 139.5533 -86.3640
v 97.1736 133.0007 -79.7483
v 90.4417 124.2919 -74.2236
v 85.3765 113.8636 -70.0667
v 82.2321 102.2387 -67.4861
v 81.1661 90.0000 -66.6113
v 82.2321 77.7613 -67.4861
v 85.3765 66.1364 -70.0667
v 90.4417 55.7081 -74.2236
v 97.1736 46.9993 -79.7483
v 105.2349 40.4467 -86.3640
v 114.2211 36.3790 -93.7388
v 123.6817 35.0000 -101.5029
v 133.1423 36.3790 -109.2670
v 142.1285 40.4467 -116.6418
v 150.1897 46.9993 -123.2575
v 156.9217 55.7081 -128.7823
v 161.9869 66.1364 -132.9392
v 165.1313 77.7613 -135.5198
v 166.1972 90.0000 -136.3946
v 178.7660 90.0000 -119.4476
v 177.6194 102.2387 -118.6815
v 174.2372 113.8636 -116.4216
v 168.7889 124.2919 -112.7812
v 161.5478 133.0007 -107.9428
v 152.8770 139.5533 -102.1491
v 143.2112 143.6210 -95.6907
v 133.0351 145.0000 -88.8912
v 122.8591 143.6210 -82.0918
v 113.1933 139.5533 -75.6333
v 104.5224 133.0007 -69.8397
v 97.2813 124.2919 -65.0013
v 91.8331 113.8636 -61.3609
v 88.4509 102.2387 -59.1010
v 87.3043 90.0000 -58.3349
v 88.4509 77.7613 -59.1010
v 91.8331 66.1364 -61.3609
v 97.2813 55.7081 -65.0013
v 104.5224 46.9993 -69.8397
v 113.1933 40.4467 -75.6333
v 122.8591 36.3790 -82.0918
v 133.0351 35.0000 -88.8912
v 143.2112 36.3790 -95.6907
v 152.8770 40.4467 -102.1491
v 161.5478 46.9993 -107.9428
v 168.7889 55.7081 -112.7812
v 174.2372 66.1364 -116.4216
v 177.6194 77.7613 -118.6815
v 178.7660 90.0000 -119.4476
v 189.6131 90.0000 -101.3503
v 188.3969 102.2387 -100.7003
v 184.8095 113.8636 -98.7827
v 179.0307 124.2919 -95.6939
v 171.3502 133.0007 -91.5886
v 162.1532 139.5533 -86.6727
v 151.9009 143.6210 -81.1927
v 141.1074 145.0000 -75.4235
v 130.3139 143.6210 -69.6542
v 120.0616 139.5533 -64.1743
v 110.8646 133.0007 -59.2584
v 103.1841 124.2919 -55.1531
v 97.4053 113.8636 -52.0642
v 93.8179 102.2387 -50.1467
v 92.6017 90.0000 -49.4967
v 93.8179 77.7613 -50.1467
v 97.4053 66.1364 -52.0642
v 103.1841 55.7081 -55.1531
v 110.8646 46.9993 -59.2584
v 120.0616 40.4467 -64.1743
v 130.3139 36.3790 -69.6542
v 141.1074 35.0000 -75.4235
v 151.9009 36.3790 -81.1927
v 162.1532 40.4467 -86.6727
v 171.3502 46.9993 -91.5886
v 179.0307 55.7081 -95.6939
v 184.8095 66.1364 -98.7827
v 188.3969 77.7613 -100.7003
v 189.6131 90.0000 -101.3503
v 198.6341 90.0000 -82.2769
v 197.3601 102.2387 -81.7492
v 193.6020 113.8636 -80.1926
v 187.5482 124.2919 -77.6850
v 179.5023 133.0007 -74.3523
v 169.8678 139.5533 -70.3616
v 159.1278 143.6210 -65.9129
v 147.8207 145.0000 -61.2293
v 136.5137 143.6210 -56.5458
v 125.7736 139.5533 -52.0971
v 116.1391 133.0007 -48.1064
v 108.0932 124.2919 -44.7737
v 102.0395 113.8636 -42.2661
v 98.2813 102.2387 -40.7095
v 97.0074 90.0000 -40.1818
v 98.2813 77.7613 -40.7095
v 102.0395 66.1364 -42.2661
v 108.0932 55.7081 -44.7737
v 116.1391 46.9993 -48.1064
v 125.7736 40.4467 -52.0971
v 136.5137 36.3790 -56.5458
v 147.8207 35.0000 -61.2293
v 159.1278 36.3790 -65.9129
v 169.8678 40.4467 -70.3616
v 179.5023 46.9993 -74.3523
v 187.5482 55.7081 -77.6850
v 193.6020 66.1364 -80.1926
v 197.3601 77.7613 -81.7492
v 198.6341 90.0000 -82.2769
v 205.7422 90.0000 -62.4112
v 204.4226 102.2387 -62.0109
v 200.5300 113.8636 -60.8301
v 194.2596 124.2919 -58.9280
v 185.9258 133.0007 -56.4000
v 175.9465 139.5533 -53.3728
v 164.8221 143.6210 -49.9982
v 153.1105 145.0000 -46.4455
v 141.3988 143.6210 -42.8929
v 130.2744 139.5533 -39.5183
v 120.2951 133.0007 -36.4911
v 111.9613 124.2919 -33.9631
v 105.6909 113.8636 -32.0610
v 101.7983 102.2387 -30.8802
v 100.4787 90.0000 -30.4799
v 101.7983 77.7613 -30.8802
v 105.6909 66.1364 -32.0610
v 111.9613 55.7081 -33.9631
v 120.2951 46.9993 -36.4911
v 130.2744 40.4467 -39.5183
v 141.3988 36.3790 -42.8929
v 153.1105 35.0000 -46.4455
v 164.8221 36.3790 -49.9982
v 175.9465 40.4467 -53.3728
v 185.9258 46.9993 -56.4000
v 194.2596 55.7081 -58.9280
v 200.5300 66.1364 -60.8301
v 204.4226 77.7613 -62.0109
v 205.7422 90.0000 -62.4112
v 210.8688 90.0000 -41.9444
v 209.5164 102.2387 -41.6754
v 205.5268 113.8636 -40.8818
v 199.1001 124.2919 -39.6035
v 190.5587 133.0007 -37.9045
v 180.3307 139.5533 -35.8700
v 168.9291 143.6210 -33.6021
v 156.9256 145.0000 -31.2145
v 144.9222 143.6210 -28.8268
v 133.5206 139.5533 -26.5589
v 123.2926 133.0007 -24.5244
v 114.7512 124.2919 -22.8254
v 108.3245 113.8636 -21.5471
v 104.3349 102.2387 -20.7535
v 102.9825 90.0000 -20.4845
v 104.3349 77.7613 -20.7535
v 108.3245 66.1364 -21.5471
v 114.7512 55.7081 -22.8254
v 123.2926 46.9993 -24.5244
v 133.5206 40.4467 -26.5589
v 144.9222 36.3790 -28.8268
v 156.9256 35.0000 -31.2145
v 168.9291 36.3790 -33.6021
v 180.3307 40.4467 -35.8700
v 190.5587 46.9993 -37.9045
v 199.1001 55.7081 -39.6035
v 205.5268 66.1364 -40.8818
v 209.5164 77.7613 -41.6754
v 210.8688 90.0000 -41.9444
v 213.9647 90.0000 -21.0737
v 212.5924 102.2387 -20.9385
v 208.5442 113.8636 -20.5398
v 202.0232 124.2919 -19.8976
v 193.3564 133.0007 -19.0439
v 182.9783 139.5533 -18.0218
v 171.4093 143.6210 -16.8823
v 159.2296 145.0000 -15.6827
v 147.0498 143.6210 -14.4831
v 135.4809 139.5533 -13.3437
v 125.1027 133.0007 -12.3215
v 116.4359 124.2919 -11.4679
v 109.9149 113.8636 -10.8257
v 105.8667 102.2387 -10.4270
v 104.4944 90.0000 -10.2918
v 105.8667 77.7613 -10.4270
v 109.9149 66.1364 -10.8257
v 116.4359 55.7081 -11.4679
v 125.1027 46.9993 -12.3215
v 135.4809 40.4467 -13.3437
v 147.0498 36.3790 -14.4831
v 159.2296 35.0000 -15.6827
v 171.4093 36.3790 -16.8823
v 182.9783 40.4467 -18.0218
v 193.3564 46.9993 -19.0439
v 202.0232 55.7081 -19.8976
v 208.5442 66.1364 -20.5398
v 212.5924 77.7613 -20.9385
v 213.9647 90.0000 -21.0737
v 215.0000 90.0000 -0.0000
v 213.6210 102.2387 -0.0000
v 209.5533 113.8636 -0.0000
v 203.0007 124.2919 -0.0000
v 194.2919 133.0007 -0.0000
v 183.8636 139.5533 -0.0000
v 172.2387 143.6210 -0.0000
v 160.0000 145.0000 -0.0000
v 147.7613 143.6210 -0.0000
v 136.1364 139.5533 -0.0000
v 125.7081 133.0007 -0.0000
v 116.9993 124.2919 -0.0000
v 110.4467 113.8636 -0.0000
v 106.3790 102.2387 -0.0000
v 105.0000 90.0000 -0.0000
v 106.3790 77.7613 -0.0000
v 110.4467 66.1364 -0.0000
v 116.9993 55.7081 -0.0000
v 125.7081 46.9993 -0.0000
v 136.1364 40.4467 -0.0000
v 147.7613 36.3790 -0.0000
v 160.0000 35.0000 -0.0000
v 172.2387 36.3790 -0.0000
v 183.8636 40.4467 -0.0000
v 194.2919 46.9993 -0.0000
v 203.0007 55.7081 -0.0000
v 209.5533 66.1364 -0.0000
v 213.6210 77.7613 -0.0000
v 215.0000 90.0000 -0.0000
v -430.0000 170.0000 90.0000
v -430.0000 170.0000 90.0000
v -430.0000 170.0000 90.0000
v -430.0000 170.0000 90.0000
v -430.0000 170.0000 90.0000
v -430.0000 170.0000 90.0000
v -430.0000 170.0000 90.0000
v -430.0000 170.0000 90.0000
v -430.0000 170.0000 90.0000
v -430.0000 170.0000 90.0000
v -430.0000 170.0000 90.0000
v -430.0000 170.0000 90.0000
v -430.0000 170.0000 90.0000
v -430.0000 170.0000 90.0000
v -430.0000 170.0000 90.0000
v -430.0000 170.0000 90.0000
v -430.0000 170.0000 90.0000
v -430.0000 170.0000 90.0000
v -430.0000 170.0000 90.0000
v -430.0000 170.0000 90.0000
v -430.0000 170.0000 90.0000
v -430.0000 170.0000 90.0000
v -430.0000 170.0000 90.0000
v -430.0000 170.0000 90.0000
v -430.0000 170.0000 90.0000
v -430.0000 170.0000 90.0000
v -430.0000 170.0000 90.0000
v -430.0000 170.0000 90.0000
v -430.0000 170.0000 90.0000
v -430.0000 170.0000 90.0000
v -430.0000 170.0000 90.0000
v -430.0000 170.0000 90.0000
v -430.0000 170.0000 90.0000
v -430.0000 170.0000 90.0000
v -430.0000 170.0000 90.0000
v -430.0000 170.0000 90.0000
v -430.0000 170.0000 90.0000
v -430.0000 170.0000 90.0000
v -430.0000 170.0000 90.0000
v -430.0000 170.0000 90.0000
v -430.0000 170.0000 90.0000
v -416.7031 168.9535 90.0000
v -416.8668 168.9535 92.0801
v -417.3539 168.9535 94.1090
v -418.1523 168.9535 96.0367
v -419.2426 168.9535 97.8157
v -420.5977 168.9535 99.4023
v -422.1843 168.9535 100.7574
v -423.9633 168.9535 101.8477
v -425.8910 168.9535 102.6461
v -427.9199 168.9535 103.1332
v -430.0000 168.9535 103.2969
v -432.0801 168.9535 103.1332
v -434.1090 168.9535 102.6461
v -436.0367 168.9535 101.8477
v -437.8157 168.9535 100.7574
v -439.4023 168.9535 99.4023
v -440.7574 168.9535 97.8157
v -441.8477 168.9535 96.0367
v -442.6461 168.9535 94.1090
v -443.1332 168.9535 92.0801
v -443.2969 168.9535 90.0000
v -443.1332 168.9535 87.9199
v -442.6461 168.9535 85.8910
v -441.8477 168.9535 83.9633
v -440.7574 168.9535 82.1843
v -439.4023 168.9535 80.5977
v -437.8157 168.9535 79.2426
v -436.0367 168.9535 78.1523
v -434.1090 168.9535 77.3539
v -432.0801 168.9535 76.8668
v -430.0000 168.9535 76.7031
v -427.9199 168.9535 76.8668
v -425.8910 168.9535 77.3539
v -423.9633 168.9535 78.1523
v -422.1843 168.9535 79.2426
v -420.5977 168.9535 80.5977
v -419.2426 168.9535 82.1843
v -418.1523 168.9535 83.9633
v -417.3539 168.9535 85.8910
v -416.8668 168.9535 87.9199
v -416.7031 168.9535 90.0000
v -403.7336 165.8398 90.0000
v -404.0569 165.8398 94.1090
v -405.0191 165.8398 98.1168
v -406.5964 165.8398 101.9247
v -408.7500 165.8398 105.4390
v -411.4268 165.8398 108.5732
v -414.5610 165.8398 111.2500
v -418.0753 165.8398 113.4036
v -421.8832 165.8398 114.9809
v -425.8910 165.8398 115.9431
v -430.0000 165.8398 116.2664
v -434.1090 165.8398 115.9431
v -438.1168 165.8398 114.9809
v -441.9247 165.8398 113.4036
v -445.4390 165.8398 111.2500
v -448.5732 165.8398 108.5732
v -451.2500 165.8398 105.4390
v -453.4036 165.8398 101.9247
v -454.9809 165.8398 98.1168
v -455.9431 165.8398 94.1090
v -456.2664 165.8398 90.0000
v -455.9431 165.8398 85.8910
v -454.9809 165.8398 81.8832
v -453.4036 165.8398 78.0753
v -451.2500 165.8398 74.5610
v -448.5732 165.8398 71.4268
v -445.4390 165.8398 68.7500
v -441.9247 165.8398 66.5964
v -438.1168 165.8398 65.0191
v -434.1090 165.8398 64.0569
v -430.0000 165.8398 63.7336
v -425.8910 165.8398 64.0569
v -421.8832 165.8398 65.0191
v -418.0753 165.8398 66.5964
v -414.5610 165.8398 68.7500
v -411.4268 165.8398 71.4268
v -408.7500 165.8398 74.5610
v -406.5964 165.8398 78.0753
v -405.0191 165.8398 81.8832
v -404.0569 165.8398 85.8910
v -403.7336 165.8398 90.0000
v -391.4108 160.7356 90.0000
v -391.8859 160.7356 96.0367
v -393.2995 160.7356 101.9247
v -395.6168 160.7356 107.5191
v -398.7807 160.7356 112.6822
v -402.7133 160.7356 117.2867
v -407.3178 160.7356 121.2193
v -412.4809 160.7356 124.3832
v -418.0753 160.7356 126.7005
v -423.9633 160.7356 128.1141
v -430.0000 160.7356 128.5892
v -436.0367 160.7356 128.1141
v -441.9247 160.7356 126.7005
v -447.5191 160.7356 124.3832
v -452.6822 160.7356 121.2193
v -457.2867 160.7356 117.2867
v -461.2193 160.7356 112.6822
v -464.3832 160.7356 107.5191
v -466.7005 160.7356 101.9247
v -468.1141 160.7356 96.0367
v -468.5892 160.7356 90.0000
v -468.1141 160.7356 83.9633
v -466.7005 160.7356 78.0753
v -464.3832 160.7356 72.4809
v -461.2193 160.7356 67.3178
v -457.2867 160.7356 62.7133
v -452.6822 160.7356 58.7807
v -447.5191 160.7356 55.6168
v -441.9247 160.7356 53.2995
v -436.0367 160.7356 51.8859
v -430.0000 160.7356 51.4108
v -423.9633 160.7356 51.8859
v -418.0753 160.7356 53.2995
v -412.4809 160.7356 55.6168
v -407.3178 160.7356 58.7807
v -402.7133 160.7356 62.7133
v -398.7807 160.7356 67.3178
v -395.6168 160.7356 72.4809
v -393.2995 160.7356 78.0753
v -391.8859 160.7356 83.9633
v -391.4108 160.7356 90.0000
v -380.0383 153.7664 90.0000
v -380.6534 153.7664 97.8157
v -382.4836 153.7664 105.4390
v -385.4838 153.7664 112.6822
v -389.5801 153.7664 119.3668
v -394.6717 153.7664 125.3283
v -400.6332 153.7664 130.4199
v -407.3178 153.7664 134.5162
v -414.5610 153.7664 137.5164
v -422.1843 153.7664 139.3466
v -430.0000 153.7664 139.9617
v -437.8157 153.7664 139.3466
v -445.4390 153.7664 137.5164
v -452.6822 153.7664 134.5162
v -459.3668 153.7664 130.4199
v -465.3283 153.7664 125.3283
v -470.4199 153.7664 119.3668
v -474.5162 153.7664 112.6822
v -477.5164 153.7664 105.4390
v -479.3466 153.7664 97.8157
v -479.9617 153.7664 90.0000
v -479.3466 153.7664 82.1843
v -477.5164 153.7664 74.5610
v -474.5162 153.7664 67.3178
v -470.4199 153.7664 60.6332
v -465.3283 153.7664 54.6717
v -459.3668 153.7664 49.5801
v -452.6822 153.7664 45.4838
v -445.4390 153.7664 42.4836
v -437.8157 153.7664 40.6534
v -430.0000 153.7664 40.0383
v -422.1843 153.7664 40.6534
v -414.5610 153.7664 42.4836
v -407.3178 153.7664 45.4838
v -400.6332 153.7664 49.5801
v -394.6717 153.7664 54.6717
v -389.5801 153.7664 60.6332
v -385.4838 153.7664 67.3178
v -382.4836 153.7664 74.5610
v -380.6534 153.7664 82.1843
v -380.0383 153.7664 90.0000
v -369.8959 145.1041 90.0000
v -370.6359 145.1041 99.4023
v -372.8376 145.1041 108.5732
v -376.4469 145.1041 117.2867
v -381.3748 145.1041 125.3283
v -387.5000 145.1041 132.5000
v -394.6717 145.1041 138.6252
v -402.7133 145.1041 143.5531
v -411.4268 145.1041 147.1624
v -420.5977 145.1041 149.3641
v -430.0000 145.1041 150.1041
v -439.4023 145.1041 149.3641
v -448.5732 145.1041 147.1624
v -457.2867 145.1041 143.5531
v -465.3283 145.1041 138.6252
v -472.5000 145.1041 132.5000
v -478.6252 145.1041 125.3283
v -483.5531 145.1041 117.2867
v -487.1624 145.1041 108.5732
v -489.3641 145.1041 99.4023
v -490.1041 145.1041 90.0000
v -489.3641 145.1041 80.5977
v -487.1624 145.1041 71.4268
v -483.5531 145.1041 62.7133
v -478.6252 145.1041 54.6717
v -472.5000 145.1041 47.5000
v -465.3283 145.1041 41.3748
v -457.2867 145.1041 36.4469
v -448.5732 145.1041 32.8376
v -439.4023 145.1041 30.6359
v -430.0000 145.1041 29.8959
v -420.5977 145.1041 30.6359
v -411.4268 145.1041 32.8376
v -402.7133 145.1041 36.4469
v -394.6717 145.1041 41.3748
v -387.5000 145.1041 47.5000
v -381.3748 145.1041 54.6717
v -376.4469 145.1041 62.7133
v -372.8376 145.1041 71.4268
v -370.6359 145.1041 80.5977
v -369.8959 145.1041 90.0000
v -361.2336 134.9617 90.0000
v -362.0802 134.9617 100.7574
v -364.5992 134.9617 111.2500
v -368.7286 134.9617 121.2193
v -374.3668 134.9617 130.4199
v -381.3748 134.9617 138.6252
v -389.5801 134.9617 145.6332
v -398.7807 134.9617 151.2714
v -408.7500 134.9617 155.4008
v -419.2426 134.9617 157.9198
v -430.0000 134.9617 158.7664
v -440.7574 134.9617 157.9198
v -451.2500 134.9617 155.4008
v -461.2193 134.9617 151.2714
v -470.4199 134.9617 145.6332
v -478.6252 134.9617 138.6252
v -485.6332 134.9617 130.4199
v -491.2714 134.9617 121.2193
v -495.4008 134.9617 111.2500
v -497.9198 134.9617 100.7574
v -498.7664 134.9617 90.0000
v -497.9198 134.9617 79.2426
v -495.4008 134.9617 68.7500
v -491.2714 134.9617 58.7807
v -485.6332 134.9617 49.5801
v -478.6252 134.9617 41.3748
v -470.4199 134.9617 34.3668
v -461.2193 134.9617 28.7286
v -451.2500 134.9617 24.5992
v -440.7574 134.9617 22.0802
v -430.0000 134.9617 21.2336
v -419.2426 134.9617 22.0802
v -408.7500 134.9617 24.5992
v -398.7807 134.9617 28.7286
v -389.5801 134.9617 34.3668
v -381.3748 134.9617 41.3748
v -374.3668 134.9617 49.5801
v -368.7286 134.9617 58.7807
v -364.5992 134.9617 68.7500
v -362.0802 134.9617 79.2426
v -361.2336 134.9617 90.0000
v -354.2644 123.5892 90.0000
v -355.1969 123.5892 101.8477
v -357.9712 123.5892 113.4036
v -362.5191 123.5892 124.3832
v -368.7286 123.5892 134.5162
v -376.4469 123.5892 143.5531
v -385.4838 123.5892 151.2714
v -395.6168 123.5892 157.4809
v -406.5964 123.5892 162.0288
v -418.1523 123.5892 164.8031
v -430.0000 123.5892 165.7356
v -441.8477 123.5892 164.8031
v -453.4036 123.5892 162.0288
v -464.3832 123.5892 157.4809
v -474.5162 123.5892 151.2714
v -483.5531 123.5892 143.5531
v -491.2714 123.5892 134.5162
v -497.4809 123.5892 124.3832
v -502.0288 123.5892 113.4036
v -504.8031 123.5892 101.8477
v -505.7356 123.5892 90.0000
v -504.8031 123.5892 78.1523
v -502.0288 123.5892 66.5964
v -497.4809 123.5892 55.6168
v -491.2714 123.5892 45.4838
v -483.5531 123.5892 36.4469
v -474.5162 123.5892 28.7286
v -464.3832 123.5892 22.5191
v -453.4036 123.5892 17.9712
v -441.8477 123.5892 15.1969
v -430.0000 123.5892 14.2644
v -418.1523 123.5892 15.1969
v -406.5964 123.5892 17.9712
v -395.6168 123.5892 22.5191
v -385.4838 123.5892 28.7286
v -376.4469 123.5892 36.4469
v -368.7286 123.5892 45.4838
v -362.5191 123.5892 55.6168
v -357.9712 123.5892 66.5964
v -355.1969 123.5892 78.1523
v -354.2644 123.5892 90.0000
v -349.1602 111.2664 90.0000
v -350.1555 111.2664 102.6461
v -353.1168 111.2664 114.9809
v -357.9712 111.2664 126.7005
v -364.5992 111.2664 137.5164
v -372.8376 111.2664 147.1624
v -382.4836 111.2664 155.4008
v -393.2995 111.2664 162.0288
v -405.0191 111.2664 166.8832
v -417.3539 111.2664 169.8445
v -430.0000 111.2664 170.8398
v -442.6461 111.2664 169.8445
v -454.9809 111.2664 166.8832
v -466.7005 111.2664 162.0288
v -477.5164 111.2664 155.4008
v -487.1624 111.2664 147.1624
v -495.4008 111.2664 137.5164
v -502.0288 111.2664 126.7005
v -506.8832 111.2664 114.9809
v -509.8445 111.2664 102.6461
v -510.8398 111.2664 90.0000
v -509.8445 111.2664 77.3539
v -506.8832 111.2664 65.0191
v -502.0288 111.2664 53.2995
v -495.4008 111.2664 42.4836
v -487.1624 111.2664 32.8376
v -477.5164 111.2664 24.5992
v -466.7005 111.2664 17.9712
v -454.9809 111.2664 13.1168
v -442.6461 111.2664 10.1555
v -430.0000 111.2664 9.1602
v -417.3539 111.2664 10.1555
v -405.0191 111.2664 13.1168
v -393.2995 111.2664 17.9712
v -382.4836 111.2664 24.5992
v -372.8376 111.2664 32.8376
v -364.5992 111.2664 42.4836
v -357.9712 111.2664 53.2995
v -353.1168 111.2664 65.0191
v -350.1555 111.2664 77.3539
v -349.1602 111.2664 90.0000
v -346.0465 98.2969 90.0000
v -347.0801 98.2969 103.1332
v -350.1555 98.2969 115.9431
v -355.1969 98.2969 128.1141
v -362.0802 98.2969 139.3466
v -370.6359 98.2969 149.3641
v -380.6534 98.2969 157.9198
v -391.8859 98.2969 164.8031
v -404.0569 98.2969 169.8445
v -416.8668 98.2969 172.9199
v -430.0000 98.2969 173.9535
v -443.1332 98.2969 172.9199
v -455.9431 98.2969 169.8445
v -468.1141 98.2969 164.8031
v -479.3466 98.2969 157.9198
v -489.3641 98.2969 149.3641
v -497.9198 98.2969 139.3466
v -504.8031 98.2969 128.1141
v -509.8445 98.2969 115.9431
v -512.9199 98.2969 103.1332
v -513.9535 98.2969 90.0000
v -512.9199 98.2969 76.8668
v -509.8445 98.2969 64.0569
v -504.8031 98.2969 51.8859
v -497.9198 98.2969 40.6534
v -489.3641 98.2969 30.6359
v -479.3466 98.2969 22.0802
v -468.1141 98.2969 15.1969
v -455.9431 98.2969 10.1555
v -443.1332 98.2969 7.0801
v -430.0000 98.2969 6.0465
v -416.8668 98.2969 7.0801
v -404.0569 98.2969 10.1555
v -391.8859 98.2969 15.1969
v -380.6534 98.2969 22.0802
v -370.6359 98.2969 30.6359
v -362.0802 98.2969 40.6534
v -355.1969 98.2969 51.8859
v -350.1555 98.2969 64.0569
v -347.0801 98.2969 76.8668
v -346.0465 98.2969 90.0000
v -345.0000 85.0000 90.0000
v -346.0465 85.0000 103.2969
v -349.1602 85.0000 116.2664
v -354.2644 85.0000 128.5892
v -361.2336 85.0000 139.9617
v -369.8959 85.0000 150.1041
v -380.0383 85.0000 158.7664
v -391.4108 85.0000 165.7356
v -403.7336 85.0000 170.8398
v -416.7031 85.0000 173.9535
v -430.0000 85.0000 175.0000
v -443.2969 85.0000 173.9535
v -456.2664 85.0000 170.8398
v -468.5892 85.0000 165.7356
v -479.9617 85.0000 158.7664
v -490.1041 85.0000 150.1041
v -498.7664 85.0000 139.9617
v -505.7356 85.0000 128.5892
v -510.8398 85.0000 116.2664
v -513.9535 85.0000 103.2969
v -515.0000 85.0000 90.0000
v -513.9535 85.0000 76.7031
v -510.8398 85.0000 63.7336
v -505.7356 85.0000 51.4108
v -498.7664 85.0000 40.0383
v -490.1041 85.0000 29.8959
v -479.9617 85.0000 21.2336
v -468.5892 85.0000 14.2644
v -456.2664 85.0000 9.1602
v -443.2969 85.0000 6.0465
v -430.0000 85.0000 5.0000
v -416.7031 85.0000 6.0465
v -403.7336 85.0000 9.1602
v -391.4108 85.0000 14.2644
v -380.0383 85.0000 21.2336
v -369.8959 85.0000 29.8959
v -361.2336 85.0000 40.0383
v -354.2644 85.0000 51.4108
v -349.1602 85.0000 63.7336
v -346.0465 85.0000 76.7031
v -345.0000 85.0000 90.0000
v -346.0465 71.7031 90.0000
v -347.0801 71.7031 103.1332
v -350.1555 71.7031 115.9431
v -355.1969 71.7031 128.1141
v -362.0802 71.7031 139.3466
v -370.6359 71.7031 149.3641
v -380.6534 71.7031 157.9198
v -391.8859 71.7031 164.8031
v -404.0569 71.7031 169.8445
v -416.8668 71.7031 172.9199
v -430.0000 71.7031 173.9535
v -443.1332 71.7031 172.9199
v -455.9431 71.7031 169.8445
v -468.1141 71.7031 164.8031
v -479.3466 71.7031 157.9198
v -489.3641 71.7031 149.3641
v -497.9198 71.7031 139.3466
v -504.8031 71.7031 128.1141
v -509.8445 71.7031 115.9431
v -512.9199 71.7031 103.1332
v -513.9535 71.7031 90.0000
v -512.9199 71.7031 76.8668
v -509.8445 71.7031 64.0569
v -504.8031 71.7031 51.8859
v -497.9198 71.7031 40.6534
v -489.3641 71.7031 30.6359
v -479.3466 71.7031 22.0802
v -468.1141 71.7031 15.1969
v -455.9431 71.7031 10.1555
v -443.1332 71.7031 7.0801
v -430.0000 71.7031 6.0465
v -416.8668 71.7031 7.0801
v -404.0569 71.7031 10.1555
v -391.8859 71.7031 15.1969
v -380.6534 71.7031 22.0802
v -370.6359 71.7031 30.6359
v -362.0802 71.7031 40.6534
v -355.1969 71.7031 51.8859
v -350.1555 71.7031 64.0569
v -347.0801 71.7031 76.8668
v -346.0465 71.7031 90.0000
v -349.1602 58.7336 90.0000
v -350.1555 58.7336 102.6461
v -353.1168 58.7336 114.9809
v -357.9712 58.7336 126.7005
v -364.5992 58.7336 137.5164
v -372.8376 58.7336 147.1624
v -382.4836 58.7336 155.4008
v -393.2995 58.7336 162.0288
v -405.0191 58.7336 166.8832
v -417.3539 58.7336 169.8445
v -430.0000 58.7336 170.8398
v -442.6461 58.7336 169.8445
v -454.9809 58.7336 166.8832
v -466.7005 58.7336 162.0288
v -477.5164 58.7336 155.4008
v -487.1624 58.7336 147.1624
v -495.4008 58.7336 137.5164
v -502.0288 58.7336 126.7005
v -506.8832 58.7336 114.9809
v -509.8445 58.7336 102.6461
v -510.8398 58.7336 90.0000
v -509.8445 58.7336 77.3539
v -506.8832 58.7336 65.0191
v -502.0288 58.7336 53.2995
v -495.4008 58.7336 42.4836
v -487.1624 58.7336 32.8376
v -477.5164 58.7336 24.5992
v -466.7005 58.7336 17.9712
v -454.9809 58.7336 13.1168
v -442.6461 58.7336 10.1555
v -430.0000 58.7336 9.1602
v -417.3539 58.7336 10.1555
v -405.0191 58.7336 13.1168
v -393.2995 58.7336 17.9712
v -382.4836 58.7336 24.5992
v -372.8376 58.7336 32.8376
v -364.5992 58.7336 42.4836
v -357.9712 58.7336 53.2995
v -353.1168 58.7336 65.0191
v -350.1555 58.7336 77.3539
v -349.1602 58.7336 90.0000
v -354.2644 46.4108 90.0000
v -355.1969 46.4108 101.8477
v -357.9712 46.4108 113.4036
v -362.5191 46.4108 124.3832
v -368.7286 46.4108 134.5162
v -376.4469 46.4108 143.5531
v -385.4838 46.4108 151.2714
v -395.6168 46.4108 157.4809
v -406.5964 46.4108 162.0288
v -418.1523 46.4108 164.8031
v -430.0000 46.4108 165.7356
v -441.8477 46.4108 164.8031
v -453.4036 46.4108 162.0288
v -464.3832 46.4108 157.4809
v -474.5162 46.4108 151.2714
v -483.5531 46.4108 143.5531
v -491.2714 46.4108 134.5162
v -497.4809 46.4108 124.3832
v -502.0288 46.4108 113.4036
v -504.8031 46.4108 101.8477
v -505.7356 46.4108 90.0000
v -504.8031 46.4108 78.1523
v -502.0288 46.4108 66.5964
v -497.4809 46.4108 55.6168
v -491.2714 46.4108 45.4838
v -483.5531 46.4108 36.4469
v -474.5162 46.4108 28.7286
v -464.3832 46.4108 22.5191
v -453.4036 46.4108 17.9712
v -441.8477 46.4108 15.1969
v -430.0000 46.4108 14.2644
v -418.1523 46.4108 15.1969
v -406.5964 46.4108 17.9712
v -395.6168 46.4108 22.5191
v -385.4838 46.4108 28.7286
v -376.4469 46.4108 36.4469
v -368.7286 46.4108 45.4838
v -362.5191 46.4108 55.6168
v -357.9712 46.4108 66.5964
v -355.1969 46.4108 78.1523
v -354.2644 46.4108 90.0000
v -361.2336 35.0383 90.0000
v -362.0802 35.0383 100.7574
v -364.5992 35.0383 111.2500
v -368.7286 35.0383 121.2193
v -374.3668 35.0383 130.4199
v -381.3748 35.0383 138.6252
v -389.5801 35.0383 145.6332
v -398.7807 35.0383 151.2714
v -408.7500 35.0383 155.4008
v -419.2426 35.0383 157.9198
v -430.0000 35.0383 158.7664
v -440.7574 35.0383 157.9198
v -451.2500 35.0383 155.4008
v -461.2193 35.0383 151.2714
v -470.4199 35.0383 145.6332
v -478.6252 35.0383 138.6252
v -485.6332 35.0383 130.4199
v -491.2714 35.0383 121.2193
v -495.4008 35.0383 111.2500
v -497.9198 35.0383 100.7574
v -498.7664 35.0383 90.0000
v -497.9198 35.0383 79.2426
v -495.4008 35.0383 68.7500
v -491.2714 35.0383 58.7807
v -485.6332 35.0383 49.5801
v -478.6252 35.0383 41.3748
v -470.4199 35.0383 34.3668
v -461.2193 35.0383 28.7286
v -451.2500 35.0383 24.5992
v -440.7574 35.0383 22.0802
v -430.0000 35.0383 21.2336
v -419.2426 35.0383 22.0802
v -408.7500 35.0383 24.5992
v -398.7807 35.0383 28.7286
v -389.5801 35.0383 34.3668
v -381.3748 35.0383 41.3748
v -374.3668 35.0383 49.5801
v -368.7286 35.0383 58.7807
v -364.5992 35.0383 68.7500
v -362.0802 35.0383 79.2426
v -361.2336 35.0383 90.0000
v -369.8959 24.8959 90.0000
v -370.6359 24.8959 99.4023
v -372.8376 24.8959 108.5732
v -376.4469 24.8959 117.2867
v -381.3748 24.8959 125.3283
v -387.5000 24.8959 132.5000
v -394.6717 24.8959 138.6252
v -402.7133 24.8959 143.5531
v -411.4268 24.8959 147.1624
v -420.5977 24.8959 149.3641
v -430.0000 24.8959 150.1041
v -439.4023 24.8959 149.3641
v -448.5732 24.8959 147.1624
v -457.2867 24.8959 143.5531
v -465.3283 24.8959 138.6252
v -472.5000 24.8959 132.5000
v -478.6252 24.8959 125.3283
v -483.5531 24.8959 117.2867
v -487.1624 24.8959 108.5732
v -489.3641 24.8959 99.4023
v -490.1041 24.8959 90.0000
v -489.3641 24.8959 80.5977
v -487.1624 24.8959 71.4268
v -483.5531 24.8959 62.7133
v -478.6252 24.8959 54.6717
v -472.5000 24.8959 47.5000
v -465.3283 24.8959 41.3748
v -457.2867 24.8959 36.4469
v -448.5732 24.8959 32.8376
v -439.4023 24.8959 30.6359
v -430.0000 24.8959 29.8959
v -420.5977 24.8959 30.6359
v -411.4268 24.8959 32.8376
v -402.7133 24.8959 36.4469
v -394.6717 24.8959 41.3748
v -387.5000 24.8959 47.5000
v -381.3748 24.8959 54.6717
v -376.4469 24.8959 62.7133
v -372.8376 24.8959 71.4268
v -370.6359 24.8959 80.5977
v -369.8959 24.8959 90.0000
v -380.0383 16.2336 90.0000
v -380.6534 16.2336 97.8157
v -382.4836 16.2336 105.4390
v -385.4838 16.2336 112.6822
v -389.5801 16.2336 119.3668
v -394.6717 16.2336 125.3283
v -400.6332 16.2336 130.4199
v -407.3178 16.2336 134.5162
v -414.5610 16.2336 137.5164
v -422.1843 16.2336 139.3466
v -430.0000 16.2336 139.9617
v -437.8157 16.2336 139.3466
v -445.4390 16.2336 137.5164
v -452.6822 16.2336 134.5162
v -459.3668 16.2336 130.4199
v -465.3283 16.2336 125.3283
v -470.4199 16.2336 119.3668
v -474.5162 16.2336 112.6822
v -477.5164 16.2336 105.4390
v -479.3466 16.2336 97.8157
v -479.9617 16.2336 90.0000
v -479.3466 16.2336 82.1843
v -477.5164 16.2336 74.5610
v -474.5162 16.2336 67.3178
v -470.4199 16.2336 60.6332
v -465.3283 16.2336 54.6717
v -459.3668 16.2336 49.5801
v -452.6822 16.2336 45.4838
v -445.4390 16.2336 42.4836
v -437.8157 16.2336 40.6534
v -430.0000 16.2336 40.0383
v -422.1843 16.2336 40.6534
v -414.5610 16.2336 42.4836
v -407.3178 16.2336 45.4838
v -400.6332 16.2336 49.5801
v -394.6717 16.2336 54.6717
v -389.5801 16.2336 60.6332
v -385.4838 16.2336 67.3178
v -382.4836 16.2336 74.5610
v -380.6534 16.2336 82.1843
v -380.0383 16.2336 90.0000
v -391.4108 9.2644 90.0000
v -391.8859 9.2644 96.0367
v -393.2995 9.2644 101.9247
v -395.6168 9.2644 107.5191
v -398.7807 9.2644 112.6822
v -402.7133 9.2644 117.2867
v -407.3178 9.2644 121.2193
v -412.4809 9.2644 124.3832
v -418.0753 9.2644 126.7005
v -423.9633 9.2644 128.1141
v -430.0000 9.2644 128.5892
v -436.0367 9.2644 128.1141
v -441.9247 9.2644 126.7005
v -447.5191 9.2644 124.3832
v -452.6822 9.2644 121.2193
v -457.2867 9.2644 117.2867
v -461.2193 9.2644 112.6822
v -464.3832 9.2644 107.5191
v -466.7005 9.2644 101.9247
v -468.1141 9.2644 96.0367
v -468.5892 9.2644 90.0000
v -468.1141 9.2644 83.9633
v -466.7005 9.2644 78.0753
v -464.3832 9.2644 72.4809
v -461.2193 9.2644 67.3178
v -457.2867 9.2644 62.7133
v -452.6822 9.2644 58.7807
v -447.5191 9.2644 55.6168
v -441.9247 9.2644 53.2995
v -436.0367 9.2644 51.8859
v -430.0000 9.2644 51.4108
v -423.9633 9.2644 51.8859
v -418.0753 9.2644 53.2995
v -412.4809 9.2644 55.6168
v -407.3178 9.2644 58.7807
v -402.7133 9.2644 62.7133
v -398.7807 9.2644 67.3178
v -395.6168 9.2644 72.4809
v -393.2995 9.2644 78.0753
v -391.8859 9.2644 83.9633
v -391.4108 9.2644 90.0000
v -403.7336 4.1602 90.0000
v -404.0569 4.1602 94.1090
v -405.0191 4.1602 98.1168
v -406.5964 4.1602 101.9247
v -408.7500 4.1602 105.4390
v -411.4268 4.1602 108.5732
v -414.5610 4.1602 111.2500
v -418.0753 4.1602 113.4036
v -421.8832 4.1602 114.9809
v -425.8910 4.1602 115.9431
v -430.0000 4.1602 116.2664
v -434.1090 4.1602 115.9431
v -438.1168 4.1602 114.9809
v -441.9247 4.1602 113.4036
v -445.4390 4.1602 111.2500
v -448.5732 4.1602 108.5732
v -451.2500 4.1602 105.4390
v -453.4036 4.1602 101.9247
v -454.9809 4.1602 98.1168
v -455.9431 4.1602 94.1090
v -456.2664 4.1602 90.0000
v -455.9431 4.1602 85.8910
v -454.9809 4.1602 81.8832
v -453.4036 4.1602 78.0753
v -451.2500 4.1602 74.5610
v -448.5732 4.1602 71.4268
v -445.4390 4.1602 68.7500
v -441.9247 4.1602 66.5964
v -438.1168 4.1602 65.0191
v -434.1090 4.1602 64.0569
v -430.0000 4.1602 63.7336
v -425.8910 4.1602 64.0569
v -421.8832 4.1602 65.0191
v -418.0753 4.1602 66.5964
v -414.5610 4.1602 68.7500
v -411.4268 4.1602 71.4268
v -408.7500 4.1602 74.5610
v -406.5964 4.1602 78.0753
v -405.0191 4.1602 81.8832
v -404.0569 4.1602 85.8910
v -403.7336 4.1602 90.0000
v -416.7031 1.0465 90.0000
v -416.8668 1.0465 92.0801
v -417.3539 1.0465 94.1090
v -418.1523 1.0465 96.0367
v -419.2426 1.0465 97.8157
v -420.5977 1.0465 99.4023
v -422.1843 1.0465 100.7574
v -423.9633 1.0465 101.8477
v -425.8910 1.0465 102.6461
v -427.9199 1.0465 103.1332
v -430.0000 1.0465 103.2969
v -432.0801 1.0465 103.1332
v -434.1090 1.0465 102.6461
v -436.0367 1.0465 101.8477
v -437.8157 1.0465 100.7574
v -439.4023 1.0465 99.4023
v -440.7574 1.0465 97.8157
v -441.8477 1.0465 96.0367
v -442.6461 1.0465 94.1090
v -443.1332 1.0465 92.0801
v -443.2969 1.0465 90.0000
v -443.1332 1.0465 87.9199
v -442.6461 1.0465 85.8910
v -441.8477 1.0465 83.9633
v -440.7574 1.0465 82.1843
v -439.4023 1.0465 80.5977
v -437.8157 1.0465 79.2426
v -436.0367 1.0465 78.1523
v -434.1090 1.0465 77.3539
v -432.0801 1.0465 76.8668
v -430.0000 1.0465 76.7031
v -427.9199 1.0465 76.8668
v -425.8910 1.0465 77.3539
v -423.9633 1.0465 78.1523
v -422.1843 1.0465 79.2426
v -420.5977 1.0465 80.5977
v -419.2426 1.0465 82.1843
v -418.1523 1.0465 83.9633
v -417.3539 1.0465 85.8910
v -416.8668 1.0465 87.9199
v -416.7031 1.0465 90.0000
v -430.0000 0.0000 90.0000
v -430.0000 0.0000 90.0000
v -430.0000 0.0000 90.0000
v -430.0000 0.0000 90.0000
v -430.0000 0.0000 90.0000
v -430.0000 0.0000 90.0000
v -430.0000 0.0000 90.0000
v -430.0000 0.0000 90.0000
v -430.0000 0.0000 90.0000
v -430.0000 0.0000 90.0000
v -430.0000 0.0000 90.0000
v -430.0000 0.0000 90.0000
v -430.0000 0.0000 90.0000
v -430.0000 0.0000 90.0000
v -430.0000 0.0000 90.0000
v -430.0000 0.0000 90.0000
v -430.0000 0.0000 90.0000
v -430.0000 0.0000 90.0000
v -430.0000 0.0000 90.0000
v -430.0000 0.0000 90.0000
v -430.0000 0.0000 90.0000
v -430.0000 0.0000 90.0000
v -430.0000 0.0000 90.0000
v -430.0000 0.0000 90.0000
v -430.0000 0.0000 90.0000
v -430.0000 0.0000 90.0000
v -430.0000 0.0000 90.0000
v -430.0000 0.0000 90.0000
v -430.0000 0.0000 90.0000
v -430.0000 0.0000 90.0000
v -430.0000 0.0000 90.0000
v -430.0000 0.0000 90.0000
v -430.0000 0.0000 90.0000
v -430.0000 0.0000 90.0000
v -430.0000 0.0000 90.0000
v -430.0000 0.0000 90.0000
v -430.0000 0.0000 90.0000
v -430.0000 0.0000 90.0000
v -430.0000 0.0000 90.0000
v -430.0000 0.0000 90.0000
v -430.0000 0.0000 90.0000
v 330.0000 190.0000 -300.0000
v 330.0000 190.0000 -300.0000
v 330.0000 190.0000 -300.0000
v 330.0000 190.0000 -300.0000
v 330.0000 190.0000 -300.0000
v 330.0000 190.0000 -300.0000
v 330.0000 190.0000 -300.0000
v 330.0000 190.0000 -300.0000
v 330.0000 190.0000 -300.0000
v 330.0000 190.0000 -300.0000
v 330.0000 190.0000 -300.0000
v 330.0000 190.0000 -300.0000
v 330.0000 190.0000 -300.0000
v 330.0000 190.0000 -300.0000
v 330.0000 190.0000 -300.0000
v 330.0000 190.0000 -300.0000
v 330.0000 190.0000 -300.0000
v 330.0000 190.0000 -300.0000
v 330.0000 190.0000 -300.0000
v 330.0000 190.0000 -300.0000
v 330.0000 190.0000 -300.0000
v 330.0000 190.0000 -300.0000
v 330.0000 190.0000 -300.0000
v 330.0000 190.0000 -300.0000
v 330.0000 190.0000 -300.0000
v 330.0000 190.0000 -300.0000
v 330.0000 190.0000 -300.0000
v 330.0000 190.0000 -300.0000
v 330.0000 190.0000 -300.0000
v 330.0000 190.0000 -300.0000
v 330.0000 190.0000 -300.0000
v 330.0000 190.0000 -300.0000
v 330.0000 190.0000 -300.0000
v 330.0000 190.0000 -300.0000
v 330.0000 190.0000 -300.0000
v 330.0000 190.0000 -300.0000
v 330.0000 190.0000 -300.0000
v 330.0000 190.0000 -300.0000
v 330.0000 190.0000 -300.0000
v 330.0000 190.0000 -300.0000
v 330.0000 190.0000 -300.0000
v 344.8613 188.8304 -300.0000
v 344.6783 188.8304 -297.6752
v 344.1339 188.8304 -295.4076
v 343.2415 188.8304 -293.2531
v 342.0230 188.8304 -291.2648
v 340.5085 188.8304 -289.4915
v 338.7352 188.8304 -287.9770
v 336.7469 188.8304 -286.7585
v 334.5924 188.8304 -285.8661
v 332.3248 188.8304 -285.3217
v 330.0000 188.8304 -285.1387
v 327.6752 188.8304 -285.3217
v 325.4076 188.8304 -285.8661
v 323.2531 188.8304 -286.7585
v 321.2648 188.8304 -287.9770
v 319.4915 188.8304 -289.4915
v 317.9770 188.8304 -291.2648
v 316.7585 188.8304 -293.2531
v 315.8661 188.8304 -295.4076
v 315.3217 188.8304 -297.6752
v 315.1387 188.8304 -300.0000
v 315.3217 188.8304 -302.3248
v 315.8661 188.8304 -304.5924
v 316.7585 188.8304 -306.7469
v 317.9770 188.8304 -308.7352
v 319.4915 188.8304 -310.5085
v 321.2648 188.8304 -312.0230
v 323.2531 188.8304 -313.2415
v 325.4076 188.8304 -314.1339
v 327.6752 188.8304 -314.6783
v 330.0000 188.8304 -314.8613
v 332.3248 188.8304 -314.6783
v 334.5924 188.8304 -314.1339
v 336.7469 188.8304 -313.2415
v 338.7352 188.8304 -312.0230
v 340.5085 188.8304 -310.5085
v 342.0230 188.8304 -308.7352
v 343.2415 188.8304 -306.7469
v 344.1339 188.8304 -304.5924
v 344.6783 188.8304 -302.3248
v 344.8613 188.8304 -300.0000
v 359.3566 185.3504 -300.0000
v 358.9952 185.3504 -295.4076
v 357.9198 185.3504 -290.9283
v 356.1569 185.3504 -286.6724
v 353.7500 185.3504 -282.7446
v 350.7583 185.3504 -279.2417
v 347.2554 185.3504 -276.2500
v 343.3276 185.3504 -273.8431
v 339.0717 185.3504 -272.0802
v 334.5924 185.3504 -271.0048
v 330.0000 185.3504 -270.6434
v 325.4076 185.3504 -271.0048
v 320.9283 185.3504 -272.0802
v 316.6724 185.3504 -273.8431
v 312.7446 185.3504 -276.2500
v 309.2417 185.3504 -279.2417
v 306.2500 185.3504 -282.7446
v 303.8431 185.3504 -286.6724
v 302.0802 185.3504 -290.9283
v 301.0048 185.3504 -295.4076
v 300.6434 185.3504 -300.0000
v 301.0048 185.3504 -304.5924
v 302.0802 185.3504 -309.0717
v 303.8431 185.3504 -313.3276
v 306.2500 185.3504 -317.2554
v 309.2417 185.3504 -320.7583
v 312.7446 185.3504 -323.7500
v 316.6724 185.3504 -326.1569
v 320.9283 185.3504 -327.9198
v 325.4076 185.3504 -328.9952
v 330.0000 185.3504 -329.3566
v 334.5924 185.3504 -328.9952
v 339.0717 185.3504 -327.9198
v 343.3276 185.3504 -326.1569
v 347.2554 185.3504 -323.7500
v 350.7583 185.3504 -320.7583
v 353.7500 185.3504 -317.2554
v 356.1569 185.3504 -313.3276
v 357.9198 185.3504 -309.0717
v 358.9952 185.3504 -304.5924
v 359.3566 185.3504 -300.0000
v 373.1291 179.6456 -300.0000
v 372.5981 179.6456 -293.2531
v 371.0182 179.6456 -286.6724
v 368.4283 179.6456 -280.4198
v 364.8922 179.6456 -274.6494
v 360.4969 179.6456 -269.5031
v 355.3506 179.6456 -265.1078
v 349.5802 179.6456 -261.5717
v 343.3276 179.6456 -258.9818
v 336.7469 179.6456 -257.4019
v 330.0000 179.6456 -256.8709
v 323.2531 179.6456 -257.4019
v 316.6724 179.6456 -258.9818
v 310.4198 179.6456 -261.5717
v 304.6494 179.6456 -265.1078
v 299.5031 179.6456 -269.5031
v 295.1078 179.6456 -274.6494
v 291.5717 179.6456 -280.4198
v 288.9818 179.6456 -286.6724
v 287.4019 179.6456 -293.2531
v 286.8709 179.6456 -300.0000
v 287.4019 179.6456 -306.7469
v 288.9818 179.6456 -313.3276
v 291.5717 179.6456 -319.5802
v 295.1078 179.6456 -325.3506
v 299.5031 179.6456 -330.4969
v 304.6494 179.6456 -334.8922
v 310.4198 179.6456 -338.4283
v 316.6724 179.6456 -341.0182
v 323.2531 179.6456 -342.5981
v 330.0000 179.6456 -343.1291
v 336.7469 179.6456 -342.5981
v 343.3276 179.6456 -341.0182
v 349.5802 179.6456 -338.4283
v 355.3506 179.6456 -334.8922
v 360.4969 179.6456 -330.4969
v 364.8922 179.6456 -325.3506
v 368.4283 179.6456 -319.5802
v 371.0182 179.6456 -313.3276
v 372.5981 179.6456 -306.7469
v 373.1291 179.6456 -300.0000
v 385.8396 171.8566 -300.0000
v 385.1521 171.8566 -291.2648
v 383.1066 171.8566 -282.7446
v 379.7534 171.8566 -274.6494
v 375.1752 171.8566 -267.1783
v 369.4846 171.8566 -260.5154
v 362.8217 171.8566 -254.8248
v 355.3506 171.8566 -250.2466
v 347.2554 171.8566 -246.8934
v 338.7352 171.8566 -244.8479
v 330.0000 171.8566 -244.1604
v 321.2648 171.8566 -244.8479
v 312.7446 171.8566 -246.8934
v 304.6494 171.8566 -250.2466
v 297.1783 171.8566 -254.8248
v 290.5154 171.8566 -260.5154
v 284.8248 171.8566 -267.1783
v 280.2466 171.8566 -274.6494
v 276.8934 171.8566 -282.7446
v 274.8479 171.8566 -291.2648
v 274.1604 171.8566 -300.0000
v 274.8479 171.8566 -308.7352
v 276.8934 171.8566 -317.2554
v 280.2466 171.8566 -325.3506
v 284.8248 171.8566 -332.8217
v 290.5154 171.8566 -339.4846
v 297.1783 171.8566 -345.1752
v 304.6494 171.8566 -349.7534
v 312.7446 171.8566 -353.1066
v 321.2648 171.8566 -355.1521
v 330.0000 171.8566 -355.8396
v 338.7352 171.8566 -355.1521
v 347.2554 171.8566 -353.1066
v 355.3506 171.8566 -349.7534
v 362.8217 171.8566 -345.1752
v 369.4846 171.8566 -339.4846
v 375.1752 171.8566 -332.8217
v 379.7534 171.8566 -325.3506
v 383.1066 171.8566 -317.2554
v 385.1521 171.8566 -308.7352
v 385.8396 171.8566 -300.0000
v 397.1751 162.1751 -300.0000
v 396.3481 162.1751 -289.4915
v 393.8874 162.1751 -279.2417
v 389.8535 162.1751 -269.5031
v 384.3458 162.1751 -260.5154
v 377.5000 162.1751 -252.5000
v 369.4846 162.1751 -245.6542
v 360.4969 162.1751 -240.1465
v 350.7583 162.1751 -236.1126
v 340.5085 162.1751 -233.6519
v 330.0000 162.1751 -232.8249
v 319.4915 162.1751 -233.6519
v 309.2417 162.1751 -236.1126
v 299.5031 162.1751 -240.1465
v 290.5154 162.1751 -245.6542
v 282.5000 162.1751 -252.5000
v 275.6542 162.1751 -260.5154
v 270.1465 162.1751 -269.5031
v 266.1126 162.1751 -279.2417
v 263.6519 162.1751 -289.4915
v 262.8249 162.1751 -300.0000
v 263.6519 162.1751 -310.5085
v 266.1126 162.1751 -320.7583
v 270.1465 162.1751 -330.4969
v 275.6542 162.1751 -339.4846
v 282.5000 162.1751 -347.5000
v 290.5154 162.1751 -354.3458
v 299.5031 162.1751 -359.8535
v 309.2417 162.1751 -363.8874
v 319.4915 162.1751 -366.3481
v 330.0000 162.1751 -367.1751
v 340.5085 162.1751 -366.3481
v 350.7583 162.1751 -363.8874
v 360.4969 162.1751 -359.8535
v 369.4846 162.1751 -354.3458
v 377.5000 162.1751 -347.5000
v 384.3458 162.1751 -339.4846
v 389.8535 162.1751 -330.4969
v 393.8874 162.1751 -320.7583
v 396.3481 162.1751 -310.5085
v 397.1751 162.1751 -300.0000
v 406.8566 150.8396 -300.0000
v 405.9104 150.8396 -287.9770
v 403.0950 150.8396 -276.2500
v 398.4797 150.8396 -265.1078
v 392.1783 150.8396 -254.8248
v 384.3458 150.8396 -245.6542
v 375.1752 150.8396 -237.8217
v 364.8922 150.8396 -231.5203
v 353.7500 150.8396 -226.9050
v 342.0230 150.8396 -224.0896
v 330.0000 150.8396 -223.1434
v 317.9770 150.8396 -224.0896
v 306.2500 150.8396 -226.9050
v 295.1078 150.8396 -231.5203
v 284.8248 150.8396 -237.8217
v 275.6542 150.8396 -245.6542
v 267.8217 150.8396 -254.8248
v 261.5203 150.8396 -265.1078
v 256.9050 150.8396 -276.2500
v 254.0896 150.8396 -287.9770
v 253.1434 150.8396 -300.0000
v 254.0896 150.8396 -312.0230
v 256.9050 150.8396 -323.7500
v 261.5203 150.8396 -334.8922
v 267.8217 150.8396 -345.1752
v 275.6542 150.8396 -354.3458
v 284.8248 150.8396 -362.1783
v 295.1078 150.8396 -368.4797
v 306.2500 150.8396 -373.0950
v 317.9770 150.8396 -375.9104
v 330.0000 150.8396 -376.8566
v 342.0230 150.8396 -375.9104
v 353.7500 150.8396 -373.0950
v 364.8922 150.8396 -368.4797
v 375.1752 150.8396 -362.1783
v 384.3458 150.8396 -354.3458
v 392.1783 150.8396 -345.1752
v 398.4797 150.8396 -334.8922
v 403.0950 150.8396 -323.7500
v 405.9104 150.8396 -312.0230
v 406.8566 150.8396 -300.0000
v 414.6456 138.1291 -300.0000
v 413.6035 138.1291 -286.7585
v 410.5028 138.1291 -273.8431
v 405.4198 138.1291 -261.5717
v 398.4797 138.1291 -250.2466
v 389.8535 138.1291 -240.1465
v 379.7534 138.1291 -231.5203
v 368.4283 138.1291 -224.5802
v 356.1569 138.1291 -219.4972
v 343.2415 138.1291 -216.3965
v 330.0000 138.1291 -215.3544
v 316.7585 138.1291 -216.3965
v 303.8431 138.1291 -219.4972
v 291.5717 138.1291 -224.5802
v 280.2466 138.1291 -231.5203
v 270.1465 138.1291 -240.1465
v 261.5203 138.1291 -250.2466
v 254.5802 138.1291 -261.5717
v 249.4972 138.1291 -273.8431
v 246.3965 138.1291 -286.7585
v 245.3544 138.1291 -300.0000
v 246.3965 138.1291 -313.2415
v 249.4972 138.1291 -326.1569
v 254.5802 138.1291 -338.4283
v 261.5203 138.1291 -349.7534
v 270.1465 138.1291 -359.8535
v 280.2466 138.1291 -368.4797
v 291.5717 138.1291 -375.4198
v 303.8431 138.1291 -380.5028
v 316.7585 138.1291 -383.6035
v 330.0000 138.1291 -384.6456
v 343.2415 138.1291 -383.6035
v 356.1569 138.1291 -380.5028
v 368.4283 138.1291 -375.4198
v 379.7534 138.1291 -368.4797
v 389.8535 138.1291 -359.8535
v 398.4797 138.1291 -349.7534
v 405.4198 138.1291 -338.4283
v 410.5028 138.1291 -326.1569
v 413.6035 138.1291 -313.2415
v 414.6456 138.1291 -300.0000
v 420.3504 124.3566 -300.0000
v 419.2380 124.3566 -285.8661
v 415.9283 124.3566 -272.0802
v 410.5028 124.3566 -258.9818
v 403.0950 124.3566 -246.8934
v 393.8874 124.3566 -236.1126
v 383.1066 124.3566 -226.9050
v 371.0182 124.3566 -219.4972
v 357.9198 124.3566 -214.0717
v 344.1339 124.3566 -210.7620
v 330.0000 124.3566 -209.6496
v 315.8661 124.3566 -210.7620
v 302.0802 124.3566 -214.0717
v 288.9818 124.3566 -219.4972
v 276.8934 124.3566 -226.9050
v 266.1126 124.3566 -236.1126
v 256.9050 124.3566 -246.8934
v 249.4972 124.3566 -258.9818
v 244.0717 124.3566 -272.0802
v 240.7620 124.3566 -285.8661
v 239.6496 124.3566 -300.0000
v 240.7620 124.3566 -314.1339
v 244.0717 124.3566 -327.9198
v 249.4972 124.3566 -341.0182
v 256.9050 124.3566 -353.1066
v 266.1126 124.3566 -363.8874
v 276.8934 124.3566 -373.0950
v 288.9818 124.3566 -380.5028
v 302.0802 124.3566 -385.9283
v 315.8661 124.3566 -389.2380
v 330.0000 124.3566 -390.3504
v 344.1339 124.3566 -389.2380
v 357.9198 124.3566 -385.9283
v 371.0182 124.3566 -380.5028
v 383.1066 124.3566 -373.0950
v 393.8874 124.3566 -363.8874
v 403.0950 124.3566 -353.1066
v 410.5028 124.3566 -341.0182
v 415.9283 124.3566 -327.9198
v 419.2380 124.3566 -314.1339
v 420.3504 124.3566 -300.0000
v 423.8304 109.8613 -300.0000
v 422.6752 109.8613 -285.3217
v 419.2380 109.8613 -271.0048
v 413.6035 109.8613 -257.4019
v 405.9104 109.8613 -244.8479
v 396.3481 109.8613 -233.6519
v 385.1521 109.8613 -224.0896
v 372.5981 109.8613 -216.3965
v 358.9952 109.8613 -210.7620
v 344.6783 109.8613 -207.3248
v 330.0000 109.8613 -206.1696
v 315.3217 109.8613 -207.3248
v 301.0048 109.8613 -210.7620
v 287.4019 109.8613 -216.3965
v 274.8479 109.8613 -224.0896
v 263.6519 109.8613 -233.6519
v 254.0896 109.8613 -244.8479
v 246.3965 109.8613 -257.4019
v 240.7620 109.8613 -271.0048
v 237.3248 109.8613 -285.3217
v 236.1696 109.8613 -300.0000
v 237.3248 109.8613 -314.6783
v 240.7620 109.8613 -328.9952
v 246.3965 109.8613 -342.5981
v 254.0896 109.8613 -355.1521
v 263.6519 109.8613 -366.3481
v 274.8479 109.8613 -375.9104
v 287.4019 109.8613 -383.6035
v 301.0048 109.8613 -389.2380
v 315.3217 109.8613 -392.6752
v 330.0000 109.8613 -393.8304
v 344.6783 109.8613 -392.6752
v 358.9952 109.8613 -389.2380
v 372.5981 109.8613 -383.6035
v 385.1521 109.8613 -375.9104
v 396.3481 109.8613 -366.3481
v 405.9104 109.8613 -355.1521
v 413.6035 109.8613 -342.5981
v 419.2380 109.8613 -328.9952
v 422.6752 109.8613 -314.6783
v 423.8304 109.8613 -300.0000
v 425.0000 95.0000 -300.0000
v 423.8304 95.0000 -285.1387
v 420.3504 95.0000 -270.6434
v 414.6456 95.0000 -256.8709
v 406.8566 95.0000 -244.1604
v 397.1751 95.0000 -232.8249
v 385.8396 95.0000 -223.1434
v 373.1291 95.0000 -215.3544
v 359.3566 95.0000 -209.6496
v 344.8613 95.0000 -206.1696
v 330.0000 95.0000 -205.0000
v 315.1387 95.0000 -206.1696
v 300.6434 95.0000 -209.6496
v 286.8709 95.0000 -215.3544
v 274.1604 95.0000 -223.1434
v 262.8249 95.0000 -232.8249
v 253.1434 95.0000 -244.1604
v 245.3544 95.0000 -256.8709
v 239.6496 95.0000 -270.6434
v 236.1696 95.0000 -285.1387
v 235.0000 95.0000 -300.0000
v 236.1696 95.0000 -314.8613
v 239.6496 95.0000 -329.3566
v 245.3544 95.0000 -343.1291
v 253.1434 95.0000 -355.8396
v 262.8249 95.0000 -367.1751
v 274.1604 95.0000 -376.8566
v 286.8709 95.0000 -384.6456
v 300.6434 95.0000 -390.3504
v 315.1387 95.0000 -393.8304
v 330.0000 95.0000 -395.0000
v 344.8613 95.0000 -393.8304
v 359.3566 95.0000 -390.3504
v 373.1291 95.0000 -384.6456
v 385.8396 95.0000 -376.8566
v 397.1751 95.0000 -367.1751
v 406.8566 95.0000 -355.8396
v 414.6456 95.0000 -343.1291
v 420.3504 95.0000 -329.3566
v 423.8304 95.0000 -314.8613
v 425.0000 95.0000 -300.0000
v 423.8304 80.1387 -300.0000
v 422.6752 80.1387 -285.3217
v 419.2380 80.1387 -271.0048
v 413.6035 80.1387 -257.4019
v 405.9104 80.1387 -244.8479
v 396.3481 80.1387 -233.6519
v 385.1521 80.1387 -224.0896
v 372.5981 80.1387 -216.3965
v 358.9952 80.1387 -210.7620
v 344.6783 80.1387 -207.3248
v 330.0000 80.1387 -206.1696
v 315.3217 80.1387 -207.3248
v 301.0048 80.1387 -210.7620
v 287.4019 80.1387 -216.3965
v 274.8479 80.1387 -224.0896
v 263.6519 80.1387 -233.6519
v 254.0896 80.1387 -244.8479
v 246.3965 80.1387 -257.4019
v 240.7620 80.1387 -271.0048
v 237.3248 80.1387 -285.3217
v 236.1696 80.1387 -300.0000
v 237.3248 80.1387 -314.6783
v 240.7620 80.1387 -328.9952
v 246.3965 80.1387 -342.5981
v 254.0896 80.1387 -355.1521
v 263.6519 80.1387 -366.3481
v 274.8479 80.1387 -375.9104
v 287.4019 80.1387 -383.6035
v 301.0048 80.1387 -389.2380
v 315.3217 80.1387 -392.6752
v 330.0000 80.1387 -393.8304
v 344.6783 80.1387 -392.6752
v 358.9952 80.1387 -389.2380
v 372.5981 80.1387 -383.6035
v 385.1521 80.1387 -375.9104
v 396.3481 80.1387 -366.3481
v 405.9104 80.1387 -355.1521
v 413.6035 80.1387 -342.5981
v 419.2380 80.1387 -328.9952
v 422.6752 80.1387 -314.6783
v 423.8304 80.1387 -300.0000
v 420.3504 65.6434 -300.0000
v 419.2380 65.6434 -285.8661
v 415.9283 65.6434 -272.0802
v 410.5028 65.6434 -258.9818
v 403.0950 65.6434 -246.8934
v 393.8874 65.6434 -236.1126
v 383.1066 65.6434 -226.9050
v 371.0182 65.6434 -219.4972
v 357.9198 65.6434 -214.0717
v 344.1339 65.6434 -210.7620
v 330.0000 65.6434 -209.6496
v 315.8661 65.6434 -210.7620
v 302.0802 65.6434 -214.0717
v 288.9818 65.6434 -219.4972
v 276.8934 65.6434 -226.9050
v 266.1126 65.6434 -236.1126
v 256.9050 65.6434 -246.8934
v 249.4972 65.6434 -258.9818
v 244.0717 65.6434 -272.0802
v 240.7620 65.6434 -285.8661
v 239.6496 65.6434 -300.0000
v 240.7620 65.6434 -314.1339
v 244.0717 65.6434 -327.9198
v 249.4972 65.6434 -341.0182
v 256.9050 65.6434 -353.1066
v 266.1126 65.6434 -363.8874
v 276.8934 65.6434 -373.0950
v 288.9818 65.6434 -380.5028
v 302.0802 65.6434 -385.9283
v 315.8661 65.6434 -389.2380
v 330.0000 65.6434 -390.3504
v 344.1339 65.6434 -389.2380
v 357.9198 65.6434 -385.9283
v 371.0182 65.6434 -380.5028
v 383.1066 65.6434 -373.0950
v 393.8874 65.6434 -363.8874
v 403.0950 65.6434 -353.1066
v 410.5028 65.6434 -341.0182
v 415.9283 65.6434 -327.9198
v 419.2380 65.6434 -314.1339
v 420.3504 65.6434 -300.0000
v 414.6456 51.8709 -300.0000
v 413.6035 51.8709 -286.7585
v 410.5028 51.8709 -273.8431
v 405.4198 51.8709 -261.5717
v 398.4797 51.8709 -250.2466
v 389.8535 51.8709 -240.1465
v 379.7534 51.8709 -231.5203
v 368.4283 51.8709 -224.5802
v 356.1569 51.8709 -219.4972
v 343.2415 51.8709 -216.3965
v 330.0000 51.8709 -215.3544
v 316.7585 51.8709 -216.3965
v 303.8431 51.8709 -219.4972
v 291.5717 51.8709 -224.5802
v 280.2466 51.8709 -231.5203
v 270.1465 51.8709 -240.1465
v 261.5203 51.8709 -250.2466
v 254.5802 51.8709 -261.5717
v 249.4972 51.8709 -273.8431
v 246.3965 51.8709 -286.7585
v 245.3544 51.8709 -300.0000
v 246.3965 51.8709 -313.2415
v 249.4972 51.8709 -326.1569
v 254.5802 51.8709 -338.4283
v 261.5203 51.8709 -349.7534
v 270.1465 51.8709 -359.8535
v 280.2466 51.8709 -368.4797
v 291.5717 51.8709 -375.4198
v 303.8431 51.8709 -380.5028
v 316.7585 51.8709 -383.6035
v 330.0000 51.8709 -384.6456
v 343.2415 51.8709 -383.6035
v 356.1569 51.8709 -380.5028
v 368.4283 51.8709 -375.4198
v 379.7534 51.8709 -368.4797
v 389.8535 51.8709 -359.8535
v 398.4797 51.8709 -349.7534
v 405.4198 51.8709 -338.4283
v 410.5028 51.8709 -326.1569
v 413.6035 51.8709 -313.2415
v 414.6456 51.8709 -300.0000
v 406.8566 39.1604 -300.0000
v 405.9104 39.1604 -287.9770
v 403.0950 39.1604 -276.2500
v 398.4797 39.1604 -265.1078
v 392.1783 39.1604 -254.8248
v 384.3458 39.1604 -245.6542
v 375.1752 39.1604 -237.8217
v 364.8922 39.1604 -231.5203
v 353.7500 39.1604 -226.9050
v 342.0230 39.1604 -224.0896
v 330.0000 39.1604 -223.1434
v 317.9770 39.1604 -224.0896
v 306.2500 39.1604 -226.9050
v 295.1078 39.1604 -231.5203
v 284.8248 39.1604 -237.8217
v 275.6542 39.1604 -245.6542
v 267.8217 39.1604 -254.8248
v 261.5203 39.1604 -265.1078
v 256.9050 39.1604 -276.2500
v 254.0896 39.1604 -287.9770
v 253.1434 39.1604 -300.0000
v 254.0896 39.1604 -312.0230
v 256.9050 39.1604 -323.7500
v 261.5203 39.1604 -334.8922
v 267.8217 39.1604 -345.1752
v 275.6542 39.1604 -354.3458
v 284.8248 39.1604 -362.1783
v 295.1078 39.1604 -368.4797
v 306.2500 39.1604 -373.0950
v 317.9770 39.1604 -375.9104
v 330.0000 39.1604 -376.8566
v 342.0230 39.1604 -375.9104
v 353.7500 39.1604 -373.0950
v 364.8922 39.1604 -368.4797
v 375.1752 39.1604 -362.1783
v 384.3458 39.1604 -354.3458
v 392.1783 39.1604 -345.1752
v 398.4797 39.1604 -334.8922
v 403.0950 39.1604 -323.7500
v 405.9104 39.1604 -312.0230
v 406.8566 39.1604 -300.0000
v 397.1751 27.8249 -300.0000
v 396.3481 27.8249 -289.4915
v 393.8874 27.8249 -279.2417
v 389.8535 27.8249 -269.5031
v 384.3458 27.8249 -260.5154
v 377.5000 27.8249 -252.5000
v 369.4846 27.8249 -245.6542
v 360.4969 27.8249 -240.1465
v 350.7583 27.8249 -236.1126
v 340.5085 27.8249 -233.6519
v 330.0000 27.8249 -232.8249
v 319.4915 27.8249 -233.6519
v 309.2417 27.8249 -236.1126
v 299.5031 27.8249 -240.1465
v 290.5154 27.8249 -245.6542
v 282.5000 27.8249 -252.5000
v 275.6542 27.8249 -260.5154
v 270.1465 27.8249 -269.5031
v 266.1126 27.8249 -279.2417
v 263.6519 27.8249 -289.4915
v 262.8249 27.8249 -300.0000
v 263.6519 27.8249 -310.5085
v 266.1126 27.8249 -320.7583
v 270.1465 27.8249 -330.4969
v 275.6542 27.8249 -339.4846
v 282.5000 27.8249 -347.5000
v 290.5154 27.8249 -354.3458
v 299.5031 27.8249 -359.8535
v 309.2417 27.8249 -363.8874
v 319.4915 27.8249 -366.3481
v 330.0000 27.8249 -367.1751
v 340.5085 27.8249 -366.3481
v 350.7583 27.8249 -363.8874
v 360.4969 27.8249 -359.8535
v 369.4846 27.8249 -354.3458
v 377.5000 27.8249 -347.5000
v 384.3458 27.8249 -339.4846
v 389.8535 27.8249 -330.4969
v 393.8874 27.8249 -320.7583
v 396.3481 27.8249 -310.5085
v 397.1751 27.8249 -300.0000
v 385.8396 18.1434 -300.0000
v 385.1521 18.1434 -291.2648
v 383.1066 18.1434 -282.7446
v 379.7534 18.1434 -274.6494
v 375.1752 18.1434 -267.1783
v 369.4846 18.1434 -260.5154
v 362.8217 18.1434 -254.8248
v 355.3506 18.1434 -250.2466
v 347.2554 18.1434 -246.8934
v 338.7352 18.1434 -244.8479
v 330.0000 18.1434 -244.1604
v 321.2648 18.1434 -244.8479
v 312.7446 18.1434 -246.8934
v 304.6494 18.1434 -250.2466
v 297.1783 18.1434 -254.8248
v 290.5154 18.1434 -260.5154
v 284.8248 18.1434 -267.1783
v 280.2466 18.1434 -274.6494
v 276.8934 18.1434 -282.7446
v 274.8479 18.1434 -291.2648
v 274.1604 18.1434 -300.0000
v 274.8479 18.1434 -308.7352
v 276.8934 18.1434 -317.2554
v 280.2466 18.1434 -325.3506
v 284.8248 18.1434 -332.8217
v 290.5154 18.1434 -339.4846
v 297.1783 18.1434 -345.1752
v 304.6494 18.1434 -349.7534
v 312.7446 18.1434 -353.1066
v 321.2648 18.1434 -355.1521
v 330.0000 18.1434 -355.8396
v 338.7352 18.1434 -355.1521
v 347.2554 18.1434 -353.1066
v 355.3506 18.1434 -349.7534
v 362.8217 18.1434 -345.1752
v 369.4846 18.1434 -339.4846
v 375.1752 18.1434 -332.8217
v 379.7534 18.1434 -325.3506
v 383.1066 18.1434 -317.2554
v 385.1521 18.1434 -308.7352
v 385.8396 18.1434 -300.0000
v 373.1291 10.3544 -300.0000
v 372.5981 10.3544 -293.2531
v 371.0182 10.3544 -286.6724
v 368.4283 10.3544 -280.4198
v 364.8922 10.3544 -274.6494
v 360.4969 10.3544 -269.5031
v 355.3506 10.3544 -265.1078
v 349.5802 10.3544 -261.5717
v 343.3276 10.3544 -258.9818
v 336.7469 10.3544 -257.4019
v 330.0000 10.3544 -256.8709
v 323.2531 10.3544 -257.4019
v 316.6724 10.3544 -258.9818
v 310.4198 10.3544 -261.5717
v 304.6494 10.3544 -265.1078
v 299.5031 10.3544 -269.5031
v 295.1078 10.3544 -274.6494
v 291.5717 10.3544 -280.4198
v 288.9818 10.3544 -286.6724
v 287.4019 10.3544 -293.2531
v 286.8709 10.3544 -300.0000
v 287.4019 10.3544 -306.7469
v 288.9818 10.3544 -313.3276
v 291.5717 10.3544 -319.5802
v 295.1078 10.3544 -325.3506
v 299.5031 10.3544 -330.4969
v 304.6494 10.3544 -334.8922
v 310.4198 10.3544 -338.4283
v 316.6724 10.3544 -341.0182
v 323.2531 10.3544 -342.5981
v 330.0000 10.3544 -343.1291
v 336.7469 10.3544 -342.5981
v 343.3276 10.3544 -341.0182
v 349.5802 10.3544 -338.4283
v 355.3506 10.3544 -334.8922
v 360.4969 10.3544 -330.4969
v 364.8922 10.3544 -325.3506
v 368.4283 10.3544 -319.5802
v 371.0182 10.3544 -313.3276
v 372.5981 10.3544 -306.7469
v 373.1291 10.3544 -300.0000
v 359.3566 4.6496 -300.0000
v 358.9952 4.6496 -295.4076
v 357.9198 4.6496 -290.9283
v 356.1569 4.6496 -286.6724
v 353.7500 4.6496 -282.7446
v 350.7583 4.6496 -279.2417
v 347.2554 4.6496 -276.2500
v 343.3276 4.6496 -273.8431
v 339.0717 4.6496 -272.0802
v 334.5924 4.6496 -271.0048
v 330.0000 4.6496 -270.6434
v 325.4076 4.6496 -271.0048
v 320.9283 4.6496 -272.0802
v 316.6724 4.6496 -273.8431
v 312.7446 4.6496 -276.2500
v 309.2417 4.6496 -279.2417
v 306.2500 4.6496 -282.7446
v 303.8431 4.6496 -286.6724
v 302.0802 4.6496 -290.9283
v 301.0048 4.6496 -295.4076
v 300.6434 4.6496 -300.0000
v 301.0048 4.6496 -304.5924
v 302.0802 4.6496 -309.0717
v 303.8431 4.6496 -313.3276
v 306.2500 4.6496 -317.2554
v 309.2417 4.6496 -320.7583
v 312.7446 4.6496 -323.7500
v 316.6724 4.6496 -326.1569
v 320.9283 4.6496 -327.9198
v 325.4076 4.6496 -328.9952
v 330.0000 4.6496 -329.3566
v 334.5924 4.6496 -328.9952
v 339.0717 4.6496 -327.9198
v 343.3276 4.6496 -326.1569
v 347.2554 4.6496 -323.7500
v 350.7583 4.6496 -320.7583
v 353.7500 4.6496 -317.2554
v 356.1569 4.6496 -313.3276
v 357.9198 4.6496 -309.0717
v 358.9952 4.6496 -304.5924
v 359.3566 4.6496 -300.0000
v 344.8613 1.1696 -300.0000
v 344.6783 1.1696 -297.6752
v 344.1339 1.1696 -295.4076
v 343.2415 1.1696 -293.2531
v 342.0230 1.1696 -291.2648
v 340.5085 1.1696 -289.4915
v 338.7352 1.1696 -287.9770
v 336.7469 1.1696 -286.7585
v 334.5924 1.1696 -285.8661
v 332.3248 1.1696 -285.3217
v 330.0000 1.1696 -285.1387
v 327.6752 1.1696 -285.3217
v 325.4076 1.1696 -285.8661
v 323.2531 1.1696 -286.7585
v 321.2648 1.1696 -287.9770
v 319.4915 1.1696 -289.4915
v 317.9770 1.1696 -291.2648
v 316.7585 1.1696 -293.2531
v 315.8661 1.1696 -295.4076
v 315.3217 1.1696 -297.6752
v 315.1387 1.1696 -300.0000
v 315.3217 1.1696 -302.3248
v 315.8661 1.1696 -304.5924
v 316.7585 1.1696 -306.7469
v 317.9770 1.1696 -308.7352
v 319.4915 1.1696 -310.5085
v 321.2648 1.1696 -312.0230
v 323.2531 1.1696 -313.2415
v 325.4076 1.1696 -314.1339
v 327.6752 1.1696 -314.6783
v 330.0000 1.1696 -314.8613
v 332.3248 1.1696 -314.6783
v 334.5924 1.1696 -314.1339
v 336.7469 1.1696 -313.2415
v 338.7352 1.1696 -312.0230
v 340.5085 1.1696 -310.5085
v 342.0230 1.1696 -308.7352
v 343.2415 1.1696 -306.7469
v 344.1339 1.1696 -304.5924
v 344.6783 1.1696 -302.3248
v 344.8613 1.1696 -300.0000
v 330.0000 0.0000 -300.0000
v 330.0000 0.0000 -300.0000
v 330.0000 0.0000 -300.0000
v 330.0000 0.0000 -300.0000
v 330.0000 0.0000 -300.0000
v 330.0000 0.0000 -300.0000
v 330.0000 0.0000 -300.0000
v 330.0000 0.0000 -300.0000
v 330.0000 0.0000 -300.0000
v 330.0000 0.0000 -300.0000
v 330.0000 0.0000 -300.0000
v 330.0000 0.0000 -300.0000
v 330.0000 0.0000 -300.0000
v 330.0000 0.0000 -300.0000
v 330.0000 0.0000 -300.0000
v 330.0000 0.0000 -300.0000
v 330.0000 0.0000 -300.0000
v 330.0000 0.0000 -300.0000
v 330.0000 0.0000 -300.0000
v 330.0000 0.0000 -300.0000
v 330.0000 0.0000 -300.0000
v 330.0000 0.0000 -300.0000
v 330.0000 0.0000 -300.0000
v 330.0000 0.0000 -300.0000
v 330.0000 0.0000 -300.0000
v 330.0000 0.0000 -300.0000
v 330.0000 0.0000 -300.0000
v 330.0000 0.0000 -300.0000
v 330.0000 0.0000 -300.0000
v 330.0000 0.0000 -300.0000
v 330.0000 0.0000 -300.0000
v 330.0000 0.0000 -300.0000
v 330.0000 0.0000 -300.0000
v 330.0000 0.0000 -300.0000
v 330.0000 0.0000 -300.0000
v 330.0000 0.0000 -300.0000
v 330.0000 0.0000 -300.0000
v 330.0000 0.0000 -300.0000
v 330.0000 0.0000 -300.0000
v 330.0000 0.0000 -300.0000
v 330.0000 0.0000 -300.0000
v 120.0000 140.0000 430.0000
v 120.0000 140.0000 430.0000
v 120.0000 140.0000 430.0000
v 120.0000 140.0000 430.0000
v 120.0000 140.0000 430.0000
v 120.0000 140.0000 430.0000
v 120.0000 140.0000 430.0000
v 120.0000 140.0000 430.0000
v 120.0000 140.0000 430.0000
v 120.0000 140.0000 430.0000
v 120.0000 140.0000 430.0000
v 120.0000 140.0000 430.0000
v 120.0000 140.0000 430.0000
v 120.0000 140.0000 430.0000
v 120.0000 140.0000 430.0000
v 120.0000 140.0000 430.0000
v 120.0000 140.0000 430.0000
v 120.0000 140.0000 430.0000
v 120.0000 140.0000 430.0000
v 120.0000 140.0000 430.0000
v 120.0000 140.0000 430.0000
v 120.0000 140.0000 430.0000
v 120.0000 140.0000 430.0000
v 120.0000 140.0000 430.0000
v 120.0000 140.0000 430.0000
v 120.0000 140.0000 430.0000
v 120.0000 140.0000 430.0000
v 120.0000 140.0000 430.0000
v 120.0000 140.0000 430.0000
v 120.0000 140.0000 430.0000
v 120.0000 140.0000 430.0000
v 120.0000 140.0000 430.0000
v 120.0000 140.0000 430.0000
v 120.0000 140.0000 430.0000
v 120.0000 140.0000 430.0000
v 120.0000 140.0000 430.0000
v 120.0000 140.0000 430.0000
v 120.0000 140.0000 430.0000
v 120.0000 140.0000 430.0000
v 120.0000 140.0000 430.0000
v 120.0000 140.0000 430.0000
v 130.9504 139.1382 430.0000
v 130.8156 139.1382 431.7130
v 130.4145 139.1382 433.3839
v 129.7569 139.1382 434.9714
v 128.8591 139.1382 436.4365
v 127.7431 139.1382 437.7431
v 126.4365 139.1382 438.8591
v 124.9714 139.1382 439.7569
v 123.3839 139.1382 440.4145
v 121.7130 139.1382 440.8156
v 120.0000 139.1382 440.9504
v 118.2870 139.1382 440.8156
v 116.6161 139.1382 440.4145
v 115.0286 139.1382 439.7569
v 113.5635 139.1382 438.8591
v 112.2569 139.1382 437.7431
v 111.1409 139.1382 436.4365
v 110.2431 139.1382 434.9714
v 109.5855 139.1382 433.3839
v 109.1844 139.1382 431.7130
v 109.0496 139.1382 430.0000
v 109.1844 139.1382 428.2870
v 109.5855 139.1382 426.6161
v 110.2431 139.1382 425.0286
v 111.1409 139.1382 423.5635
v 112.2569 139.1382 422.2569
v 113.5635 139.1382 421.1409
v 115.0286 139.1382 420.2431
v 116.6161 139.1382 419.5855
v 118.2870 139.1382 419.1844
v 120.0000 139.1382 419.0496
v 121.7130 139.1382 419.1844
v 123.3839 139.1382 419.5855
v 124.9714 139.1382 420.2431
v 126.4365 139.1382 421.1409
v 127.7431 139.1382 422.2569
v 128.8591 139.1382 423.5635
v 129.7569 139.1382 425.0286
v 130.4145 139.1382 426.6161
v 130.8156 139.1382 428.2870
v 130.9504 139.1382 430.0000
v 141.6312 136.5740 430.0000
v 141.3649 136.5740 433.3839
v 140.5725 136.5740 436.6844
v 139.2735 136.5740 439.8204
v 137.5000 136.5740 442.7145
v 135.2956 136.5740 445.2956
v 132.7145 136.5740 447.5000
v 129.8204 136.5740 449.2735
v 126.6844 136.5740 450.5725
v 123.3839 136.5740 451.3649
v 120.0000 136.5740 451.6312
v 116.6161 136.5740 451.3649
v 113.3156 136.5740 450.5725
v 110.1796 136.5740 449.2735
v 107.2855 136.5740 447.5000
v 104.7044 136.5740 445.2956
v 102.5000 136.5740 442.7145
v 100.7265 136.5740 439.8204
v 99.4275 136.5740 436.6844
v 98.6351 136.5740 433.3839
v 98.3688 136.5740 430.0000
v 98.6351 136.5740 426.6161
v 99.4275 136.5740 423.3156
v 100.7265 136.5740 420.1796
v 102.5000 136.5740 417.2855
v 104.7044 136.5740 414.7044
v 107.2855 136.5740 412.5000
v 110.1796 136.5740 410.7265
v 113.3156 136.5740 409.4275
v 116.6161 136.5740 408.6351
v 120.0000 136.5740 408.3688
v 123.3839 136.5740 408.6351
v 126.6844 136.5740 409.4275
v 129.8204 136.5740 410.7265
v 132.7145 136.5740 412.5000
v 135.2956 136.5740 414.7044
v 137.5000 136.5740 417.2855
v 139.2735 136.5740 420.1796
v 140.5725 136.5740 423.3156
v 141.3649 136.5740 426.6161
v 141.6312 136.5740 430.0000
v 151.7793 132.3705 430.0000
v 151.3881 132.3705 434.9714
v 150.2239 132.3705 439.8204
v 148.3156 132.3705 444.4275
v 145.7100 132.3705 448.6794
v 142.4714 132.3705 452.4714
v 138.6794 132.3705 455.7100
v 134.4275 132.3705 458.3156
v 129.8204 132.3705 460.2239
v 124.9714 132.3705 461.3881
v 120.0000 132.3705 461.7793
v 115.0286 132.3705 461.3881
v 110.1796 132.3705 460.2239
v 105.5725 132.3705 458.3156
v 101.3206 132.3705 455.7100
v 97.5286 132.3705 452.4714
v 94.2900 132.3705 448.6794
v 91.6844 132.3705 444.4275
v 89.7761 132.3705 439.8204
v 88.6119 132.3705 434.9714
v 88.2207 132.3705 430.0000
v 88.6119 132.3705 425.0286
v 89.7761 132.3705 420.1796
v 91.6844 132.3705 415.5725
v 94.2900 132.3705 411.3206
v 97.5286 132.3705 407.5286
v 101.3206 132.3705 404.2900
v 105.5725 132.3705 401.6844
v 110.1796 132.3705 399.7761
v 115.0286 132.3705 398.6119
v 120.0000 132.3705 398.2207
v 124.9714 132.3705 398.6119
v 129.8204 132.3705 399.7761
v 134.4275 132.3705 401.6844
v 138.6794 132.3705 404.2900
v 142.4714 132.3705 407.5286
v 145.7100 132.3705 411.3206
v 148.3156 132.3705 415.5725
v 150.2239 132.3705 420.1796
v 151.3881 132.3705 425.0286
v 151.7793 132.3705 430.0000
v 161.1450 126.6312 430.0000
v 160.6384 126.6312 436.4365
v 159.1312 126.6312 442.7145
v 156.6604 126.6312 448.6794
v 153.2870 126.6312 454.1844
v 149.0939 126.6312 459.0939
v 144.1844 126.6312 463.2870
v 138.6794 126.6312 466.6604
v 132.7145 126.6312 469.1312
v 126.4365 126.6312 470.6384
v 120.0000 126.6312 471.1450
v 113.5635 126.6312 470.6384
v 107.2855 126.6312 469.1312
v 101.3206 126.6312 466.6604
v 95.8156 126.6312 463.2870
v 90.9061 126.6312 459.0939
v 86.7130 126.6312 454.1844
v 83.3396 126.6312 448.6794
v 80.8688 126.6312 442.7145
v 79.3616 126.6312 436.4365
v 78.8550 126.6312 430.0000
v 79.3616 126.6312 423.5635
v 80.8688 126.6312 417.2855
v 83.3396 126.6312 411.3206
v 86.7130 126.6312 405.8156
v 90.9061 126.6312 400.9061
v 95.8156 126.6312 396.7130
v 101.3206 126.6312 393.3396
v 107.2855 126.6312 390.8688
v 113.5635 126.6312 389.3616
v 120.0000 126.6312 388.8550
v 126.4365 126.6312 389.3616
v 132.7145 126.6312 390.8688
v 138.6794 126.6312 393.3396
v 144.1844 126.6312 396.7130
v 149.0939 126.6312 400.9061
v 153.2870 126.6312 405.8156
v 156.6604 126.6312 411.3206
v 159.1312 126.6312 417.2855
v 160.6384 126.6312 423.5635
v 161.1450 126.6312 430.0000
v 169.4975 119.4975 430.0000
v 168.8881 119.4975 437.7431
v 167.0749 119.4975 445.2956
v 164.1026 119.4975 452.4714
v 160.0443 119.4975 459.0939
v 155.0000 119.4975 465.0000
v 149.0939 119.4975 470.0443
v 142.4714 119.4975 474.1026
v 135.2956 119.4975 477.0749
v 127.7431 119.4975 478.8881
v 120.0000 119.4975 479.4975
v 112.2569 119.4975 478.8881
v 104.7044 119.4975 477.0749
v 97.5286 119.4975 474.1026
v 90.9061 119.4975 470.0443
v 85.0000 119.4975 465.0000
v 79.9557 119.4975 459.0939
v 75.8974 119.4975 452.4714
v 72.9251 119.4975 445.2956
v 71.1119 119.4975 437.7431
v 70.5025 119.4975 430.0000
v 71.1119 119.4975 422.2569
v 72.9251 119.4975 414.7044
v 75.8974 119.4975 407.5286
v 79.9557 119.4975 400.9061
v 85.0000 119.4975 395.0000
v 90.9061 119.4975 389.9557
v 97.5286 119.4975 385.8974
v 104.7044 119.4975 382.9251
v 112.2569 119.4975 381.1119
v 120.0000 119.4975 380.5025
v 127.7431 119.4975 381.1119
v 135.2956 119.4975 382.9251
v 142.4714 119.4975 385.8974
v 149.0939 119.4975 389.9557
v 155.0000 119.4975 395.0000
v 160.0443 119.4975 400.9061
v 164.1026 119.4975 407.5286
v 167.0749 119.4975 414.7044
v 168.8881 119.4975 422.2569
v 169.4975 119.4975 430.0000
v 176.6312 111.1450 430.0000
v 175.9340 111.1450 438.8591
v 173.8595 111.1450 447.5000
v 170.4588 111.1450 455.7100
v 165.8156 111.1450 463.2870
v 160.0443 111.1450 470.0443
v 153.2870 111.1450 475.8156
v 145.7100 111.1450 480.4588
v 137.5000 111.1450 483.8595
v 128.8591 111.1450 485.9340
v 120.0000 111.1450 486.6312
v 111.1409 111.1450 485.9340
v 102.5000 111.1450 483.8595
v 94.2900 111.1450 480.4588
v 86.7130 111.1450 475.8156
v 79.9557 111.1450 470.0443
v 74.1844 111.1450 463.2870
v 69.5412 111.1450 455.7100
v 66.1405 111.1450 447.5000
v 64.0660 111.1450 438.8591
v 63.3688 111.1450 430.0000
v 64.0660 111.1450 421.1409
v 66.1405 111.1450 412.5000
v 69.5412 111.1450 404.2900
v 74.1844 111.1450 396.7130
v 79.9557 111.1450 389.9557
v 86.7130 111.1450 384.1844
v 94.2900 111.1450 379.5412
v 102.5000 111.1450 376.1405
v 111.1409 111.1450 374.0660
v 120.0000 111.1450 373.3688
v 128.8591 111.1450 374.0660
v 137.5000 111.1450 376.1405
v 145.7100 111.1450 379.5412
v 153.2870 111.1450 384.1844
v 160.0443 111.1450 389.9557
v 165.8156 111.1450 396.7130
v 170.4588 111.1450 404.2900
v 173.8595 111.1450 412.5000
v 175.9340 111.1450 421.1409
v 176.6312 111.1450 430.0000
v 182.3705 101.7793 430.0000
v 181.6026 101.7793 439.7569
v 179.3178 101.7793 449.2735
v 175.5725 101.7793 458.3156
v 170.4588 101.7793 466.6604
v 164.1026 101.7793 474.1026
v 156.6604 101.7793 480.4588
v 148.3156 101.7793 485.5725
v 139.2735 101.7793 489.3178
v 129.7569 101.7793 491.6026
v 120.0000 101.7793 492.3705
v 110.2431 101.7793 491.6026
v 100.7265 101.7793 489.3178
v 91.6844 101.7793 485.5725
v 83.3396 101.7793 480.4588
v 75.8974 101.7793 474.1026
v 69.5412 101.7793 466.6604
v 64.4275 101.7793 458.3156
v 60.6822 101.7793 449.2735
v 58.3974 101.7793 439.7569
v 57.6295 101.7793 430.0000
v 58.3974 101.7793 420.2431
v 60.6822 101.7793 410.7265
v 64.4275 101.7793 401.6844
v 69.5412 101.7793 393.3396
v 75.8974 101.7793 385.8974
v 83.3396 101.7793 379.5412
v 91.6844 101.7793 374.4275
v 100.7265 101.7793 370.6822
v 110.2431 101.7793 368.3974
v 120.0000 101.7793 367.6295
v 129.7569 101.7793 368.3974
v 139.2735 101.7793 370.6822
v 148.3156 101.7793 374.4275
v 156.6604 101.7793 379.5412
v 164.1026 101.7793 385.8974
v 170.4588 101.7793 393.3396
v 175.5725 101.7793 401.6844
v 179.3178 101.7793 410.7265
v 181.6026 101.7793 420.2431
v 182.3705 101.7793 430.0000
v 186.5740 91.6312 430.0000
v 185.7543 91.6312 440.4145
v 183.3156 91.6312 450.5725
v 179.3178 91.6312 460.2239
v 173.8595 91.6312 469.1312
v 167.0749 91.6312 477.0749
v 159.1312 91.6312 483.8595
v 150.2239 91.6312 489.3178
v 140.5725 91.6312 493.3156
v 130.4145 91.6312 495.7543
v 120.0000 91.6312 496.5740
v 109.5855 91.6312 495.7543
v 99.4275 91.6312 493.3156
v 89.7761 91.6312 489.3178
v 80.8688 91.6312 483.8595
v 72.9251 91.6312 477.0749
v 66.1405 91.6312 469.1312
v 60.6822 91.6312 460.2239
v 56.6844 91.6312 450.5725
v 54.2457 91.6312 440.4145
v 53.4260 91.6312 430.0000
v 54.2457 91.6312 419.5855
v 56.6844 91.6312 409.4275
v 60.6822 91.6312 399.7761
v 66.1405 91.6312 390.8688
v 72.9251 91.6312 382.9251
v 80.8688 91.6312 376.1405
v 89.7761 91.6312 370.6822
v 99.4275 91.6312 366.6844
v 109.5855 91.6312 364.2457
v 120.0000 91.6312 363.4260
v 130.4145 91.6312 364.2457
v 140.5725 91.6312 366.6844
v 150.2239 91.6312 370.6822
v 159.1312 91.6312 376.1405
v 167.0749 91.6312 382.9251
v 173.8595 91.6312 390.8688
v 179.3178 91.6312 399.7761
v 183.3156 91.6312 409.4275
v 185.7543 91.6312 419.5855
v 186.5740 91.6312 430.0000
v 189.1382 80.9504 430.0000
v 188.2870 80.9504 440.8156
v 185.7543 80.9504 451.3649
v 181.6026 80.9504 461.3881
v 175.9340 80.9504 470.6384
v 168.8881 80.9504 478.8881
v 160.6384 80.9504 485.9340
v 151.3881 80.9504 491.6026
v 141.3649 80.9504 495.7543
v 130.8156 80.9504 498.2870
v 120.0000 80.9504 499.1382
v 109.1844 80.9504 498.2870
v 98.6351 80.9504 495.7543
v 88.6119 80.9504 491.6026
v 79.3616 80.9504 485.9340
v 71.1119 80.9504 478.8881
v 64.0660 80.9504 470.6384
v 58.3974 80.9504 461.3881
v 54.2457 80.9504 451.3649
v 51.7130 80.9504 440.8156
v 50.8618 80.9504 430.0000
v 51.7130 80.9504 419.1844
v 54.2457 80.9504 408.6351
v 58.3974 80.9504 398.6119
v 64.0660 80.9504 389.3616
v 71.1119 80.9504 381.1119
v 79.3616 80.9504 374.0660
v 88.6119 80.9504 368.3974
v 98.6351 80.9504 364.2457
v 109.1844 80.9504 361.7130
v 120.0000 80.9504 360.8618
v 130.8156 80.9504 361.7130
v 141.3649 80.9504 364.2457
v 151.3881 80.9504 368.3974
v 160.6384 80.9504 374.0660
v 168.8881 80.9504 381.1119
v 175.9340 80.9504 389.3616
v 181.6026 80.9504 398.6119
v 185.7543 80.9504 408.6351
v 188.2870 80.9504 419.1844
v 189.1382 80.9504 430.0000
v 190.0000 70.0000 430.0000
v 189.1382 70.0000 440.9504
v 186.5740 70.0000 451.6312
v 182.3705 70.0000 461.7793
v 176.6312 70.0000 471.1450
v 169.4975 70.0000 479.4975
v 161.1450 70.0000 486.6312
v 151.7793 70.0000 492.3705
v 141.6312 70.0000 496.5740
v 130.9504 70.0000 499.1382
v 120.0000 70.0000 500.0000
v 109.0496 70.0000 499.1382
v 98.3688 70.0000 496.5740
v 88.2207 70.0000 492.3705
v 78.8550 70.0000 486.6312
v 70.5025 70.0000 479.4975
v 63.3688 70.0000 471.1450
v 57.6295 70.0000 461.7793
v 53.4260 70.0000 451.6312
v 50.8618 70.0000 440.9504
v 50.0000 70.0000 430.0000
v 50.8618 70.0000 419.0496
v 53.4260 70.0000 408.3688
v 57.6295 70.0000 398.2207
v 63.3688 70.0000 388.8550
v 70.5025 70.0000 380.5025
v 78.8550 70.0000 373.3688
v 88.2207 70.0000 367.6295
v 98.3688 70.0000 363.4260
v 109.0496 70.0000 360.8618
v 120.0000 70.0000 360.0000
v 130.9504 70.0000 360.8618
v 141.6312 70.0000 363.4260
v 151.7793 70.0000 367.6295
v 161.1450 70.0000 373.3688
v 169.4975 70.0000 380.5025
v 176.6312 70.0000 388.8550
v 182.3705 70.0000 398.2207
v 186.5740 70.0000 408.3688
v 189.1382 70.0000 419.0496
v 190.0000 70.0000 430.0000
v 189.1382 59.0496 430.0000
v 188.2870 59.0496 440.8156
v 185.7543 59.0496 451.3649
v 181.6026 59.0496 461.3881
v 175.9340 59.0496 470.6384
v 168.8881 59.0496 478.8881
v 160.6384 59.0496 485.9340
v 151.3881 59.0496 491.6026
v 141.3649 59.0496 495.7543
v 130.8156 59.0496 498.2870
v 120.0000 59.0496 499.1382
v 109.1844 59.0496 498.2870
v 98.6351 59.0496 495.7543
v 88.6119 59.0496 491.6026
v 79.3616 59.0496 485.9340
v 71.1119 59.0496 478.8881
v 64.0660 59.0496 470.6384
v 58.3974 59.0496 461.3881
v 54.2457 59.0496 451.3649
v 51.7130 59.0496 440.8156
v 50.8618 59.0496 430.0000
v 51.7130 59.0496 419.1844
v 54.2457 59.0496 408.6351
v 58.3974 59.0496 398.6119
v 64.0660 59.0496 389.3616
v 71.1119 59.0496 381.1119
v 79.3616 59.0496 374.0660
v 88.6119 59.0496 368.3974
v 98.6351 59.0496 364.2457
v 109.1844 59.0496 361.7130
v 120.0000 59.0496 360.8618
v 130.8156 59.0496 361.7130
v 141.3649 59.0496 364.2457
v 151.3881 59.0496 368.3974
v 160.6384 59.0496 374.0660
v 168.8881 59.0496 381.1119
v 175.9340 59.0496 389.3616
v 181.6026 59.0496 398.6119
v 185.7543 59.0496 408.6351
v 188.2870 59.0496 419.1844
v 189.1382 59.0496 430.0000
v 186.5740 48.3688 430.0000
v 185.7543 48.3688 440.4145
v 183.3156 48.3688 450.5725
v 179.3178 48.3688 460.2239
v 173.8595 48.3688 469.1312
v 167.0749 48.3688 477.0749
v 159.1312 48.3688 483.8595
v 150.2239 48.3688 489.3178
v 140.5725 48.3688 493.3156
v 130.4145 48.3688 495.7543
v 120.0000 48.3688 496.5740
v 109.5855 48.3688 495.7543
v 99.4275 48.3688 493.3156
v 89.7761 48.3688 489.3178
v 80.8688 48.3688 483.8595
v 72.9251 48.3688 477.0749
v 66.1405 48.3688 469.1312
v 60.6822 48.3688 460.2239
v 56.6844 48.3688 450.5725
v 54.2457 48.3688 440.4145
v 53.4260 48.3688 430.0000
v 54.2457 48.3688 419.5855
v 56.6844 48.3688 409.4275
v 60.6822 48.3688 399.7761
v 66.1405 48.3688 390.8688
v 72.9251 48.3688 382.9251
v 80.8688 48.3688 376.1405
v 89.7761 48.3688 370.6822
v 99.4275 48.3688 366.6844
v 109.5855 48.3688 364.2457
v 120.0000 48.3688 363.4260
v 130.4145 48.3688 364.2457
v 140.5725 48.3688 366.6844
v 150.2239 48.3688 370.6822
v 159.1312 48.3688 376.1405
v 167.0749 48.3688 382.9251
v 173.8595 48.3688 390.8688
v 179.3178 48.3688 399.7761
v 183.3156 48.3688 409.4275
v 185.7543 48.3688 419.5855
v 186.5740 48.3688 430.0000
v 182.3705 38.2207 430.0000
v 181.6026 38.2207 439.7569
v 179.3178 38.2207 449.2735
v 175.5725 38.2207 458.3156
v 170.4588 38.2207 466.6604
v 164.1026 38.2207 474.1026
v 156.6604 38.2207 480.4588
v 148.3156 38.2207 485.5725
v 139.2735 38.2207 489.3178
v 129.7569 38.2207 491.6026
v 120.0000 38.2207 492.3705
v 110.2431 38.2207 491.6026
v 100.7265 38.2207 489.3178
v 91.6844 38.2207 485.5725
v 83.3396 38.2207 480.4588
v 75.8974 38.2207 474.1026
v 69.5412 38.2207 466.6604
v 64.4275 38.2207 458.3156
v 60.6822 38.2207 449.2735
v 58.3974 38.2207 439.7569
v 57.6295 38.2207 430.0000
v 58.3974 38.2207 420.2431
v 60.6822 38.2207 410.7265
v 64.4275 38.2207 401.6844
v 69.5412 38.2207 393.3396
v 75.8974 38.2207 385.8974
v 83.3396 38.2207 379.5412
v 91.6844 38.2207 374.4275
v 100.7265 38.2207 370.6822
v 110.2431 38.2207 368.3974
v 120.0000 38.2207 367.6295
v 129.7569 38.2207 368.3974
v 139.2735 38.2207 370.6822
v 148.3156 38.2207 374.4275
v 156.6604 38.2207 379.5412
v 164.1026 38.2207 385.8974
v 170.4588 38.2207 393.3396
v 175.5725 38.2207 401.6844
v 179.3178 38.2207 410.7265
v 181.6026 38.2207 420.2431
v 182.3705 38.2207 430.0000
v 176.6312 28.8550 430.0000
v 175.9340 28.8550 438.8591
v 173.8595 28.8550 447.5000
v 170.4588 28.8550 455.7100
v 165.8156 28.8550 463.2870
v 160.0443 28.8550 470.0443
v 153.2870 28.8550 475.8156
v 145.7100 28.8550 480.4588
v 137.5000 28.8550 483.8595
v 128.8591 28.8550 485.9340
v 120.0000 28.8550 486.6312
v 111.1409 28.8550 485.9340
v 102.5000 28.8550 483.8595
v 94.2900 28.8550 480.4588
v 86.7130 28.8550 475.8156
v 79.9557 28.8550 470.0443
v 74.1844 28.8550 463.2870
v 69.5412 28.8550 455.7100
v 66.1405 28.8550 447.5000
v 64.0660 28.8550 438.8591
v 63.3688 28.8550 430.0000
v 64.0660 28.8550 421.1409
v 66.1405 28.8550 412.5000
v 69.5412 28.8550 404.2900
v 74.1844 28.8550 396.7130
v 79.9557 28.8550 389.9557
v 86.7130 28.8550 384.1844
v 94.2900 28.8550 379.5412
v 102.5000 28.8550 376.1405
v 111.1409 28.8550 374.0660
v 120.0000 28.8550 373.3688
v 128.8591 28.8550 374.0660
v 137.5000 28.8550 376.1405
v 145.7100 28.8550 379.5412
v 153.2870 28.8550 384.1844
v 160.0443 28.8550 389.9557
v 165.8156 28.8550 396.7130
v 170.4588 28.8550 404.2900
v 173.8595 28.8550 412.5000
v 175.9340 28.8550 421.1409
v 176.6312 28.8550 430.0000
v 169.4975 20.5025 430.0000
v 168.8881 20.5025 437.7431
v 167.0749 20.5025 445.2956
v 164.1026 20.5025 452.4714
v 160.0443 20.5025 459.0939
v 155.0000 20.5025 465.0000
v 149.0939 20.5025 470.0443
v 142.4714 20.5025 474.1026
v 135.2956 20.5025 477.0749
v 127.7431 20.5025 478.8881
v 120.0000 20.5025 479.4975
v 112.2569 20.5025 478.8881
v 104.7044 20.5025 477.0749
v 97.5286 20.5025 474.1026
v 90.9061 20.5025 470.0443
v 85.0000 20.5025 465.0000
v 79.9557 20.5025 459.0939
v 75.8974 20.5025 452.4714
v 72.9251 20.5025 445.2956
v 71.1119 20.5025 437.7431
v 70.5025 20.5025 430.0000
v 71.1119 20.5025 422.2569
v 72.9251 20.5025 414.7044
v 75.8974 20.5025 407.5286
v 79.9557 20.5025 400.9061
v 85.0000 20.5025 395.0000
v 90.9061 20.5025 389.9557
v 97.5286 20.5025 385.8974
v 104.7044 20.5025 382.9251
v 112.2569 20.5025 381.1119
v 120.0000 20.5025 380.5025
v 127.7431 20.5025 381.1119
v 135.2956 20.5025 382.9251
v 142.4714 20.5025 385.8974
v 149.0939 20.5025 389.9557
v 155.0000 20.5025 395.0000
v 160.0443 20.5025 400.9061
v 164.1026 20.5025 407.5286
v 167.0749 20.5025 414.7044
v 168.8881 20.5025 422.2569
v 169.4975 20.5025 430.0000
v 161.1450 13.3688 430.0000
v 160.6384 13.3688 436.4365
v 159.1312 13.3688 442.7145
v 156.6604 13.3688 448.6794
v 153.2870 13.3688 454.1844
v 149.0939 13.3688 459.0939
v 144.1844 13.3688 463.2870
v 138.6794 13.3688 466.6604
v 132.7145 13.3688 469.1312
v 126.4365 13.3688 470.6384
v 120.0000 13.3688 471.1450
v 113.5635 13.3688 470.6384
v 107.2855 13.3688 469.1312
v 101.3206 13.3688 466.6604
v 95.8156 13.3688 463.2870
v 90.9061 13.3688 459.0939
v 86.7130 13.3688 454.1844
v 83.3396 13.3688 448.6794
v 80.8688 13.3688 442.7145
v 79.3616 13.3688 436.4365
v 78.8550 13.3688 430.0000
v 79.3616 13.3688 423.5635
v 80.8688 13.3688 417.2855
v 83.3396 13.3688 411.3206
v 86.7130 13.3688 405.8156
v 90.9061 13.3688 400.9061
v 95.8156 13.3688 396.7130
v 101.3206 13.3688 393.3396
v 107.2855 13.3688 390.8688
v 113.5635 13.3688 389.3616
v 120.0000 13.3688 388.8550
v 126.4365 13.3688 389.3616
v 132.7145 13.3688 390.8688
v 138.6794 13.3688 393.3396
v 144.1844 13.3688 396.7130
v 149.0939 13.3688 400.9061
v 153.2870 13.3688 405.8156
v 156.6604 13.3688 411.3206
v 159.1312 13.3688 417.2855
v 160.6384 13.3688 423.5635
v 161.1450 13.3688 430.0000
v 151.7793 7.6295 430.0000
v 151.3881 7.6295 434.9714
v 150.2239 7.6295 439.8204
v 148.3156 7.6295 444.4275
v 145.7100 7.6295 448.6794
v 142.4714 7.6295 452.4714
v 138.6794 7.6295 455.7100
v 134.4275 7.6295 458.3156
v 129.8204 7.6295 460.2239
v 124.9714 7.6295 461.3881
v 120.0000 7.6295 461.7793
v 115.0286 7.6295 461.3881
v 110.1796 7.6295 460.2239
v 105.5725 7.6295 458.3156
v 101.3206 7.6295 455.7100
v 97.5286 7.6295 452.4714
v 94.2900 7.6295 448.6794
v 91.6844 7.6295 444.4275
v 89.7761 7.6295 439.8204
v 88.6119 7.6295 434.9714
v 88.2207 7.6295 430.0000
v 88.6119 7.6295 425.0286
v 89.7761 7.6295 420.1796
v 91.6844 7.6295 415.5725
v 94.2900 7.6295 411.3206
v 97.5286 7.6295 407.5286
v 101.3206 7.6295 404.2900
v 105.5725 7.6295 401.6844
v 110.1796 7.6295 399.7761
v 115.0286 7.6295 398.6119
v 120.0000 7.6295 398.2207
v 124.9714 7.6295 398.6119
v 129.8204 7.6295 399.7761
v 134.4275 7.6295 401.6844
v 138.6794 7.6295 404.2900
v 142.4714 7.6295 407.5286
v 145.7100 7.6295 411.3206
v 148.3156 7.6295 415.5725
v 150.2239 7.6295 420.1796
v 151.3881 7.6295 425.0286
v 151.7793 7.6295 430.0000
v 141.6312 3.4260 430.0000
v 141.3649 3.4260 433.3839
v 140.5725 3.4260 436.6844
v 139.2735 3.4260 439.8204
v 137.5000 3.4260 442.7145
v 135.2956 3.4260 445.2956
v 132.7145 3.4260 447.5000
v 129.8204 3.4260 449.2735
v 126.6844 3.4260 450.5725
v 123.3839 3.4260 451.3649
v 120.0000 3.4260 451.6312
v 116.6161 3.4260 451.3649
v 113.3156 3.4260 450.5725
v 110.1796 3.4260 449.2735
v 107.2855 3.4260 447.5000
v 104.7044 3.4260 445.2956
v 102.5000 3.4260 442.7145
v 100.7265 3.4260 439.8204
v 99.4275 3.4260 436.6844
v 98.6351 3.4260 433.3839
v 98.3688 3.4260 430.0000
v 98.6351 3.4260 426.6161
v 99.4275 3.4260 423.3156
v 100.7265 3.4260 420.1796
v 102.5000 3.4260 417.2855
v 104.7044 3.4260 414.7044
v 107.2855 3.4260 412.5000
v 110.1796 3.4260 410.7265
v 113.3156 3.4260 409.4275
v 116.6161 3.4260 408.6351
v 120.0000 3.4260 408.3688
v 123.3839 3.4260 408.6351
v 126.6844 3.4260 409.4275
v 129.8204 3.4260 410.7265
v 132.7145 3.4260 412.5000
v 135.2956 3.4260 414.7044
v 137.5000 3.4260 417.2855
v 139.2735 3.4260 420.1796
v 140.5725 3.4260 423.3156
v 141.3649 3.4260 426.6161
v 141.6312 3.4260 430.0000
v 130.9504 0.8618 430.0000
v 130.8156 0.8618 431.7130
v 130.4145 0.8618 433.3839
v 129.7569 0.8618 434.9714
v 128.8591 0.8618 436.4365
v 127.7431 0.8618 437.7431
v 126.4365 0.8618 438.8591
v 124.9714 0.8618 439.7569
v 123.3839 0.8618 440.4145
v 121.7130 0.8618 440.8156
v 120.0000 0.8618 440.9504
v 118.2870 0.8618 440.8156
v 116.6161 0.8618 440.4145
v 115.0286 0.8618 439.7569
v 113.5635 0.8618 438.8591
v 112.2569 0.8618 437.7431
v 111.1409 0.8618 436.4365
v 110.2431 0.8618 434.9714
v 109.5855 0.8618 433.3839
v 109.1844 0.8618 431.7130
v 109.0496 0.8618 430.0000
v 109.1844 0.8618 428.2870
v 109.5855 0.8618 426.6161
v 110.2431 0.8618 425.0286
v 111.1409 0.8618 423.5635
v 112.2569 0.8618 422.2569
v 113.5635 0.8618 421.1409
v 115.0286 0.8618 420.2431
v 116.6161 0.8618 419.5855
v 118.2870 0.8618 419.1844
v 120.0000 0.8618 419.0496
v 121.7130 0.8618 419.1844
v 123.3839 0.8618 419.5855
v 124.9714 0.8618 420.2431
v 126.4365 0.8618 421.1409
v 127.7431 0.8618 422.2569
v 128.8591 0.8618 423.5635
v 129.7569 0.8618 425.0286
v 130.4145 0.8618 426.6161
v 130.8156 0.8618 428.2870
v 130.9504 0.8618 430.0000
v 120.0000 0.0000 430.0000
v 120.0000 0.0000 430.0000
v 120.0000 0.0000 430.0000
v 120.0000 0.0000 430.0000
v 120.0000 0.0000 430.0000
v 120.0000 0.0000 430.0000
v 120.0000 0.0000 430.0000
v 120.0000 0.0000 430.0000
v 120.0000 0.0000 430.0000
v 120.0000 0.0000 430.0000
v 120.0000 0.0000 430.0000
v 120.0000 0.0000 430.0000
v 120.0000 0.0000 430.0000
v 120.0000 0.0000 430.0000
v 120.0000 0.0000 430.0000
v 120.0000 0.0000 430.0000
v 120.0000 0.0000 430.0000
v 120.0000 0.0000 430.0000
v 120.0000 0.0000 430.0000
v 120.0000 0.0000 430.0000
v 120.0000 0.0000 430.0000
v 120.0000 0.0000 430.0000
v 120.0000 0.0000 430.0000
v 120.0000 0.0000 430.0000
v 120.0000 0.0000 430.0000
v 120.0000 0.0000 430.0000
v 120.0000 0.0000 430.0000
v 120.0000 0.0000 430.0000
v 120.0000 0.0000 430.0000
v 120.0000 0.0000 430.0000
v 120.0000 0.0000 430.0000
v 120.0000 0.0000 430.0000
v 120.0000 0.0000 430.0000
v 120.0000 0.0000 430.0000
v 120.0000 0.0000 430.0000
v 120.0000 0.0000 430.0000
v 120.0000 0.0000 430.0000
v 120.0000 0.0000 430.0000
v 120.0000 0.0000 430.0000
v 120.0000 0.0000 430.0000
v 120.0000 0.0000 430.0000
vn 0.000000 -1.000000 0.000000
vn 1.000000 0.000000 0.000000
vn 0.974928 0.222521 0.000000
vn 0.900969 0.433884 0.000000
vn 0.781831 0.623490 0.000000
vn 0.623490 0.781831 0.000000
vn 0.433884 0.900969 0.000000
vn 0.222521 0.974928 0.000000
vn 0.000000 1.000000 0.000000
vn -0.222521 0.974928 -0.000000
vn -0.433884 0.900969 -0.000000
vn -0.623490 0.781831 -0.000000
vn -0.781831 0.623490 -0.000000
vn -0.900969 0.433884 -0.000000
vn -0.974928 0.222521 -0.000000
vn -1.000000 0.000000 -0.000000
vn -0.974928 -0.222521 -0.000000
vn -0.900969 -0.433884 -0.000000
vn -0.781831 -0.623490 -0.000000
vn -0.623490 -0.781831 -0.000000
vn -0.433884 -0.900969 -0.000000
vn -0.222521 -0.974928 -0.000000
vn -0.000000 -1.000000 -0.000000
vn 0.222521 -0.974928 0.000000
vn 0.433884 -0.900969 0.000000
vn 0.623490 -0.781831 0.000000
vn 0.781831 -0.623490 0.000000
vn 0.900969 -0.433884 0.000000
vn 0.974928 -0.222521 0.000000
vn 1.000000 -0.000000 0.000000
vn 0.995185 0.000000 0.098017
vn 0.970233 0.222521 0.095560
vn 0.896630 0.433884 0.088310
vn 0.778067 0.623490 0.076633
vn 0.620488 0.781831 0.061113
vn 0.431794 0.900969 0.042528
vn 0.221449 0.974928 0.021811
vn 0.000000 1.000000 0.000000
vn -0.221449 0.974928 -0.021811
vn -0.431794 0.900969 -0.042528
vn -0.620488 0.781831 -0.061113
vn -0.778067 0.623490 -0.076633
vn -0.896630 0.433884 -0.088310
vn -0.970233 0.222521 -0.095560
vn -0.995185 0.000000 -0.098017
vn -0.970233 -0.222521 -0.095560
vn -0.896630 -0.433884 -0.088310
vn -0.778067 -0.623490 -0.076633
vn -0.620488 -0.781831 -0.061113
vn -0.431794 -0.900969 -0.042528
vn -0.221449 -0.974928 -0.021811
vn -0.000000 -1.000000 -0.000000
vn 0.221449 -0.974928 0.021811
vn 0.431794 -0.900969 0.042528
vn 0.620488 -0.781831 0.061113
vn 0.778067 -0.623490 0.076633
vn 0.896630 -0.433884 0.088310
vn 0.970233 -0.222521 0.095560
vn 0.995185 -0.000000 0.098017
vn 0.980785 0.000000 0.195090
vn 0.956195 0.222521 0.190199
vn 0.883657 0.433884 0.175770
vn 0.766809 0.623490 0.152528
vn 0.611510 0.781831 0.121637
vn 0.425547 0.900969 0.084647
vn 0.218245 0.974928 0.043412
vn 0.000000 1.000000 0.000000
vn -0.218245 0.974928 -0.043412
vn -0.425547 0.900969 -0.084647
vn -0.611510 0.781831 -0.121637
vn -0.766809 0.623490 -0.152528
vn -0.883657 0.433884 -0.175770
vn -0.956195 0.222521 -0.190199
vn -0.980785 0.000000 -0.195090
vn -0.956195 -0.222521 -0.190199
vn -0.883657 -0.433884 -0.175770
vn -0.766809 -0.623490 -0.152528
vn -0.611510 -0.781831 -0.121637
vn -0.425547 -0.900969 -0.084647
vn -0.218245 -0.974928 -0.043412
vn -0.000000 -1.000000 -0.000000
vn 0.218245 -0.974928 0.043412
vn 0.425547 -0.900969 0.084647
vn 0.611510 -0.781831 0.121637
vn 0.766809 -0.623490 0.152528
vn 0.883657 -0.433884 0.175770
vn 0.956195 -0.222521 0.190199
vn 0.980785 -0.000000 0.195090
vn 0.956940 0.000000 0.290285
vn 0.932948 0.222521 0.283007
vn 0.862173 0.433884 0.261537
vn 0.748166 0.623490 0.226954
vn 0.596643 0.781831 0.180990
vn 0.415201 0.900969 0.125950
vn 0.212939 0.974928 0.064594
vn 0.000000 1.000000 0.000000
vn -0.212939 0.974928 -0.064594
vn -0.415201 0.900969 -0.125950
vn -0.596643 0.781831 -0.180990
vn -0.748166 0.623490 -0.226954
vn -0.862173 0.433884 -0.261537
vn -0.932948 0.222521 -0.283007
vn -0.956940 0.000000 -0.290285
vn -0.932948 -0.222521 -0.283007
vn -0.862173 -0.433884 -0.261537
vn -0.748166 -0.623490 -0.226954
vn -0.596643 -0.781831 -0.180990
vn -0.415201 -0.900969 -0.125950
vn -0.212939 -0.974928 -0.064594
vn -0.000000 -1.000000 -0.000000
vn 0.212939 -0.974928 0.064594
vn 0.415201 -0.900969 0.125950
vn 0.596643 -0.781831 0.180990
vn 0.748166 -0.623490 0.226954
vn 0.862173 -0.433884 0.261537
vn 0.932948 -0.222521 0.283007
vn 0.956940 -0.000000 0.290285
vn 0.923880 0.000000 0.382683
vn 0.900716 0.222521 0.373089
vn 0.832387 0.433884 0.344786
vn 0.722318 0.623490 0.299194
vn 0.576029 0.781831 0.238599
vn 0.400856 0.900969 0.166040
vn 0.205583 0.974928 0.085155
vn 0.000000 1.000000 0.000000
vn -0.205583 0.974928 -0.085155
vn -0.400856 0.900969 -0.166040
vn -0.576029 0.781831 -0.238599
vn -0.722318 0.623490 -0.299194
vn -0.832387 0.433884 -0.344786
vn -0.900716 0.222521 -0.373089
vn -0.923880 0.000000 -0.382683
vn -0.900716 -0.222521 -0.373089
vn -0.832387 -0.433884 -0.344786
vn -0.722318 -0.623490 -0.299194
vn -0.576029 -0.781831 -0.238599
vn -0.400856 -0.900969 -0.166040
vn -0.205583 -0.974928 -0.085155
vn -0.000000 -1.000000 -0.000000
vn 0.205583 -0.974928 0.085155
vn 0.400856 -0.900969 0.166040
vn 0.576029 -0.781831 0.238599
vn 0.722318 -0.623490 0.299194
vn 0.832387 -0.433884 0.344786
vn 0.900716 -0.222521 0.373089
vn 0.923880 -0.000000 0.382683
vn 0.881921 0.000000 0.471397
vn 0.859810 0.222521 0.459578
vn 0.794584 0.433884 0.424714
vn 0.689514 0.623490 0.368553
vn 0.549869 0.781831 0.293911
vn 0.382651 0.900969 0.204531
vn 0.196246 0.974928 0.104896
vn 0.000000 1.000000 0.000000
vn -0.196246 0.974928 -0.104896
vn -0.382651 0.900969 -0.204531
vn -0.549869 0.781831 -0.293911
vn -0.689514 0.623490 -0.368553
vn -0.794584 0.433884 -0.424714
vn -0.859810 0.222521 -0.459578
vn -0.881921 0.000000 -0.471397
vn -0.859810 -0.222521 -0.459578
vn -0.794584 -0.433884 -0.424714
vn -0.689514 -0.623490 -0.368553
vn -0.549869 -0.781831 -0.293911
vn -0.382651 -0.900969 -0.204531
vn -0.196246 -0.974928 -0.104896
vn -0.000000 -1.000000 -0.000000
vn 0.196246 -0.974928 0.104896
vn 0.382651 -0.900969 0.204531
vn 0.549869 -0.781831 0.293911
vn 0.689514 -0.623490 0.368553
vn 0.794584 -0.433884 0.424714
vn 0.859810 -0.222521 0.459578
vn 0.881921 -0.000000 0.471397
vn 0.831470 0.000000 0.555570
vn 0.810623 0.222521 0.541641
vn 0.749128 0.433884 0.500551
vn 0.650069 0.623490 0.434362
vn 0.518413 0.781831 0.346392
vn 0.360761 0.900969 0.241053
vn 0.185019 0.974928 0.123626
vn 0.000000 1.000000 0.000000
vn -0.185019 0.974928 -0.123626
vn -0.360761 0.900969 -0.241053
vn -0.518413 0.781831 -0.346392
vn -0.650069 0.623490 -0.434362
vn -0.749128 0.433884 -0.500551
vn -0.810623 0.222521 -0.541641
vn -0.831470 0.000000 -0.555570
vn -0.810623 -0.222521 -0.541641
vn -0.749128 -0.433884 -0.500551
vn -0.650069 -0.623490 -0.434362
vn -0.518413 -0.781831 -0.346392
vn -0.360761 -0.900969 -0.241053
vn -0.185019 -0.974928 -0.123626
vn -0.000000 -1.000000 -0.000000
vn 0.185019 -0.974928 0.123626
vn 0.360761 -0.900969 0.241053
vn 0.518413 -0.781831 0.346392
vn 0.650069 -0.623490 0.434362
vn 0.749128 -0.433884 0.500551
vn 0.810623 -0.222521 0.541641
vn 0.831470 -0.000000 0.555570
vn 0.773010 0.000000 0.634393
vn 0.753629 0.222521 0.618488
vn 0.696458 0.433884 0.571569
vn 0.604364 0.623490 0.495989
vn 0.481964 0.781831 0.395538
vn 0.335397 0.900969 0.275253
vn 0.172011 0.974928 0.141166
vn 0.000000 1.000000 0.000000
vn -0.172011 0.974928 -0.141166
vn -0.335397 0.900969 -0.275253
vn -0.481964 0.781831 -0.395538
vn -0.604364 0.623490 -0.495989
vn -0.696458 0.433884 -0.571569
vn -0.753629 0.222521 -0.618488
vn -0.773010 0.000000 -0.634393
vn -0.753629 -0.222521 -0.618488
vn -0.696458 -0.433884 -0.571569
vn -0.604364 -0.623490 -0.495989
vn -0.481964 -0.781831 -0.395538
vn -0.335397 -0.900969 -0.275253
vn -0.172011 -0.974928 -0.141166
vn -0.000000 -1.000000 -0.000000
vn 0.172011 -0.974928 0.141166
vn 0.335397 -0.900969 0.275253
vn 0.481964 -0.781831 0.395538
vn 0.604364 -0.623490 0.495989
vn 0.696458 -0.433884 0.571569
vn 0.753629 -0.222521 0.618488
vn 0.773010 -0.000000 0.634393
vn 0.707107 0.000000 0.707107
vn 0.689378 0.222521 0.689378
vn 0.637081 0.433884 0.637081
vn 0.552838 0.623490 0.552838
vn 0.440874 0.781831 0.440874
vn 0.306802 0.900969 0.306802
vn 0.157346 0.974928 0.157346
vn 0.000000 1.000000 0.000000
vn -0.157346 0.974928 -0.157346
vn -0.306802 0.900969 -0.306802
vn -0.440874 0.781831 -0.440874
vn -0.552838 0.623490 -0.552838
vn -0.637081 0.433884 -0.637081
vn -0.689378 0.222521 -0.689378
vn -0.707107 0.000000 -0.707107
vn -0.689378 -0.222521 -0.689378
vn -0.637081 -0.433884 -0.637081
vn -0.552838 -0.623490 -0.552838
vn -0.440874 -0.781831 -0.440874
vn -0.306802 -0.900969 -0.306802
vn -0.157346 -0.974928 -0.157346
vn -0.000000 -1.000000 -0.000000
vn 0.157346 -0.974928 0.157346
vn 0.306802 -0.900969 0.306802
vn 0.440874 -0.781831 0.440874
vn 0.552838 -0.623490 0.552838
vn 0.637081 -0.433884 0.637081
vn 0.689378 -0.222521 0.689378
vn 0.707107 -0.000000 0.707107
vn 0.634393 0.000000 0.773010
vn 0.618488 0.222521 0.753629
vn 0.571569 0.433884 0.696458
vn 0.495989 0.623490 0.604364
vn 0.395538 0.781831 0.481964
vn 0.275253 0.900969 0.335397
vn 0.141166 0.974928 0.172011
vn 0.000000 1.000000 0.000000
vn -0.141166 0.974928 -0.172011
vn -0.275253 0.900969 -0.335397
vn -0.395538 0.781831 -0.481964
vn -0.495989 0.623490 -0.604364
vn -0.571569 0.433884 -0.696458
vn -0.618488 0.222521 -0.753629
vn -0.634393 0.000000 -0.773010
vn -0.618488 -0.222521 -0.753629
vn -0.571569 -0.433884 -0.696458
vn -0.495989 -0.623490 -0.604364
vn -0.395538 -0.781831 -0.481964
vn -0.275253 -0.900969 -0.335397
vn -0.141166 -0.974928 -0.172011
vn -0.000000 -1.000000 -0.000000
vn 0.141166 -0.974928 0.172011
vn 0.275253 -0.900969 0.335397
vn 0.395538 -0.781831 0.481964
vn 0.495989 -0.623490 0.604364
vn 0.571569 -0.433884 0.696458
vn 0.618488 -0.222521 0.753629
vn 0.634393 -0.000000 0.773010
vn 0.555570 0.000000 0.831470
vn 0.541641 0.222521 0.810623
vn 0.500551 0.433884 0.749128
vn 0.434362 0.623490 0.650069
vn 0.346392 0.781831 0.518413
vn 0.241053 0.900969 0.360761
vn 0.123626 0.974928 0.185019
vn 0.000000 1.000000 0.000000
vn -0.123626 0.974928 -0.185019
vn -0.241053 0.900969 -0.360761
vn -0.346392 0.781831 -0.518413
vn -0.434362 0.623490 -0.650069
vn -0.500551 0.433884 -0.749128
vn -0.541641 0.222521 -0.810623
vn -0.555570 0.000000 -0.831470
vn -0.541641 -0.222521 -0.810623
vn -0.500551 -0.433884 -0.749128
vn -0.434362 -0.623490 -0.650069
vn -0.346392 -0.781831 -0.518413
vn -0.241053 -0.900969 -0.360761
vn -0.123626 -0.974928 -0.185019
vn -0.000000 -1.000000 -0.000000
vn 0.123626 -0.974928 0.185019
vn 0.241053 -0.900969 0.360761
vn 0.346392 -0.781831 0.518413
vn 0.434362 -0.623490 0.650069
vn 0.500551 -0.433884 0.749128
vn 0.541641 -0.222521 0.810623
vn 0.555570 -0.000000 0.831470
vn 0.471397 0.000000 0.881921
vn 0.459578 0.222521 0.859810
vn 0.424714 0.433884 0.794584
vn 0.368553 0.623490 0.689514
vn 0.293911 0.781831 0.549869
vn 0.204531 0.900969 0.382651
vn 0.104896 0.974928 0.196246
vn 0.000000 1.000000 0.000000
vn -0.104896 0.974928 -0.196246
vn -0.204531 0.900969 -0.382651
vn -0.293911 0.781831 -0.549869
vn -0.368553 0.623490 -0.689514
vn -0.424714 0.433884 -0.794584
vn -0.459578 0.222521 -0.859810
vn -0.471397 0.000000 -0.881921
vn -0.459578 -0.222521 -0.859810
vn -0.424714 -0.433884 -0.794584
vn -0.368553 -0.623490 -0.689514
vn -0.293911 -0.781831 -0.549869
vn -0.204531 -0.900969 -0.382651
vn -0.104896 -0.974928 -0.196246
vn -0.000000 -1.000000 -0.000000
vn 0.104896 -0.974928 0.196246
vn 0.204531 -0.900969 0.382651
vn 0.293911 -0.781831 0.549869
vn 0.368553 -0.623490 0.689514
vn 0.424714 -0.433884 0.794584
vn 0.459578 -0.222521 0.859810
vn 0.471397 -0.000000 0.881921
vn 0.382683 0.000000 0.923880
vn 0.373089 0.222521 0.900716
vn 0.344786 0.433884 0.832387
vn 0.299194 0.623490 0.722318
vn 0.238599 0.781831 0.576029
vn 0.166040 0.900969 0.400856
vn 0.085155 0.974928 0.205583
vn 0.000000 1.000000 0.000000
vn -0.085155 0.974928 -0.205583
vn -0.166040 0.900969 -0.400856
vn -0.238599 0.781831 -0.576029
vn -0.299194 0.623490 -0.722318
vn -0.344786 0.433884 -0.832387
vn -0.373089 0.222521 -0.900716
vn -0.382683 0.000000 -0.923880
vn -0.373089 -0.222521 -0.900716
vn -0.344786 -0.433884 -0.832387
vn -0.299194 -0.623490 -0.722318
vn -0.238599 -0.781831 -0.576029
vn -0.166040 -0.900969 -0.400856
vn -0.085155 -0.974928 -0.205583
vn -0.000000 -1.000000 -0.000000
vn 0.085155 -0.974928 0.205583
vn 0.166040 -0.900969 0.400856
vn 0.238599 -0.781831 0.576029
vn 0.299194 -0.623490 0.722318
vn 0.344786 -0.433884 0.832387
vn 0.373089 -0.222521 0.900716
vn 0.382683 -0.000000 0.923880
vn 0.290285 0.000000 0.956940
vn 0.283007 0.222521 0.932948
vn 0.261537 0.433884 0.862173
vn 0.226954 0.623490 0.748166
vn 0.180990 0.781831 0.596643
vn 0.125950 0.900969 0.415201
vn 0.064594 0.974928 0.212939
vn 0.000000 1.000000 0.000000
vn -0.064594 0.974928 -0.212939
vn -0.125950 0.900969 -0.415201
vn -0.180990 0.781831 -0.596643
vn -0.226954 0.623490 -0.748166
vn -0.261537 0.433884 -0.862173
vn -0.283007 0.222521 -0.932948
vn -0.290285 0.000000 -0.956940
vn -0.283007 -0.222521 -0.932948
vn -0.261537 -0.433884 -0.862173
vn -0.226954 -0.623490 -0.748166
vn -0.180990 -0.781831 -0.596643
vn -0.125950 -0.900969 -0.415201
vn -0.064594 -0.974928 -0.212939
vn -0.000000 -1.000000 -0.000000
vn 0.064594 -0.974928 0.212939
vn 0.125950 -0.900969 0.415201
vn 0.180990 -0.781831 0.596643
vn 0.226954 -0.623490 0.748166
vn 0.261537 -0.433884 0.862173
vn 0.283007 -0.222521 0.932948
vn 0.290285 -0.000000 0.956940
vn 0.195090 0.000000 0.980785
vn 0.190199 0.222521 0.956195
vn 0.175770 0.433884 0.883657
vn 0.152528 0.623490 0.766809
vn 0.121637 0.781831 0.611510
vn 0.084647 0.900969 0.425547
vn 0.043412 0.974928 0.218245
vn 0.000000 1.000000 0.000000
vn -0.043412 0.974928 -0.218245
vn -0.084647 0.900969 -0.425547
vn -0.121637 0.781831 -0.611510
vn -0.152528 0.623490 -0.766809
vn -0.175770 0.433884 -0.883657
vn -0.190199 0.222521 -0.956195
vn -0.195090 0.000000 -0.980785
vn -0.190199 -0.222521 -0.956195
vn -0.175770 -0.433884 -0.883657
vn -0.152528 -0.623490 -0.766809
vn -0.121637 -0.781831 -0.611510
vn -0.084647 -0.900969 -0.425547
vn -0.043412 -0.974928 -0.218245
vn -0.000000 -1.000000 -0.000000
vn 0.043412 -0.974928 0.218245
vn 0.084647 -0.900969 0.425547
vn 0.121637 -0.781831 0.611510
vn 0.152528 -0.623490 0.766809
vn 0.175770 -0.433884 0.883657
vn 0.190199 -0.222521 0.956195
vn 0.195090 -0.000000 0.980785
vn 0.098017 0.000000 0.995185
vn 0.095560 0.222521 0.970233
vn 0.088310 0.433884 0.896630
vn 0.076633 0.623490 0.778067
vn 0.061113 0.781831 0.620488
vn 0.042528 0.900969 0.431794
vn 0.021811 0.974928 0.221449
vn 0.000000 1.000000 0.000000
vn -0.021811 0.974928 -0.221449
vn -0.042528 0.900969 -0.431794
vn -0.061113 0.781831 -0.620488
vn -0.076633 0.623490 -0.778067
vn -0.088310 0.433884 -0.896630
vn -0.095560 0.222521 -0.970233
vn -0.098017 0.000000 -0.995185
vn -0.095560 -0.222521 -0.970233
vn -0.088310 -0.433884 -0.896630
vn -0.076633 -0.623490 -0.778067
vn -0.061113 -0.781831 -0.620488
vn -0.042528 -0.900969 -0.431794
vn -0.021811 -0.974928 -0.221449
vn -0.000000 -1.000000 -0.000000
vn 0.021811 -0.974928 0.221449
vn 0.042528 -0.900969 0.431794
vn 0.061113 -0.781831 0.620488
vn 0.076633 -0.623490 0.778067
vn 0.088310 -0.433884 0.896630
vn 0.095560 -0.222521 0.970233
vn 0.098017 -0.000000 0.995185
vn 0.000000 0.000000 1.000000
vn 0.000000 0.222521 0.974928
vn 0.000000 0.433884 0.900969
vn 0.000000 0.623490 0.781831
vn 0.000000 0.781831 0.623490
vn 0.000000 0.900969 0.433884
vn 0.000000 0.974928 0.222521
vn 0.000000 1.000000 0.000000
vn -0.000000 0.974928 -0.222521
vn -0.000000 0.900969 -0.433884
vn -0.000000 0.781831 -0.623490
vn -0.000000 0.623490 -0.781831
vn -0.000000 0.433884 -0.900969
vn -0.000000 0.222521 -0.974928
vn -0.000000 0.000000 -1.000000
vn -0.000000 -0.222521 -0.974928
vn -0.000000 -0.433884 -0.900969
vn -0.000000 -0.623490 -0.781831
vn -0.000000 -0.781831 -0.623490
vn -0.000000 -0.900969 -0.433884
vn -0.000000 -0.974928 -0.222521
vn -0.000000 -1.000000 -0.000000
vn 0.000000 -0.974928 0.222521
vn 0.000000 -0.900969 0.433884
vn 0.000000 -0.781831 0.623490
vn 0.000000 -0.623490 0.781831
vn 0.000000 -0.433884 0.900969
vn 0.000000 -0.222521 0.974928
vn 0.000000 -0.000000 1.000000
vn -0.098017 0.000000 0.995185
vn -0.095560 0.222521 0.970233
vn -0.088310 0.433884 0.896630
vn -0.076633 0.623490 0.778067
vn -0.061113 0.781831 0.620488
vn -0.042528 0.900969 0.431794
vn -0.021811 0.974928 0.221449
vn -0.000000 1.000000 0.000000
vn 0.021811 0.974928 -0.221449
vn 0.042528 0.900969 -0.431794
vn 0.061113 0.781831 -0.620488
vn 0.076633 0.623490 -0.778067
vn 0.088310 0.433884 -0.896630
vn 0.095560 0.222521 -0.970233
vn 0.098017 0.000000 -0.995185
vn 0.095560 -0.222521 -0.970233
vn 0.088310 -0.433884 -0.896630
vn 0.076633 -0.623490 -0.778067
vn 0.061113 -0.781831 -0.620488
vn 0.042528 -0.900969 -0.431794
vn 0.021811 -0.974928 -0.221449
vn 0.000000 -1.000000 -0.000000
vn -0.021811 -0.974928 0.221449
vn -0.042528 -0.900969 0.431794
vn -0.061113 -0.781831 0.620488
vn -0.076633 -0.623490 0.778067
vn -0.088310 -0.433884 0.896630
vn -0.095560 -0.222521 0.970233
vn -0.098017 -0.000000 0.995185
vn -0.195090 0.000000 0.980785
vn -0.190199 0.222521 0.956195
vn -0.175770 0.433884 0.883657
vn -0.152528 0.623490 0.766809
vn -0.121637 0.781831 0.611510
vn -0.084647 0.900969 0.425547
vn -0.043412 0.974928 0.218245
vn -0.000000 1.000000 0.000000
vn 0.043412 0.974928 -0.218245
vn 0.084647 0.900969 -0.425547
vn 0.121637 0.781831 -0.611510
vn 0.152528 0.623490 -0.766809
vn 0.175770 0.433884 -0.883657
vn 0.190199 0.222521 -0.956195
vn 0.195090 0.000000 -0.980785
vn 0.190199 -0.222521 -0.956195
vn 0.175770 -0.433884 -0.883657
vn 0.152528 -0.623490 -0.766809
vn 0.121637 -0.781831 -0.611510
vn 0.084647 -0.900969 -0.425547
vn 0.043412 -0.974928 -0.218245
vn 0.000000 -1.000000 -0.000000
vn -0.043412 -0.974928 0.218245
vn -0.084647 -0.900969 0.425547
vn -0.121637 -0.781831 0.611510
vn -0.152528 -0.623490 0.766809
vn -0.175770 -0.433884 0.883657
vn -0.190199 -0.222521 0.956195
vn -0.195090 -0.000000 0.980785
vn -0.290285 0.000000 0.956940
vn -0.283007 0.222521 0.932948
vn -0.261537 0.433884 0.862173
vn -0.226954 0.623490 0.748166
vn -0.180990 0.781831 0.596643
vn -0.125950 0.900969 0.415201
vn -0.064594 0.974928 0.212939
vn -0.000000 1.000000 0.000000
vn 0.064594 0.974928 -0.212939
vn 0.125950 0.900969 -0.415201
vn 0.180990 0.781831 -0.596643
vn 0.226954 0.623490 -0.748166
vn 0.261537 0.433884 -0.862173
vn 0.283007 0.222521 -0.932948
vn 0.290285 0.000000 -0.956940
vn 0.283007 -0.222521 -0.932948
vn 0.261537 -0.433884 -0.862173
vn 0.226954 -0.623490 -0.748166
vn 0.180990 -0.781831 -0.596643
vn 0.125950 -0.900969 -0.415201
vn 0.064594 -0.974928 -0.212939
vn 0.000000 -1.000000 -0.000000
vn -0.064594 -0.974928 0.212939
vn -0.125950 -0.900969 0.415201
vn -0.180990 -0.781831 0.596643
vn -0.226954 -0.623490 0.748166
vn -0.261537 -0.433884 0.862173
vn -0.283007 -0.222521 0.932948
vn -0.290285 -0.000000 0.956940
vn -0.382683 0.000000 0.923880
vn -0.373089 0.222521 0.900716
vn -0.344786 0.433884 0.832387
vn -0.299194 0.623490 0.722318
vn -0.238599 0.781831 0.576029
vn -0.166040 0.900969 0.400856
vn -0.085155 0.974928 0.205583
vn -0.000000 1.000000 0.000000
vn 0.085155 0.974928 -0.205583
vn 0.166040 0.900969 -0.400856
vn 0.238599 0.781831 -0.576029
vn 0.299194 0.623490 -0.722318
vn 0.344786 0.433884 -0.832387
vn 0.373089 0.222521 -0.900716
vn 0.382683 0.000000 -0.923880
vn 0.373089 -0.222521 -0.900716
vn 0.344786 -0.433884 -0.832387
vn 0.299194 -0.623490 -0.722318
vn 0.238599 -0.781831 -0.576029
vn 0.166040 -0.900969 -0.400856
vn 0.085155 -0.974928 -0.205583
vn 0.000000 -1.000000 -0.000000
vn -0.085155 -0.974928 0.205583
vn -0.166040 -0.900969 0.400856
vn -0.238599 -0.781831 0.576029
vn -0.299194 -0.623490 0.722318
vn -0.344786 -0.433884 0.832387
vn -0.373089 -0.222521 0.900716
vn -0.382683 -0.000000 0.923880
vn -0.471397 0.000000 0.881921
vn -0.459578 0.222521 0.859810
vn -0.424714 0.433884 0.794584
vn -0.368553 0.623490 0.689514
vn -0.293911 0.781831 0.549869
vn -0.204531 0.900969 0.382651
vn -0.104896 0.974928 0.196246
vn -0.000000 1.000000 0.000000
vn 0.104896 0.974928 -0.196246
vn 0.204531 0.900969 -0.382651
vn 0.293911 0.781831 -0.549869
vn 0.368553 0.623490 -0.689514
vn 0.424714 0.433884 -0.794584
vn 0.459578 0.222521 -0.859810
vn 0.471397 0.000000 -0.881921
vn 0.459578 -0.222521 -0.859810
vn 0.424714 -0.433884 -0.794584
vn 0.368553 -0.623490 -0.689514
vn 0.293911 -0.781831 -0.549869
vn 0.204531 -0.900969 -0.382651
vn 0.104896 -0.974928 -0.196246
vn 0.000000 -1.000000 -0.000000
vn -0.104896 -0.974928 0.196246
vn -0.204531 -0.900969 0.382651
vn -0.293911 -0.781831 0.549869
vn -0.368553 -0.623490 0.689514
vn -0.424714 -0.433884 0.794584
vn -0.459578 -0.222521 0.859810
vn -0.471397 -0.000000 0.881921
vn -0.555570 0.000000 0.831470
vn -0.541641 0.222521 0.810623
vn -0.500551 0.433884 0.749128
vn -0.434362 0.623490 0.650069
vn -0.346392 0.781831 0.518413
vn -0.241053 0.900969 0.360761
vn -0.123626 0.974928 0.185019
vn -0.000000 1.000000 0.000000
vn 0.123626 0.974928 -0.185019
vn 0.241053 0.900969 -0.360761
vn 0.346392 0.781831 -0.518413
vn 0.434362 0.623490 -0.650069
vn 0.500551 0.433884 -0.749128
vn 0.541641 0.222521 -0.810623
vn 0.555570 0.000000 -0.831470
vn 0.541641 -0.222521 -0.810623
vn 0.500551 -0.433884 -0.749128
vn 0.434362 -0.623490 -0.650069
vn 0.346392 -0.781831 -0.518413
vn 0.241053 -0.900969 -0.360761
vn 0.123626 -0.974928 -0.185019
vn 0.000000 -1.000000 -0.000000
vn -0.123626 -0.974928 0.185019
vn -0.241053 -0.900969 0.360761
vn -0.346392 -0.781831 0.518413
vn -0.434362 -0.623490 0.650069
vn -0.500551 -0.433884 0.749128
vn -0.541641 -0.222521 0.810623
vn -0.555570 -0.000000 0.831470
vn -0.634393 0.000000 0.773010
vn -0.618488 0.222521 0.753629
vn -0.571569 0.433884 0.696458
vn -0.495989 0.623490 0.604364
vn -0.395538 0.781831 0.481964
vn -0.275253 0.900969 0.335397
vn -0.141166 0.974928 0.172011
vn -0.000000 1.000000 0.000000
vn 0.141166 0.974928 -0.172011
vn 0.275253 0.900969 -0.335397
vn 0.395538 0.781831 -0.481964
vn 0.495989 0.623490 -0.604364
vn 0.571569 0.433884 -0.696458
vn 0.618488 0.222521 -0.753629
vn 0.634393 0.000000 -0.773010
vn 0.618488 -0.222521 -0.753629
vn 0.571569 -0.433884 -0.696458
vn 0.495989 -0.623490 -0.604364
vn 0.395538 -0.781831 -0.481964
vn 0.275253 -0.900969 -0.335397
vn 0.141166 -0.974928 -0.172011
vn 0.000000 -1.000000 -0.000000
vn -0.141166 -0.974928 0.172011
vn -0.275253 -0.900969 0.335397
vn -0.395538 -0.781831 0.481964
vn -0.495989 -0.623490 0.604364
vn -0.571569 -0.433884 0.696458
vn -0.618488 -0.222521 0.753629
vn -0.634393 -0.000000 0.773010
vn -0.707107 0.000000 0.707107
vn -0.689378 0.222521 0.689378
vn -0.637081 0.433884 0.637081
vn -0.552838 0.623490 0.552838
vn -0.440874 0.781831 0.440874
vn -0.306802 0.900969 0.306802
vn -0.157346 0.974928 0.157346
vn -0.000000 1.000000 0.000000
vn 0.157346 0.974928 -0.157346
vn 0.306802 0.900969 -0.306802
vn 0.440874 0.781831 -0.440874
vn 0.552838 0.623490 -0.552838
vn 0.637081 0.433884 -0.637081
vn 0.689378 0.222521 -0.689378
vn 0.707107 0.000000 -0.707107
vn 0.689378 -0.222521 -0.689378
vn 0.637081 -0.433884 -0.637081
vn 0.552838 -0.623490 -0.552838
vn 0.440874 -0.781831 -0.440874
vn 0.306802 -0.900969 -0.306802
vn 0.157346 -0.974928 -0.157346
vn 0.000000 -1.000000 -0.000000
vn -0.157346 -0.974928 0.157346
vn -0.306802 -0.900969 0.306802
vn -0.440874 -0.781831 0.440874
vn -0.552838 -0.623490 0.552838
vn -0.637081 -0.433884 0.637081
vn -0.689378 -0.222521 0.689378
vn -0.707107 -0.000000 0.707107
vn -0.773010 0.000000 0.634393
vn -0.753629 0.222521 0.618488
vn -0.696458 0.433884 0.571569
vn -0.604364 0.623490 0.495989
vn -0.481964 0.781831 0.395538
vn -0.335397 0.900969 0.275253
vn -0.172011 0.974928 0.141166
vn -0.000000 1.000000 0.000000
vn 0.172011 0.974928 -0.141166
vn 0.335397 0.900969 -0.275253
vn 0.481964 0.781831 -0.395538
vn 0.604364 0.623490 -0.495989
vn 0.696458 0.433884 -0.571569
vn 0.753629 0.222521 -0.618488
vn 0.773010 0.000000 -0.634393
vn 0.753629 -0.222521 -0.618488
vn 0.696458 -0.433884 -0.571569
vn 0.604364 -0.623490 -0.495989
vn 0.481964 -0.781831 -0.395538
vn 0.335397 -0.900969 -0.275253
vn 0.172011 -0.974928 -0.141166
vn 0.000000 -1.000000 -0.000000
vn -0.172011 -0.974928 0.141166
vn -0.335397 -0.900969 0.275253
vn -0.481964 -0.781831 0.395538
vn -0.604364 -0.623490 0.495989
vn -0.696458 -0.433884 0.571569
vn -0.753629 -0.222521 0.618488
vn -0.773010 -0.000000 0.634393
vn -0.831470 0.000000 0.555570
vn -0.810623 0.222521 0.541641
vn -0.749128 0.433884 0.500551
vn -0.650069 0.623490 0.434362
vn -0.518413 0.781831 0.346392
vn -0.360761 0.900969 0.241053
vn -0.185019 0.974928 0.123626
vn -0.000000 1.000000 0.000000
vn 0.185019 0.974928 -0.123626
vn 0.360761 0.900969 -0.241053
vn 0.518413 0.781831 -0.346392
vn 0.650069 0.623490 -0.434362
vn 0.749128 0.433884 -0.500551
vn 0.810623 0.222521 -0.541641
vn 0.831470 0.000000 -0.555570
vn 0.810623 -0.222521 -0.541641
vn 0.749128 -0.433884 -0.500551
vn 0.650069 -0.623490 -0.434362
vn 0.518413 -0.781831 -0.346392
vn 0.360761 -0.900969 -0.241053
vn 0.185019 -0.974928 -0.123626
vn 0.000000 -1.000000 -0.000000
vn -0.185019 -0.974928 0.123626
vn -0.360761 -0.900969 0.241053
vn -0.518413 -0.781831 0.346392
vn -0.650069 -0.623490 0.434362
vn -0.749128 -0.433884 0.500551
vn -0.810623 -0.222521 0.541641
vn -0.831470 -0.000000 0.555570
vn -0.881921 0.000000 0.471397
vn -0.859810 0.222521 0.459578
vn -0.794584 0.433884 0.424714
vn -0.689514 0.623490 0.368553
vn -0.549869 0.781831 0.293911
vn -0.382651 0.900969 0.204531
vn -0.196246 0.974928 0.104896
vn -0.000000 1.000000 0.000000
vn 0.196246 0.974928 -0.104896
vn 0.382651 0.900969 -0.204531
vn 0.549869 0.781831 -0.293911
vn 0.689514 0.623490 -0.368553
vn 0.794584 0.433884 -0.424714
vn 0.859810 0.222521 -0.459578
vn 0.881921 0.000000 -0.471397
vn 0.859810 -0.222521 -0.459578
vn 0.794584 -0.433884 -0.424714
vn 0.689514 -0.623490 -0.368553
vn 0.549869 -0.781831 -0.293911
vn 0.382651 -0.900969 -0.204531
vn 0.196246 -0.974928 -0.104896
vn 0.000000 -1.000000 -0.000000
vn -0.196246 -0.974928 0.104896
vn -0.382651 -0.900969 0.204531
vn -0.549869 -0.781831 0.293911
vn -0.689514 -0.623490 0.368553
vn -0.794584 -0.433884 0.424714
vn -0.859810 -0.222521 0.459578
vn -0.881921 -0.000000 0.471397
vn -0.923880 0.000000 0.382683
vn -0.900716 0.222521 0.373089
vn -0.832387 0.433884 0.344786
vn -0.722318 0.623490 0.299194
vn -0.576029 0.781831 0.238599
vn -0.400856 0.900969 0.166040
vn -0.205583 0.974928 0.085155
vn -0.000000 1.000000 0.000000
vn 0.205583 0.974928 -0.085155
vn 0.400856 0.900969 -0.166040
vn 0.576029 0.781831 -0.238599
vn 0.722318 0.623490 -0.299194
vn 0.832387 0.433884 -0.344786
vn 0.900716 0.222521 -0.373089
vn 0.923880 0.000000 -0.382683
vn 0.900716 -0.222521 -0.373089
vn 0.832387 -0.433884 -0.344786
vn 0.722318 -0.623490 -0.299194
vn 0.576029 -0.781831 -0.238599
vn 0.400856 -0.900969 -0.166040
vn 0.205583 -0.974928 -0.085155
vn 0.000000 -1.000000 -0.000000
vn -0.205583 -0.974928 0.085155
vn -0.400856 -0.900969 0.166040
vn -0.576029 -0.781831 0.238599
vn -0.722318 -0.623490 0.299194
vn -0.832387 -0.433884 0.344786
vn -0.900716 -0.222521 0.373089
vn -0.923880 -0.000000 0.382683
vn -0.956940 0.000000 0.290285
vn -0.932948 0.222521 0.283007
vn -0.862173 0.433884 0.261537
vn -0.748166 0.623490 0.226954
vn -0.596643 0.781831 0.180990
vn -0.415201 0.900969 0.125950
vn -0.212939 0.974928 0.064594
vn -0.000000 1.000000 0.000000
vn 0.212939 0.974928 -0.064594
vn 0.415201 0.900969 -0.125950
vn 0.596643 0.781831 -0.180990
vn 0.748166 0.623490 -0.226954
vn 0.862173 0.433884 -0.261537
vn 0.932948 0.222521 -0.283007
vn 0.956940 0.000000 -0.290285
vn 0.932948 -0.222521 -0.283007
vn 0.862173 -0.433884 -0.261537
vn 0.748166 -0.623490 -0.226954
vn 0.596643 -0.781831 -0.180990
vn 0.415201 -0.900969 -0.125950
vn 0.212939 -0.974928 -0.064594
vn 0.000000 -1.000000 -0.000000
vn -0.212939 -0.974928 0.064594
vn -0.415201 -0.900969 0.125950
vn -0.596643 -0.781831 0.180990
vn -0.748166 -0.623490 0.226954
vn -0.862173 -0.433884 0.261537
vn -0.932948 -0.222521 0.283007
vn -0.956940 -0.000000 0.290285
vn -0.980785 0.000000 0.195090
vn -0.956195 0.222521 0.190199
vn -0.883657 0.433884 0.175770
vn -0.766809 0.623490 0.152528
vn -0.611510 0.781831 0.121637
vn -0.425547 0.900969 0.084647
vn -0.218245 0.974928 0.043412
vn -0.000000 1.000000 0.000000
vn 0.218245 0.974928 -0.043412
vn 0.425547 0.900969 -0.084647
vn 0.611510 0.781831 -0.121637
vn 0.766809 0.623490 -0.152528
vn 0.883657 0.433884 -0.175770
vn 0.956195 0.222521 -0.190199
vn 0.980785 0.000000 -0.195090
vn 0.956195 -0.222521 -0.190199
vn 0.883657 -0.433884 -0.175770
vn 0.766809 -0.623490 -0.152528
vn 0.611510 -0.781831 -0.121637
vn 0.425547 -0.900969 -0.084647
vn 0.218245 -0.974928 -0.043412
vn 0.000000 -1.000000 -0.000000
vn -0.218245 -0.974928 0.043412
vn -0.425547 -0.900969 0.084647
vn -0.611510 -0.781831 0.121637
vn -0.766809 -0.623490 0.152528
vn -0.883657 -0.433884 0.175770
vn -0.956195 -0.222521 0.190199
vn -0.980785 -0.000000 0.195090
vn -0.995185 0.000000 0.098017
vn -0.970233 0.222521 0.095560
vn -0.896630 0.433884 0.088310
vn -0.778067 0.623490 0.076633
vn -0.620488 0.781831 0.061113
vn -0.431794 0.900969 0.042528
vn -0.221449 0.974928 0.021811
vn -0.000000 1.000000 0.000000
vn 0.221449 0.974928 -0.021811
vn 0.431794 0.900969 -0.042528
vn 0.620488 0.781831 -0.061113
vn 0.778067 0.623490 -0.076633
vn 0.896630 0.433884 -0.088310
vn 0.970233 0.222521 -0.095560
vn 0.995185 0.000000 -0.098017
vn 0.970233 -0.222521 -0.095560
vn 0.896630 -0.433884 -0.088310
vn 0.778067 -0.623490 -0.076633
vn 0.620488 -0.781831 -0.061113
vn 0.431794 -0.900969 -0.042528
vn 0.221449 -0.974928 -0.021811
vn 0.000000 -1.000000 -0.000000
vn -0.221449 -0.974928 0.021811
vn -0.431794 -0.900969 0.042528
vn -0.620488 -0.781831 0.061113
vn -0.778067 -0.623490 0.076633
vn -0.896630 -0.433884 0.088310
vn -0.970233 -0.222521 0.095560
vn -0.995185 -0.000000 0.098017
vn -1.000000 0.000000 0.000000
vn -0.974928 0.222521 0.000000
vn -0.900969 0.433884 0.000000
vn -0.781831 0.623490 0.000000
vn -0.623490 0.781831 0.000000
vn -0.433884 0.900969 0.000000
vn -0.222521 0.974928 0.000000
vn -0.000000 1.000000 0.000000
vn 0.222521 0.974928 -0.000000
vn 0.433884 0.900969 -0.000000
vn 0.623490 0.781831 -0.000000
vn 0.781831 0.623490 -0.000000
vn 0.900969 0.433884 -0.000000
vn 0.974928 0.222521 -0.000000
vn 1.000000 0.000000 -0.000000
vn 0.974928 -0.222521 -0.000000
vn 0.900969 -0.433884 -0.000000
vn 0.781831 -0.623490 -0.000000
vn 0.623490 -0.781831 -0.000000
vn 0.433884 -0.900969 -0.000000
vn 0.222521 -0.974928 -0.000000
vn 0.000000 -1.000000 -0.000000
vn -0.222521 -0.974928 0.000000
vn -0.433884 -0.900969 0.000000
vn -0.623490 -0.781831 0.000000
vn -0.781831 -0.623490 0.000000
vn -0.900969 -0.433884 0.000000
vn -0.974928 -0.222521 0.000000
vn -1.000000 -0.000000 0.000000
vn -0.995185 0.000000 -0.098017
vn -0.970233 0.222521 -0.095560
vn -0.896630 0.433884 -0.088310
vn -0.778067 0.623490 -0.076633
vn -0.620488 0.781831 -0.061113
vn -0.431794 0.900969 -0.042528
vn -0.221449 0.974928 -0.021811
vn -0.000000 1.000000 -0.000000
vn 0.221449 0.974928 0.021811
vn 0.431794 0.900969 0.042528
vn 0.620488 0.781831 0.061113
vn 0.778067 0.623490 0.076633
vn 0.896630 0.433884 0.088310
vn 0.970233 0.222521 0.095560
vn 0.995185 0.000000 0.098017
vn 0.970233 -0.222521 0.095560
vn 0.896630 -0.433884 0.088310
vn 0.778067 -0.623490 0.076633
vn 0.620488 -0.781831 0.061113
vn 0.431794 -0.900969 0.042528
vn 0.221449 -0.974928 0.021811
vn 0.000000 -1.000000 0.000000
vn -0.221449 -0.974928 -0.021811
vn -0.431794 -0.900969 -0.042528
vn -0.620488 -0.781831 -0.061113
vn -0.778067 -0.623490 -0.076633
vn -0.896630 -0.433884 -0.088310
vn -0.970233 -0.222521 -0.095560
vn -0.995185 -0.000000 -0.098017
vn -0.980785 0.000000 -0.195090
vn -0.956195 0.222521 -0.190199
vn -0.883657 0.433884 -0.175770
vn -0.766809 0.623490 -0.152528
vn -0.611510 0.781831 -0.121637
vn -0.425547 0.900969 -0.084647
vn -0.218245 0.974928 -0.043412
vn -0.000000 1.000000 -0.000000
vn 0.218245 0.974928 0.043412
vn 0.425547 0.900969 0.084647
vn 0.611510 0.781831 0.121637
vn 0.766809 0.623490 0.152528
vn 0.883657 0.433884 0.175770
vn 0.956195 0.222521 0.190199
vn 0.980785 0.000000 0.195090
vn 0.956195 -0.222521 0.190199
vn 0.883657 -0.433884 0.175770
vn 0.766809 -0.623490 0.152528
vn 0.611510 -0.781831 0.121637
vn 0.425547 -0.900969 0.084647
vn 0.218245 -0.974928 0.043412
vn 0.000000 -1.000000 0.000000
vn -0.218245 -0.974928 -0.043412
vn -0.425547 -0.900969 -0.084647
vn -0.611510 -0.781831 -0.121637
vn -0.766809 -0.623490 -0.152528
vn -0.883657 -0.433884 -0.175770
vn -0.956195 -0.222521 -0.190199
vn -0.980785 -0.000000 -0.195090
vn -0.956940 0.000000 -0.290285
vn -0.932948 0.222521 -0.283007
vn -0.862173 0.433884 -0.261537
vn -0.748166 0.623490 -0.226954
vn -0.596643 0.781831 -0.180990
vn -0.415201 0.900969 -0.125950
vn -0.212939 0.974928 -0.064594
vn -0.000000 1.000000 -0.000000
vn 0.212939 0.974928 0.064594
vn 0.415201 0.900969 0.125950
vn 0.596643 0.781831 0.180990
vn 0.748166 0.623490 0.226954
vn 0.862173 0.433884 0.261537
vn 0.932948 0.222521 0.283007
vn 0.956940 0.000000 0.290285
vn 0.932948 -0.222521 0.283007
vn 0.862173 -0.433884 0.261537
vn 0.748166 -0.623490 0.226954
vn 0.596643 -0.781831 0.180990
vn 0.415201 -0.900969 0.125950
vn 0.212939 -0.974928 0.064594
vn 0.000000 -1.000000 0.000000
vn -0.212939 -0.974928 -0.064594
vn -0.415201 -0.900969 -0.125950
vn -0.596643 -0.781831 -0.180990
vn -0.748166 -0.623490 -0.226954
vn -0.862173 -0.433884 -0.261537
vn -0.932948 -0.222521 -0.283007
vn -0.956940 -0.000000 -0.290285
vn -0.923880 0.000000 -0.382683
vn -0.900716 0.222521 -0.373089
vn -0.832387 0.433884 -0.344786
vn -0.722318 0.623490 -0.299194
vn -0.576029 0.781831 -0.238599
vn -0.400856 0.900969 -0.166040
vn -0.205583 0.974928 -0.085155
vn -0.000000 1.000000 -0.000000
vn 0.205583 0.974928 0.085155
vn 0.400856 0.900969 0.166040
vn 0.576029 0.781831 0.238599
vn 0.722318 0.623490 0.299194
vn 0.832387 0.433884 0.344786
vn 0.900716 0.222521 0.373089
vn 0.923880 0.000000 0.382683
vn 0.900716 -0.222521 0.373089
vn 0.832387 -0.433884 0.344786
vn 0.722318 -0.623490 0.299194
vn 0.576029 -0.781831 0.238599
vn 0.400856 -0.900969 0.166040
vn 0.205583 -0.974928 0.085155
vn 0.000000 -1.000000 0.000000
vn -0.205583 -0.974928 -0.085155
vn -0.400856 -0.900969 -0.166040
vn -0.576029 -0.781831 -0.238599
vn -0.722318 -0.623490 -0.299194
vn -0.832387 -0.433884 -0.344786
vn -0.900716 -0.222521 -0.373089
vn -0.923880 -0.000000 -0.382683
vn -0.881921 0.000000 -0.471397
vn -0.859810 0.222521 -0.459578
vn -0.794584 0.433884 -0.424714
vn -0.689514 0.623490 -0.368553
vn -0.549869 0.781831 -0.293911
vn -0.382651 0.900969 -0.204531
vn -0.196246 0.974928 -0.104896
vn -0.000000 1.000000 -0.000000
vn 0.196246 0.974928 0.104896
vn 0.382651 0.900969 0.204531
vn 0.549869 0.781831 0.293911
vn 0.689514 0.623490 0.368553
vn 0.794584 0.433884 0.424714
vn 0.859810 0.222521 0.459578
vn 0.881921 0.000000 0.471397
vn 0.859810 -0.222521 0.459578
vn 0.794584 -0.433884 0.424714
vn 0.689514 -0.623490 0.368553
vn 0.549869 -0.781831 0.293911
vn 0.382651 -0.900969 0.204531
vn 0.196246 -0.974928 0.104896
vn 0.000000 -1.000000 0.000000
vn -0.196246 -0.974928 -0.104896
vn -0.382651 -0.900969 -0.204531
vn -0.549869 -0.781831 -0.293911
vn -0.689514 -0.623490 -0.368553
vn -0.794584 -0.433884 -0.424714
vn -0.859810 -0.222521 -0.459578
vn -0.881921 -0.000000 -0.471397
vn -0.831470 0.000000 -0.555570
vn -0.810623 0.222521 -0.541641
vn -0.749128 0.433884 -0.500551
vn -0.650069 0.623490 -0.434362
vn -0.518413 0.781831 -0.346392
vn -0.360761 0.900969 -0.241053
vn -0.185019 0.974928 -0.123626
vn -0.000000 1.000000 -0.000000
vn 0.185019 0.974928 0.123626
vn 0.360761 0.900969 0.241053
vn 0.518413 0.781831 0.346392
vn 0.650069 0.623490 0.434362
vn 0.749128 0.433884 0.500551
vn 0.810623 0.222521 0.541641
vn 0.831470 0.000000 0.555570
vn 0.810623 -0.222521 0.541641
vn 0.749128 -0.433884 0.500551
vn 0.650069 -0.623490 0.434362
vn 0.518413 -0.781831 0.346392
vn 0.360761 -0.900969 0.241053
vn 0.185019 -0.974928 0.123626
vn 0.000000 -1.000000 0.000000
vn -0.185019 -0.974928 -0.123626
vn -0.360761 -0.900969 -0.241053
vn -0.518413 -0.781831 -0.346392
vn -0.650069 -0.623490 -0.434362
vn -0.749128 -0.433884 -0.500551
vn -0.810623 -0.222521 -0.541641
vn -0.831470 -0.000000 -0.555570
vn -0.773010 0.000000 -0.634393
vn -0.753629 0.222521 -0.618488
vn -0.696458 0.433884 -0.571569
vn -0.604364 0.623490 -0.495989
vn -0.481964 0.781831 -0.395538
vn -0.335397 0.900969 -0.275253
vn -0.172011 0.974928 -0.141166
vn -0.000000 1.000000 -0.000000
vn 0.172011 0.974928 0.141166
vn 0.335397 0.900969 0.275253
vn 0.481964 0.781831 0.395538
vn 0.604364 0.623490 0.495989
vn 0.696458 0.433884 0.571569
vn 0.753629 0.222521 0.618488
vn 0.773010 0.000000 0.634393
vn 0.753629 -0.222521 0.618488
vn 0.696458 -0.433884 0.571569
vn 0.604364 -0.623490 0.495989
vn 0.481964 -0.781831 0.395538
vn 0.335397 -0.900969 0.275253
vn 0.172011 -0.974928 0.141166
vn 0.000000 -1.000000 0.000000
vn -0.172011 -0.974928 -0.141166
vn -0.335397 -0.900969 -0.275253
vn -0.481964 -0.781831 -0.395538
vn -0.604364 -0.623490 -0.495989
vn -0.696458 -0.433884 -0.571569
vn -0.753629 -0.222521 -0.618488
vn -0.773010 -0.000000 -0.634393
vn -0.707107 0.000000 -0.707107
vn -0.689378 0.222521 -0.689378
vn -0.637081 0.433884 -0.637081
vn -0.552838 0.623490 -0.552838
vn -0.440874 0.781831 -0.440874
vn -0.306802 0.900969 -0.306802
vn -0.157346 0.974928 -0.157346
vn -0.000000 1.000000 -0.000000
vn 0.157346 0.974928 0.157346
vn 0.306802 0.900969 0.306802
vn 0.440874 0.781831 0.440874
vn 0.552838 0.623490 0.552838
vn 0.637081 0.433884 0.637081
vn 0.689378 0.222521 0.689378
vn 0.707107 0.000000 0.707107
vn 0.689378 -0.222521 0.689378
vn 0.637081 -0.433884 0.637081
vn 0.552838 -0.623490 0.552838
vn 0.440874 -0.781831 0.440874
vn 0.306802 -0.900969 0.306802
vn 0.157346 -0.974928 0.157346
vn 0.000000 -1.000000 0.000000
vn -0.157346 -0.974928 -0.157346
vn -0.306802 -0.900969 -0.306802
vn -0.440874 -0.781831 -0.440874
vn -0.552838 -0.623490 -0.552838
vn -0.637081 -0.433884 -0.637081
vn -0.689378 -0.222521 -0.689378
vn -0.707107 -0.000000 -0.707107
vn -0.634393 0.000000 -0.773010
vn -0.618488 0.222521 -0.753629
vn -0.571569 0.433884 -0.696458
vn -0.495989 0.623490 -0.604364
vn -0.395538 0.781831 -0.481964
vn -0.275253 0.900969 -0.335397
vn -0.141166 0.974928 -0.172011
vn -0.000000 1.000000 -0.000000
vn 0.141166 0.974928 0.172011
vn 0.275253 0.900969 0.335397
vn 0.395538 0.781831 0.481964
vn 0.495989 0.623490 0.604364
vn 0.571569 0.433884 0.696458
vn 0.618488 0.222521 0.753629
vn 0.634393 0.000000 0.773010
vn 0.618488 -0.222521 0.753629
vn 0.571569 -0.433884 0.696458
vn 0.495989 -0.623490 0.604364
vn 0.395538 -0.781831 0.481964
vn 0.275253 -0.900969 0.335397
vn 0.141166 -0.974928 0.172011
vn 0.000000 -1.000000 0.000000
vn -0.141166 -0.974928 -0.172011
vn -0.275253 -0.900969 -0.335397
vn -0.395538 -0.781831 -0.481964
vn -0.495989 -0.623490 -0.604364
vn -0.571569 -0.433884 -0.696458
vn -0.618488 -0.222521 -0.753629
vn -0.634393 -0.000000 -0.773010
vn -0.555570 0.000000 -0.831470
vn -0.541641 0.222521 -0.810623
vn -0.500551 0.433884 -0.749128
vn -0.434362 0.623490 -0.650069
vn -0.346392 0.781831 -0.518413
vn -0.241053 0.900969 -0.360761
vn -0.123626 0.974928 -0.185019
vn -0.000000 1.000000 -0.000000
vn 0.123626 0.974928 0.185019
vn 0.241053 0.900969 0.360761
vn 0.346392 0.781831 0.518413
vn 0.434362 0.623490 0.650069
vn 0.500551 0.433884 0.749128
vn 0.541641 0.222521 0.810623
vn 0.555570 0.000000 0.831470
vn 0.541641 -0.222521 0.810623
vn 0.500551 -0.433884 0.749128
vn 0.434362 -0.623490 0.650069
vn 0.346392 -0.781831 0.518413
vn 0.241053 -0.900969 0.360761
vn 0.123626 -0.974928 0.185019
vn 0.000000 -1.000000 0.000000
vn -0.123626 -0.974928 -0.185019
vn -0.241053 -0.900969 -0.360761
vn -0.346392 -0.781831 -0.518413
vn -0.434362 -0.623490 -0.650069
vn -0.500551 -0.433884 -0.749128
vn -0.541641 -0.222521 -0.810623
vn -0.555570 -0.000000 -0.831470
vn -0.471397 0.000000 -0.881921
vn -0.459578 0.222521 -0.859810
vn -0.424714 0.433884 -0.794584
vn -0.368553 0.623490 -0.689514
vn -0.293911 0.781831 -0.549869
vn -0.204531 0.900969 -0.382651
vn -0.104896 0.974928 -0.196246
vn -0.000000 1.000000 -0.000000
vn 0.104896 0.974928 0.196246
vn 0.204531 0.900969 0.382651
vn 0.293911 0.781831 0.549869
vn 0.368553 0.623490 0.689514
vn 0.424714 0.433884 0.794584
vn 0.459578 0.222521 0.859810
vn 0.471397 0.000000 0.881921
vn 0.459578 -0.222521 0.859810
vn 0.424714 -0.433884 0.794584
vn 0.368553 -0.623490 0.689514
vn 0.293911 -0.781831 0.549869
vn 0.204531 -0.900969 0.382651
vn 0.104896 -0.974928 0.196246
vn 0.000000 -1.000000 0.000000
vn -0.104896 -0.974928 -0.196246
vn -0.204531 -0.900969 -0.382651
vn -0.293911 -0.781831 -0.549869
vn -0.368553 -0.623490 -0.689514
vn -0.424714 -0.433884 -0.794584
vn -0.459578 -0.222521 -0.859810
vn -0.471397 -0.000000 -0.881921
vn -0.382683 0.000000 -0.923880
vn -0.373089 0.222521 -0.900716
vn -0.344786 0.433884 -0.832387
vn -0.299194 0.623490 -0.722318
vn -0.238599 0.781831 -0.576029
vn -0.166040 0.900969 -0.400856
vn -0.085155 0.974928 -0.205583
vn -0.000000 1.000000 -0.000000
vn 0.085155 0.974928 0.205583
vn 0.166040 0.900969 0.400856
vn 0.238599 0.781831 0.576029
vn 0.299194 0.623490 0.722318
vn 0.344786 0.433884 0.832387
vn 0.373089 0.222521 0.900716
vn 0.382683 0.000000 0.923880
vn 0.373089 -0.222521 0.900716
vn 0.344786 -0.433884 0.832387
vn 0.299194 -0.623490 0.722318
vn 0.238599 -0.781831 0.576029
vn 0.166040 -0.900969 0.400856
vn 0.085155 -0.974928 0.205583
vn 0.000000 -1.000000 0.000000
vn -0.085155 -0.974928 -0.205583
vn -0.166040 -0.900969 -0.400856
vn -0.238599 -0.781831 -0.576029
vn -0.299194 -0.623490 -0.722318
vn -0.344786 -0.433884 -0.832387
vn -0.373089 -0.222521 -0.900716
vn -0.382683 -0.000000 -0.923880
vn -0.290285 0.000000 -0.956940
vn -0.283007 0.222521 -0.932948
vn -0.261537 0.433884 -0.862173
vn -0.226954 0.623490 -0.748166
vn -0.180990 0.781831 -0.596643
vn -0.125950 0.900969 -0.415201
vn -0.064594 0.974928 -0.212939
vn -0.000000 1.000000 -0.000000
vn 0.064594 0.974928 0.212939
vn 0.125950 0.900969 0.415201
vn 0.180990 0.781831 0.596643
vn 0.226954 0.623490 0.748166
vn 0.261537 0.433884 0.862173
vn 0.283007 0.222521 0.932948
vn 0.290285 0.000000 0.956940
vn 0.283007 -0.222521 0.932948
vn 0.261537 -0.433884 0.862173
vn 0.226954 -0.623490 0.748166
vn 0.180990 -0.781831 0.596643
vn 0.125950 -0.900969 0.415201
vn 0.064594 -0.974928 0.212939
vn 0.000000 -1.000000 0.000000
vn -0.064594 -0.974928 -0.212939
vn -0.125950 -0.900969 -0.415201
vn -0.180990 -0.781831 -0.596643
vn -0.226954 -0.623490 -0.748166
vn -0.261537 -0.433884 -0.862173
vn -0.283007 -0.222521 -0.932948
vn -0.290285 -0.000000 -0.956940
vn -0.195090 0.000000 -0.980785
vn -0.190199 0.222521 -0.956195
vn -0.175770 0.433884 -0.883657
vn -0.152528 0.623490 -0.766809
vn -0.121637 0.781831 -0.611510
vn -0.084647 0.900969 -0.425547
vn -0.043412 0.974928 -0.218245
vn -0.000000 1.000000 -0.000000
vn 0.043412 0.974928 0.218245
vn 0.084647 0.900969 0.425547
vn 0.121637 0.781831 0.611510
vn 0.152528 0.623490 0.766809
vn 0.175770 0.433884 0.883657
vn 0.190199 0.222521 0.956195
vn 0.195090 0.000000 0.980785
vn 0.190199 -0.222521 0.956195
vn 0.175770 -0.433884 0.883657
vn 0.152528 -0.623490 0.766809
vn 0.121637 -0.781831 0.611510
vn 0.084647 -0.900969 0.425547
vn 0.043412 -0.974928 0.218245
vn 0.000000 -1.000000 0.000000
vn -0.043412 -0.974928 -0.218245
vn -0.084647 -0.900969 -0.425547
vn -0.121637 -0.781831 -0.611510
vn -0.152528 -0.623490 -0.766809
vn -0.175770 -0.433884 -0.883657
vn -0.190199 -0.222521 -0.956195
vn -0.195090 -0.000000 -0.980785
vn -0.098017 0.000000 -0.995185
vn -0.095560 0.222521 -0.970233
vn -0.088310 0.433884 -0.896630
vn -0.076633 0.623490 -0.778067
vn -0.061113 0.781831 -0.620488
vn -0.042528 0.900969 -0.431794
vn -0.021811 0.974928 -0.221449
vn -0.000000 1.000000 -0.000000
vn 0.021811 0.974928 0.221449
vn 0.042528 0.900969 0.431794
vn 0.061113 0.781831 0.620488
vn 0.076633 0.623490 0.778067
vn 0.088310 0.433884 0.896630
vn 0.095560 0.222521 0.970233
vn 0.098017 0.000000 0.995185
vn 0.095560 -0.222521 0.970233
vn 0.088310 -0.433884 0.896630
vn 0.076633 -0.623490 0.778067
vn 0.061113 -0.781831 0.620488
vn 0.042528 -0.900969 0.431794
vn 0.021811 -0.974928 0.221449
vn 0.000000 -1.000000 0.000000
vn -0.021811 -0.974928 -0.221449
vn -0.042528 -0.900969 -0.431794
vn -0.061113 -0.781831 -0.620488
vn -0.076633 -0.623490 -0.778067
vn -0.088310 -0.433884 -0.896630
vn -0.095560 -0.222521 -0.970233
vn -0.098017 -0.000000 -0.995185
vn -0.000000 0.000000 -1.000000
vn -0.000000 0.222521 -0.974928
vn -0.000000 0.433884 -0.900969
vn -0.000000 0.623490 -0.781831
vn -0.000000 0.781831 -0.623490
vn -0.000000 0.900969 -0.433884
vn -0.000000 0.974928 -0.222521
vn -0.000000 1.000000 -0.000000
vn 0.000000 0.974928 0.222521
vn 0.000000 0.900969 0.433884
vn 0.000000 0.781831 0.623490
vn 0.000000 0.623490 0.781831
vn 0.000000 0.433884 0.900969
vn 0.000000 0.222521 0.974928
vn 0.000000 0.000000 1.000000
vn 0.000000 -0.222521 0.974928
vn 0.000000 -0.433884 0.900969
vn 0.000000 -0.623490 0.781831
vn 0.000000 -0.781831 0.623490
vn 0.000000 -0.900969 0.433884
vn 0.000000 -0.974928 0.222521
vn 0.000000 -1.000000 0.000000
vn -0.000000 -0.974928 -0.222521
vn -0.000000 -0.900969 -0.433884
vn -0.000000 -0.781831 -0.623490
vn -0.000000 -0.623490 -0.781831
vn -0.000000 -0.433884 -0.900969
vn -0.000000 -0.222521 -0.974928
vn -0.000000 -0.000000 -1.000000
vn 0.098017 0.000000 -0.995185
vn 0.095560 0.222521 -0.970233
vn 0.088310 0.433884 -0.896630
vn 0.076633 0.623490 -0.778067
vn 0.061113 0.781831 -0.620488
vn 0.042528 0.900969 -0.431794
vn 0.021811 0.974928 -0.221449
vn 0.000000 1.000000 -0.000000
vn -0.021811 0.974928 0.221449
vn -0.042528 0.900969 0.431794
vn -0.061113 0.781831 0.620488
vn -0.076633 0.623490 0.778067
vn -0.088310 0.433884 0.896630
vn -0.095560 0.222521 0.970233
vn -0.098017 0.000000 0.995185
vn -0.095560 -0.222521 0.970233
vn -0.088310 -0.433884 0.896630
vn -0.076633 -0.623490 0.778067
vn -0.061113 -0.781831 0.620488
vn -0.042528 -0.900969 0.431794
vn -0.021811 -0.974928 0.221449
vn -0.000000 -1.000000 0.000000
vn 0.021811 -0.974928 -0.221449
vn 0.042528 -0.900969 -0.431794
vn 0.061113 -0.781831 -0.620488
vn 0.076633 -0.623490 -0.778067
vn 0.088310 -0.433884 -0.896630
vn 0.095560 -0.222521 -0.970233
vn 0.098017 -0.000000 -0.995185
vn 0.195090 0.000000 -0.980785
vn 0.190199 0.222521 -0.956195
vn 0.175770 0.433884 -0.883657
vn 0.152528 0.623490 -0.766809
vn 0.121637 0.781831 -0.611510
vn 0.084647 0.900969 -0.425547
vn 0.043412 0.974928 -0.218245
vn 0.000000 1.000000 -0.000000
vn -0.043412 0.974928 0.218245
vn -0.084647 0.900969 0.425547
vn -0.121637 0.781831 0.611510
vn -0.152528 0.623490 0.766809
vn -0.175770 0.433884 0.883657
vn -0.190199 0.222521 0.956195
vn -0.195090 0.000000 0.980785
vn -0.190199 -0.222521 0.956195
vn -0.175770 -0.433884 0.883657
vn -0.152528 -0.623490 0.766809
vn -0.121637 -0.781831 0.611510
vn -0.084647 -0.900969 0.425547
vn -0.043412 -0.974928 0.218245
vn -0.000000 -1.000000 0.000000
vn 0.043412 -0.974928 -0.218245
vn 0.084647 -0.900969 -0.425547
vn 0.121637 -0.781831 -0.611510
vn 0.152528 -0.623490 -0.766809
vn 0.175770 -0.433884 -0.883657
vn 0.190199 -0.222521 -0.956195
vn 0.195090 -0.000000 -0.980785
vn 0.290285 0.000000 -0.956940
vn 0.283007 0.222521 -0.932948
vn 0.261537 0.433884 -0.862173
vn 0.226954 0.623490 -0.748166
vn 0.180990 0.781831 -0.596643
vn 0.125950 0.900969 -0.415201
vn 0.064594 0.974928 -0.212939
vn 0.000000 1.000000 -0.000000
vn -0.064594 0.974928 0.212939
vn -0.125950 0.900969 0.415201
vn -0.180990 0.781831 0.596643
vn -0.226954 0.623490 0.748166
vn -0.261537 0.433884 0.862173
vn -0.283007 0.222521 0.932948
vn -0.290285 0.000000 0.956940
vn -0.283007 -0.222521 0.932948
vn -0.261537 -0.433884 0.862173
vn -0.226954 -0.623490 0.748166
vn -0.180990 -0.781831 0.596643
vn -0.125950 -0.900969 0.415201
vn -0.064594 -0.974928 0.212939
vn -0.000000 -1.000000 0.000000
vn 0.064594 -0.974928 -0.212939
vn 0.125950 -0.900969 -0.415201
vn 0.180990 -0.781831 -0.596643
vn 0.226954 -0.623490 -0.748166
vn 0.261537 -0.433884 -0.862173
vn 0.283007 -0.222521 -0.932948
vn 0.290285 -0.000000 -0.956940
vn 0.382683 0.000000 -0.923880
vn 0.373089 0.222521 -0.900716
vn 0.344786 0.433884 -0.832387
vn 0.299194 0.623490 -0.722318
vn 0.238599 0.781831 -0.576029
vn 0.166040 0.900969 -0.400856
vn 0.085155 0.974928 -0.205583
vn 0.000000 1.000000 -0.000000
vn -0.085155 0.974928 0.205583
vn -0.166040 0.900969 0.400856
vn -0.238599 0.781831 0.576029
vn -0.299194 0.623490 0.722318
vn -0.344786 0.433884 0.832387
vn -0.373089 0.222521 0.900716
vn -0.382683 0.000000 0.923880
vn -0.373089 -0.222521 0.900716
vn -0.344786 -0.433884 0.832387
vn -0.299194 -0.623490 0.722318
vn -0.238599 -0.781831 0.576029
vn -0.166040 -0.900969 0.400856
vn -0.085155 -0.974928 0.205583
vn -0.000000 -1.000000 0.000000
vn 0.085155 -0.974928 -0.205583
vn 0.166040 -0.900969 -0.400856
vn 0.238599 -0.781831 -0.576029
vn 0.299194 -0.623490 -0.722318
vn 0.344786 -0.433884 -0.832387
vn 0.373089 -0.222521 -0.900716
vn 0.382683 -0.000000 -0.923880
vn 0.471397 0.000000 -0.881921
vn 0.459578 0.222521 -0.859810
vn 0.424714 0.433884 -0.794584
vn 0.368553 0.623490 -0.689514
vn 0.293911 0.781831 -0.549869
vn 0.204531 0.900969 -0.382651
vn 0.104896 0.974928 -0.196246
vn 0.000000 1.000000 -0.000000
vn -0.104896 0.974928 0.196246
vn -0.204531 0.900969 0.382651
vn -0.293911 0.781831 0.549869
vn -0.368553 0.623490 0.689514
vn -0.424714 0.433884 0.794584
vn -0.459578 0.222521 0.859810
vn -0.471397 0.000000 0.881921
vn -0.459578 -0.222521 0.859810
vn -0.424714 -0.433884 0.794584
vn -0.368553 -0.623490 0.689514
vn -0.293911 -0.781831 0.549869
vn -0.204531 -0.900969 0.382651
vn -0.104896 -0.974928 0.196246
vn -0.000000 -1.000000 0.000000
vn 0.104896 -0.974928 -0.196246
vn 0.204531 -0.900969 -0.382651
vn 0.293911 -0.781831 -0.549869
vn 0.368553 -0.623490 -0.689514
vn 0.424714 -0.433884 -0.794584
vn 0.459578 -0.222521 -0.859810
vn 0.471397 -0.000000 -0.881921
vn 0.555570 0.000000 -0.831470
vn 0.541641 0.222521 -0.810623
vn 0.500551 0.433884 -0.749128
vn 0.434362 0.623490 -0.650069
vn 0.346392 0.781831 -0.518413
vn 0.241053 0.900969 -0.360761
vn 0.123626 0.974928 -0.185019
vn 0.000000 1.000000 -0.000000
vn -0.123626 0.974928 0.185019
vn -0.241053 0.900969 0.360761
vn -0.346392 0.781831 0.518413
vn -0.434362 0.623490 0.650069
vn -0.500551 0.433884 0.749128
vn -0.541641 0.222521 0.810623
vn -0.555570 0.000000 0.831470
vn -0.541641 -0.222521 0.810623
vn -0.500551 -0.433884 0.749128
vn -0.434362 -0.623490 0.650069
vn -0.346392 -0.781831 0.518413
vn -0.241053 -0.900969 0.360761
vn -0.123626 -0.974928 0.185019
vn -0.000000 -1.000000 0.000000
vn 0.123626 -0.974928 -0.185019
vn 0.241053 -0.900969 -0.360761
vn 0.346392 -0.781831 -0.518413
vn 0.434362 -0.623490 -0.650069
vn 0.500551 -0.433884 -0.749128
vn 0.541641 -0.222521 -0.810623
vn 0.555570 -0.000000 -0.831470
vn 0.634393 0.000000 -0.773010
vn 0.618488 0.222521 -0.753629
vn 0.571569 0.433884 -0.696458
vn 0.495989 0.623490 -0.604364
vn 0.395538 0.781831 -0.481964
vn 0.275253 0.900969 -0.335397
vn 0.141166 0.974928 -0.172011
vn 0.000000 1.000000 -0.000000
vn -0.141166 0.974928 0.172011
vn -0.275253 0.900969 0.335397
vn -0.395538 0.781831 0.481964
vn -0.495989 0.623490 0.604364
vn -0.571569 0.433884 0.696458
vn -0.618488 0.222521 0.753629
vn -0.634393 0.000000 0.773010
vn -0.618488 -0.222521 0.753629
vn -0.571569 -0.433884 0.696458
vn -0.495989 -0.623490 0.604364
vn -0.395538 -0.781831 0.481964
vn -0.275253 -0.900969 0.335397
vn -0.141166 -0.974928 0.172011
vn -0.000000 -1.000000 0.000000
vn 0.141166 -0.974928 -0.172011
vn 0.275253 -0.900969 -0.335397
vn 0.395538 -0.781831 -0.481964
vn 0.495989 -0.623490 -0.604364
vn 0.571569 -0.433884 -0.696458
vn 0.618488 -0.222521 -0.753629
vn 0.634393 -0.000000 -0.773010
vn 0.707107 0.000000 -0.707107
vn 0.689378 0.222521 -0.689378
vn 0.637081 0.433884 -0.637081
vn 0.552838 0.623490 -0.552838
vn 0.440874 0.781831 -0.440874
vn 0.306802 0.900969 -0.306802
vn 0.157346 0.974928 -0.157346
vn 0.000000 1.000000 -0.000000
vn -0.157346 0.974928 0.157346
vn -0.306802 0.900969 0.306802
vn -0.440874 0.781831 0.440874
vn -0.552838 0.623490 0.552838
vn -0.637081 0.433884 0.637081
vn -0.689378 0.222521 0.689378
vn -0.707107 0.000000 0.707107
vn -0.689378 -0.222521 0.689378
vn -0.637081 -0.433884 0.637081
vn -0.552838 -0.623490 0.552838
vn -0.440874 -0.781831 0.440874
vn -0.306802 -0.900969 0.306802
vn -0.157346 -0.974928 0.157346
vn -0.000000 -1.000000 0.000000
vn 0.157346 -0.974928 -0.157346
vn 0.306802 -0.900969 -0.306802
vn 0.440874 -0.781831 -0.440874
vn 0.552838 -0.623490 -0.552838
vn 0.637081 -0.433884 -0.637081
vn 0.689378 -0.222521 -0.689378
vn 0.707107 -0.000000 -0.707107
vn 0.773010 0.000000 -0.634393
vn 0.753629 0.222521 -0.618488
vn 0.696458 0.433884 -0.571569
vn 0.604364 0.623490 -0.495989
vn 0.481964 0.781831 -0.395538
vn 0.335397 0.900969 -0.275253
vn 0.172011 0.974928 -0.141166
vn 0.000000 1.000000 -0.000000
vn -0.172011 0.974928 0.141166
vn -0.335397 0.900969 0.275253
vn -0.481964 0.781831 0.395538
vn -0.604364 0.623490 0.495989
vn -0.696458 0.433884 0.571569
vn -0.753629 0.222521 0.618488
vn -0.773010 0.000000 0.634393
vn -0.753629 -0.222521 0.618488
vn -0.696458 -0.433884 0.571569
vn -0.604364 -0.623490 0.495989
vn -0.481964 -0.781831 0.395538
vn -0.335397 -0.900969 0.275253
vn -0.172011 -0.974928 0.141166
vn -0.000000 -1.000000 0.000000
vn 0.172011 -0.974928 -0.141166
vn 0.335397 -0.900969 -0.275253
vn 0.481964 -0.781831 -0.395538
vn 0.604364 -0.623490 -0.495989
vn 0.696458 -0.433884 -0.571569
vn 0.753629 -0.222521 -0.618488
vn 0.773010 -0.000000 -0.634393
vn 0.831470 0.000000 -0.555570
vn 0.810623 0.222521 -0.541641
vn 0.749128 0.433884 -0.500551
vn 0.650069 0.623490 -0.434362
vn 0.518413 0.781831 -0.346392
vn 0.360761 0.900969 -0.241053
vn 0.185019 0.974928 -0.123626
vn 0.000000 1.000000 -0.000000
vn -0.185019 0.974928 0.123626
vn -0.360761 0.900969 0.241053
vn -0.518413 0.781831 0.346392
vn -0.650069 0.623490 0.434362
vn -0.749128 0.433884 0.500551
vn -0.810623 0.222521 0.541641
vn -0.831470 0.000000 0.555570
vn -0.810623 -0.222521 0.541641
vn -0.749128 -0.433884 0.500551
vn -0.650069 -0.623490 0.434362
vn -0.518413 -0.781831 0.346392
vn -0.360761 -0.900969 0.241053
vn -0.185019 -0.974928 0.123626
vn -0.000000 -1.000000 0.000000
vn 0.185019 -0.974928 -0.123626
vn 0.360761 -0.900969 -0.241053
vn 0.518413 -0.781831 -0.346392
vn 0.650069 -0.623490 -0.434362
vn 0.749128 -0.433884 -0.500551
vn 0.810623 -0.222521 -0.541641
vn 0.831470 -0.000000 -0.555570
vn 0.881921 0.000000 -0.471397
vn 0.859810 0.222521 -0.459578
vn 0.794584 0.433884 -0.424714
vn 0.689514 0.623490 -0.368553
vn 0.549869 0.781831 -0.293911
vn 0.382651 0.900969 -0.204531
vn 0.196246 0.974928 -0.104896
vn 0.000000 1.000000 -0.000000
vn -0.196246 0.974928 0.104896
vn -0.382651 0.900969 0.204531
vn -0.549869 0.781831 0.293911
vn -0.689514 0.623490 0.368553
vn -0.794584 0.433884 0.424714
vn -0.859810 0.222521 0.459578
vn -0.881921 0.000000 0.471397
vn -0.859810 -0.222521 0.459578
vn -0.794584 -0.433884 0.424714
vn -0.689514 -0.623490 0.368553
vn -0.549869 -0.781831 0.293911
vn -0.382651 -0.900969 0.204531
vn -0.196246 -0.974928 0.104896
vn -0.000000 -1.000000 0.000000
vn 0.196246 -0.974928 -0.104896
vn 0.382651 -0.900969 -0.204531
vn 0.549869 -0.781831 -0.293911
vn 0.689514 -0.623490 -0.368553
vn 0.794584 -0.433884 -0.424714
vn 0.859810 -0.222521 -0.459578
vn 0.881921 -0.000000 -0.471397
vn 0.923880 0.000000 -0.382683
vn 0.900716 0.222521 -0.373089
vn 0.832387 0.433884 -0.344786
vn 0.722318 0.623490 -0.299194
vn 0.576029 0.781831 -0.238599
vn 0.400856 0.900969 -0.166040
vn 0.205583 0.974928 -0.085155
vn 0.000000 1.000000 -0.000000
vn -0.205583 0.974928 0.085155
vn -0.400856 0.900969 0.166040
vn -0.576029 0.781831 0.238599
vn -0.722318 0.623490 0.299194
vn -0.832387 0.433884 0.344786
vn -0.900716 0.222521 0.373089
vn -0.923880 0.000000 0.382683
vn -0.900716 -0.222521 0.373089
vn -0.832387 -0.433884 0.344786
vn -0.722318 -0.623490 0.299194
vn -0.576029 -0.781831 0.238599
vn -0.400856 -0.900969 0.166040
vn -0.205583 -0.974928 0.085155
vn -0.000000 -1.000000 0.000000
vn 0.205583 -0.974928 -0.085155
vn 0.400856 -0.900969 -0.166040
vn 0.576029 -0.781831 -0.238599
vn 0.722318 -0.623490 -0.299194
vn 0.832387 -0.433884 -0.344786
vn 0.900716 -0.222521 -0.373089
vn 0.923880 -0.000000 -0.382683
vn 0.956940 0.000000 -0.290285
vn 0.932948 0.222521 -0.283007
vn 0.862173 0.433884 -0.261537
vn 0.748166 0.623490 -0.226954
vn 0.596643 0.781831 -0.180990
vn 0.415201 0.900969 -0.125950
vn 0.212939 0.974928 -0.064594
vn 0.000000 1.000000 -0.000000
vn -0.212939 0.974928 0.064594
vn -0.415201 0.900969 0.125950
vn -0.596643 0.781831 0.180990
vn -0.748166 0.623490 0.226954
vn -0.862173 0.433884 0.261537
vn -0.932948 0.222521 0.283007
vn -0.956940 0.000000 0.290285
vn -0.932948 -0.222521 0.283007
vn -0.862173 -0.433884 0.261537
vn -0.748166 -0.623490 0.226954
vn -0.596643 -0.781831 0.180990
vn -0.415201 -0.900969 0.125950
vn -0.212939 -0.974928 0.064594
vn -0.000000 -1.000000 0.000000
vn 0.212939 -0.974928 -0.064594
vn 0.415201 -0.900969 -0.125950
vn 0.596643 -0.781831 -0.180990
vn 0.748166 -0.623490 -0.226954
vn 0.862173 -0.433884 -0.261537
vn 0.932948 -0.222521 -0.283007
vn 0.956940 -0.000000 -0.290285
vn 0.980785 0.000000 -0.195090
vn 0.956195 0.222521 -0.190199
vn 0.883657 0.433884 -0.175770
vn 0.766809 0.623490 -0.152528
vn 0.611510 0.781831 -0.121637
vn 0.425547 0.900969 -0.084647
vn 0.218245 0.974928 -0.043412
vn 0.000000 1.000000 -0.000000
vn -0.218245 0.974928 0.043412
vn -0.425547 0.900969 0.084647
vn -0.611510 0.781831 0.121637
vn -0.766809 0.623490 0.152528
vn -0.883657 0.433884 0.175770
vn -0.956195 0.222521 0.190199
vn -0.980785 0.000000 0.195090
vn -0.956195 -0.222521 0.190199
vn -0.883657 -0.433884 0.175770
vn -0.766809 -0.623490 0.152528
vn -0.611510 -0.781831 0.121637
vn -0.425547 -0.900969 0.084647
vn -0.218245 -0.974928 0.043412
vn -0.000000 -1.000000 0.000000
vn 0.218245 -0.974928 -0.043412
vn 0.425547 -0.900969 -0.084647
vn 0.611510 -0.781831 -0.121637
vn 0.766809 -0.623490 -0.152528
vn 0.883657 -0.433884 -0.175770
vn 0.956195 -0.222521 -0.190199
vn 0.980785 -0.000000 -0.195090
vn 0.995185 0.000000 -0.098017
vn 0.970233 0.222521 -0.095560
vn 0.896630 0.433884 -0.088310
vn 0.778067 0.623490 -0.076633
vn 0.620488 0.781831 -0.061113
vn 0.431794 0.900969 -0.042528
vn 0.221449 0.974928 -0.021811
vn 0.000000 1.000000 -0.000000
vn -0.221449 0.974928 0.021811
vn -0.431794 0.900969 0.042528
vn -0.620488 0.781831 0.061113
vn -0.778067 0.623490 0.076633
vn -0.896630 0.433884 0.088310
vn -0.970233 0.222521 0.095560
vn -0.995185 0.000000 0.098017
vn -0.970233 -0.222521 0.095560
vn -0.896630 -0.433884 0.088310
vn -0.778067 -0.623490 0.076633
vn -0.620488 -0.781831 0.061113
vn -0.431794 -0.900969 0.042528
vn -0.221449 -0.974928 0.021811
vn -0.000000 -1.000000 0.000000
vn 0.221449 -0.974928 -0.021811
vn 0.431794 -0.900969 -0.042528
vn 0.620488 -0.781831 -0.061113
vn 0.778067 -0.623490 -0.076633
vn 0.896630 -0.433884 -0.088310
vn 0.970233 -0.222521 -0.095560
vn 0.995185 -0.000000 -0.098017
vn 1.000000 0.000000 -0.000000
vn 0.974928 0.222521 -0.000000
vn 0.900969 0.433884 -0.000000
vn 0.781831 0.623490 -0.000000
vn 0.623490 0.781831 -0.000000
vn 0.433884 0.900969 -0.000000
vn 0.222521 0.974928 -0.000000
vn 0.000000 1.000000 -0.000000
vn -0.222521 0.974928 0.000000
vn -0.433884 0.900969 0.000000
vn -0.623490 0.781831 0.000000
vn -0.781831 0.623490 0.000000
vn -0.900969 0.433884 0.000000
vn -0.974928 0.222521 0.000000
vn -1.000000 0.000000 0.000000
vn -0.974928 -0.222521 0.000000
vn -0.900969 -0.433884 0.000000
vn -0.781831 -0.623490 0.000000
vn -0.623490 -0.781831 0.000000
vn -0.433884 -0.900969 0.000000
vn -0.222521 -0.974928 0.000000
vn -0.000000 -1.000000 0.000000
vn 0.222521 -0.974928 -0.000000
vn 0.433884 -0.900969 -0.000000
vn 0.623490 -0.781831 -0.000000
vn 0.781831 -0.623490 -0.000000
vn 0.900969 -0.433884 -0.000000
vn 0.974928 -0.222521 -0.000000
vn 1.000000 -0.000000 -0.000000
vn 0.000000 1.000000 0.000000
vn 0.000000 1.000000 0.000000
vn 0.000000 1.000000 0.000000
vn 0.000000 1.000000 0.000000
vn 0.000000 1.000000 0.000000
vn 0.000000 1.000000 0.000000
vn 0.000000 1.000000 0.000000
vn 0.000000 1.000000 0.000000
vn 0.000000 1.000000 0.000000
vn 0.000000 1.000000 0.000000
vn 0.000000 1.000000 0.000000
vn -0.000000 1.000000 0.000000
vn -0.000000 1.000000 0.000000
vn -0.000000 1.000000 0.000000
vn -0.000000 1.000000 0.000000
vn -0.000000 1.000000 0.000000
vn -0.000000 1.000000 0.000000
vn -0.000000 1.000000 0.000000
vn -0.000000 1.000000 0.000000
vn -0.000000 1.000000 0.000000
vn -0.000000 1.000000 0.000000
vn -0.000000 1.000000 -0.000000
vn -0.000000 1.000000 -0.000000
vn -0.000000 1.000000 -0.000000
vn -0.000000 1.000000 -0.000000
vn -0.000000 1.000000 -0.000000
vn -0.000000 1.000000 -0.000000
vn -0.000000 1.000000 -0.000000
vn -0.000000 1.000000 -0.000000
vn -0.000000 1.000000 -0.000000
vn -0.000000 1.000000 -0.000000
vn 0.000000 1.000000 -0.000000
vn 0.000000 1.000000 -0.000000
vn 0.000000 1.000000 -0.000000
vn 0.000000 1.000000 -0.000000
vn 0.000000 1.000000 -0.000000
vn 0.000000 1.000000 -0.000000
vn 0.000000 1.000000 -0.000000
vn 0.000000 1.000000 -0.000000
vn 0.000000 1.000000 -0.000000
vn 0.000000 1.000000 -0.000000
vn 0.156434 0.987688 0.000000
vn 0.154508 0.987688 0.024472
vn 0.148778 0.987688 0.048341
vn 0.139384 0.987688 0.071020
vn 0.126558 0.987688 0.091950
vn 0.110616 0.987688 0.110616
vn 0.091950 0.987688 0.126558
vn 0.071020 0.987688 0.139384
vn 0.048341 0.987688 0.148778
vn 0.024472 0.987688 0.154508
vn 0.000000 0.987688 0.156434
vn -0.024472 0.987688 0.154508
vn -0.048341 0.987688 0.148778
vn -0.071020 0.987688 0.139384
vn -0.091950 0.987688 0.126558
vn -0.110616 0.987688 0.110616
vn -0.126558 0.987688 0.091950
vn -0.139384 0.987688 0.071020
vn -0.148778 0.987688 0.048341
vn -0.154508 0.987688 0.024472
vn -0.156434 0.987688 0.000000
vn -0.154508 0.987688 -0.024472
vn -0.148778 0.987688 -0.048341
vn -0.139384 0.987688 -0.071020
vn -0.126558 0.987688 -0.091950
vn -0.110616 0.987688 -0.110616
vn -0.091950 0.987688 -0.126558
vn -0.071020 0.987688 -0.139384
vn -0.048341 0.987688 -0.148778
vn -0.024472 0.987688 -0.154508
vn -0.000000 0.987688 -0.156434
vn 0.024472 0.987688 -0.154508
vn 0.048341 0.987688 -0.148778
vn 0.071020 0.987688 -0.139384
vn 0.091950 0.987688 -0.126558
vn 0.110616 0.987688 -0.110616
vn 0.126558 0.987688 -0.091950
vn 0.139384 0.987688 -0.071020
vn 0.148778 0.987688 -0.048341
vn 0.154508 0.987688 -0.024472
vn 0.156434 0.987688 -0.000000
vn 0.309017 0.951057 0.000000
vn 0.305212 0.951057 0.048341
vn 0.293893 0.951057 0.095492
vn 0.275336 0.951057 0.140291
vn 0.250000 0.951057 0.181636
vn 0.218508 0.951057 0.218508
vn 0.181636 0.951057 0.250000
vn 0.140291 0.951057 0.275336
vn 0.095492 0.951057 0.293893
vn 0.048341 0.951057 0.305212
vn 0.000000 0.951057 0.309017
vn -0.048341 0.951057 0.305212
vn -0.095492 0.951057 0.293893
vn -0.140291 0.951057 0.275336
vn -0.181636 0.951057 0.250000
vn -0.218508 0.951057 0.218508
vn -0.250000 0.951057 0.181636
vn -0.275336 0.951057 0.140291
vn -0.293893 0.951057 0.095492
vn -0.305212 0.951057 0.048341
vn -0.309017 0.951057 0.000000
vn -0.305212 0.951057 -0.048341
vn -0.293893 0.951057 -0.095492
vn -0.275336 0.951057 -0.140291
vn -0.250000 0.951057 -0.181636
vn -0.218508 0.951057 -0.218508
vn -0.181636 0.951057 -0.250000
vn -0.140291 0.951057 -0.275336
vn -0.095492 0.951057 -0.293893
vn -0.048341 0.951057 -0.305212
vn -0.000000 0.951057 -0.309017
vn 0.048341 0.951057 -0.305212
vn 0.095492 0.951057 -0.293893
vn 0.140291 0.951057 -0.275336
vn 0.181636 0.951057 -0.250000
vn 0.218508 0.951057 -0.218508
vn 0.250000 0.951057 -0.181636
vn 0.275336 0.951057 -0.140291
vn 0.293893 0.951057 -0.095492
vn 0.305212 0.951057 -0.048341
vn 0.309017 0.951057 -0.000000
vn 0.453990 0.891007 0.000000
vn 0.448401 0.891007 0.071020
vn 0.431771 0.891007 0.140291
vn 0.404508 0.891007 0.206107
vn 0.367286 0.891007 0.266849
vn 0.321020 0.891007 0.321020
vn 0.266849 0.891007 0.367286
vn 0.206107 0.891007 0.404508
vn 0.140291 0.891007 0.431771
vn 0.071020 0.891007 0.448401
vn 0.000000 0.891007 0.453990
vn -0.071020 0.891007 0.448401
vn -0.140291 0.891007 0.431771
vn -0.206107 0.891007 0.404508
vn -0.266849 0.891007 0.367286
vn -0.321020 0.891007 0.321020
vn -0.367286 0.891007 0.266849
vn -0.404508 0.891007 0.206107
vn -0.431771 0.891007 0.140291
vn -0.448401 0.891007 0.071020
vn -0.453990 0.891007 0.000000
vn -0.448401 0.891007 -0.071020
vn -0.431771 0.891007 -0.140291
vn -0.404508 0.891007 -0.206107
vn -0.367286 0.891007 -0.266849
vn -0.321020 0.891007 -0.321020
vn -0.266849 0.891007 -0.367286
vn -0.206107 0.891007 -0.404508
vn -0.140291 0.891007 -0.431771
vn -0.071020 0.891007 -0.448401
vn -0.000000 0.891007 -0.453990
vn 0.071020 0.891007 -0.448401
vn 0.140291 0.891007 -0.431771
vn 0.206107 0.891007 -0.404508
vn 0.266849 0.891007 -0.367286
vn 0.321020 0.891007 -0.321020
vn 0.367286 0.891007 -0.266849
vn 0.404508 0.891007 -0.206107
vn 0.431771 0.891007 -0.140291
vn 0.448401 0.891007 -0.071020
vn 0.453990 0.891007 -0.000000
vn 0.587785 0.809017 0.000000
vn 0.580549 0.809017 0.091950
vn 0.559017 0.809017 0.181636
vn 0.523720 0.809017 0.266849
vn 0.475528 0.809017 0.345492
vn 0.415627 0.809017 0.415627
vn 0.345492 0.809017 0.475528
vn 0.266849 0.809017 0.523720
vn 0.181636 0.809017 0.559017
vn 0.091950 0.809017 0.580549
vn 0.000000 0.809017 0.587785
vn -0.091950 0.809017 0.580549
vn -0.181636 0.809017 0.559017
vn -0.266849 0.809017 0.523720
vn -0.345492 0.809017 0.475528
vn -0.415627 0.809017 0.415627
vn -0.475528 0.809017 0.345492
vn -0.523720 0.809017 0.266849
vn -0.559017 0.809017 0.181636
vn -0.580549 0.809017 0.091950
vn -0.587785 0.809017 0.000000
vn -0.580549 0.809017 -0.091950
vn -0.559017 0.809017 -0.181636
vn -0.523720 0.809017 -0.266849
vn -0.475528 0.809017 -0.345492
vn -0.415627 0.809017 -0.415627
vn -0.345492 0.809017 -0.475528
vn -0.266849 0.809017 -0.523720
vn -0.181636 0.809017 -0.559017
vn -0.091950 0.809017 -0.580549
vn -0.000000 0.809017 -0.587785
vn 0.091950 0.809017 -0.580549
vn 0.181636 0.809017 -0.559017
vn 0.266849 0.809017 -0.523720
vn 0.345492 0.809017 -0.475528
vn 0.415627 0.809017 -0.415627
vn 0.475528 0.809017 -0.345492
vn 0.523720 0.809017 -0.266849
vn 0.559017 0.809017 -0.181636
vn 0.580549 0.809017 -0.091950
vn 0.587785 0.809017 -0.000000
vn 0.707107 0.707107 0.000000
vn 0.698401 0.707107 0.110616
vn 0.672499 0.707107 0.218508
vn 0.630037 0.707107 0.321020
vn 0.572061 0.707107 0.415627
vn 0.500000 0.707107 0.500000
vn 0.415627 0.707107 0.572061
vn 0.321020 0.707107 0.630037
vn 0.218508 0.707107 0.672499
vn 0.110616 0.707107 0.698401
vn 0.000000 0.707107 0.707107
vn -0.110616 0.707107 0.698401
vn -0.218508 0.707107 0.672499
vn -0.321020 0.707107 0.630037
vn -0.415627 0.707107 0.572061
vn -0.500000 0.707107 0.500000
vn -0.572061 0.707107 0.415627
vn -0.630037 0.707107 0.321020
vn -0.672499 0.707107 0.218508
vn -0.698401 0.707107 0.110616
vn -0.707107 0.707107 0.000000
vn -0.698401 0.707107 -0.110616
vn -0.672499 0.707107 -0.218508
vn -0.630037 0.707107 -0.321020
vn -0.572061 0.707107 -0.415627
vn -0.500000 0.707107 -0.500000
vn -0.415627 0.707107 -0.572061
vn -0.321020 0.707107 -0.630037
vn -0.218508 0.707107 -0.672499
vn -0.110616 0.707107 -0.698401
vn -0.000000 0.707107 -0.707107
vn 0.110616 0.707107 -0.698401
vn 0.218508 0.707107 -0.672499
vn 0.321020 0.707107 -0.630037
vn 0.415627 0.707107 -0.572061
vn 0.500000 0.707107 -0.500000
vn 0.572061 0.707107 -0.415627
vn 0.630037 0.707107 -0.321020
vn 0.672499 0.707107 -0.218508
vn 0.698401 0.707107 -0.110616
vn 0.707107 0.707107 -0.000000
vn 0.809017 0.587785 0.000000
vn 0.799057 0.587785 0.126558
vn 0.769421 0.587785 0.250000
vn 0.720839 0.587785 0.367286
vn 0.654508 0.587785 0.475528
vn 0.572061 0.587785 0.572061
vn 0.475528 0.587785 0.654508
vn 0.367286 0.587785 0.720839
vn 0.250000 0.587785 0.769421
vn 0.126558 0.587785 0.799057
vn 0.000000 0.587785 0.809017
vn -0.126558 0.587785 0.799057
vn -0.250000 0.587785 0.769421
vn -0.367286 0.587785 0.720839
vn -0.475528 0.587785 0.654508
vn -0.572061 0.587785 0.572061
vn -0.654508 0.587785 0.475528
vn -0.720839 0.587785 0.367286
vn -0.769421 0.587785 0.250000
vn -0.799057 0.587785 0.126558
vn -0.809017 0.587785 0.000000
vn -0.799057 0.587785 -0.126558
vn -0.769421 0.587785 -0.250000
vn -0.720839 0.587785 -0.367286
vn -0.654508 0.587785 -0.475528
vn -0.572061 0.587785 -0.572061
vn -0.475528 0.587785 -0.654508
vn -0.367286 0.587785 -0.720839
vn -0.250000 0.587785 -0.769421
vn -0.126558 0.587785 -0.799057
vn -0.000000 0.587785 -0.809017
vn 0.126558 0.587785 -0.799057
vn 0.250000 0.587785 -0.769421
vn 0.367286 0.587785 -0.720839
vn 0.475528 0.587785 -0.654508
vn 0.572061 0.587785 -0.572061
vn 0.654508 0.587785 -0.475528
vn 0.720839 0.587785 -0.367286
vn 0.769421 0.587785 -0.250000
vn 0.799057 0.587785 -0.126558
vn 0.809017 0.587785 -0.000000
vn 0.891007 0.453990 0.000000
vn 0.880037 0.453990 0.139384
vn 0.847398 0.453990 0.275336
vn 0.793893 0.453990 0.404508
vn 0.720839 0.453990 0.523720
vn 0.630037 0.453990 0.630037
vn 0.523720 0.453990 0.720839
vn 0.404508 0.453990 0.793893
vn 0.275336 0.453990 0.847398
vn 0.139384 0.453990 0.880037
vn 0.000000 0.453990 0.891007
vn -0.139384 0.453990 0.880037
vn -0.275336 0.453990 0.847398
vn -0.404508 0.453990 0.793893
vn -0.523720 0.453990 0.720839
vn -0.630037 0.453990 0.630037
vn -0.720839 0.453990 0.523720
vn -0.793893 0.453990 0.404508
vn -0.847398 0.453990 0.275336
vn -0.880037 0.453990 0.139384
vn -0.891007 0.453990 0.000000
vn -0.880037 0.453990 -0.139384
vn -0.847398 0.453990 -0.275336
vn -0.793893 0.453990 -0.404508
vn -0.720839 0.453990 -0.523720
vn -0.630037 0.453990 -0.630037
vn -0.523720 0.453990 -0.720839
vn -0.404508 0.453990 -0.793893
vn -0.275336 0.453990 -0.847398
vn -0.139384 0.453990 -0.880037
vn -0.000000 0.453990 -0.891007
vn 0.139384 0.453990 -0.880037
vn 0.275336 0.453990 -0.847398
vn 0.404508 0.453990 -0.793893
vn 0.523720 0.453990 -0.720839
vn 0.630037 0.453990 -0.630037
vn 0.720839 0.453990 -0.523720
vn 0.793893 0.453990 -0.404508
vn 0.847398 0.453990 -0.275336
vn 0.880037 0.453990 -0.139384
vn 0.891007 0.453990 -0.000000
vn 0.951057 0.309017 0.000000
vn 0.939347 0.309017 0.148778
vn 0.904508 0.309017 0.293893
vn 0.847398 0.309017 0.431771
vn 0.769421 0.309017 0.559017
vn 0.672499 0.309017 0.672499
vn 0.559017 0.309017 0.769421
vn 0.431771 0.309017 0.847398
vn 0.293893 0.309017 0.904508
vn 0.148778 0.309017 0.939347
vn 0.000000 0.309017 0.951057
vn -0.148778 0.309017 0.939347
vn -0.293893 0.309017 0.904508
vn -0.431771 0.309017 0.847398
vn -0.559017 0.309017 0.769421
vn -0.672499 0.309017 0.672499
vn -0.769421 0.309017 0.559017
vn -0.847398 0.309017 0.431771
vn -0.904508 0.309017 0.293893
vn -0.939347 0.309017 0.148778
vn -0.951057 0.309017 0.000000
vn -0.939347 0.309017 -0.148778
vn -0.904508 0.309017 -0.293893
vn -0.847398 0.309017 -0.431771
vn -0.769421 0.309017 -0.559017
vn -0.672499 0.309017 -0.672499
vn -0.559017 0.309017 -0.769421
vn -0.431771 0.309017 -0.847398
vn -0.293893 0.309017 -0.904508
vn -0.148778 0.309017 -0.939347
vn -0.000000 0.309017 -0.951057
vn 0.148778 0.309017 -0.939347
vn 0.293893 0.309017 -0.904508
vn 0.431771 0.309017 -0.847398
vn 0.559017 0.309017 -0.769421
vn 0.672499 0.309017 -0.672499
vn 0.769421 0.309017 -0.559017
vn 0.847398 0.309017 -0.431771
vn 0.904508 0.309017 -0.293893
vn 0.939347 0.309017 -0.148778
vn 0.951057 0.309017 -0.000000
vn 0.987688 0.156434 0.000000
vn 0.975528 0.156434 0.154508
vn 0.939347 0.156434 0.305212
vn 0.880037 0.156434 0.448401
vn 0.799057 0.156434 0.580549
vn 0.698401 0.156434 0.698401
vn 0.580549 0.156434 0.799057
vn 0.448401 0.156434 0.880037
vn 0.305212 0.156434 0.939347
vn 0.154508 0.156434 0.975528
vn 0.000000 0.156434 0.987688
vn -0.154508 0.156434 0.975528
vn -0.305212 0.156434 0.939347
vn -0.448401 0.156434 0.880037
vn -0.580549 0.156434 0.799057
vn -0.698401 0.156434 0.698401
vn -0.799057 0.156434 0.580549
vn -0.880037 0.156434 0.448401
vn -0.939347 0.156434 0.305212
vn -0.975528 0.156434 0.154508
vn -0.987688 0.156434 0.000000
vn -0.975528 0.156434 -0.154508
vn -0.939347 0.156434 -0.305212
vn -0.880037 0.156434 -0.448401
vn -0.799057 0.156434 -0.580549
vn -0.698401 0.156434 -0.698401
vn -0.580549 0.156434 -0.799057
vn -0.448401 0.156434 -0.880037
vn -0.305212 0.156434 -0.939347
vn -0.154508 0.156434 -0.975528
vn -0.000000 0.156434 -0.987688
vn 0.154508 0.156434 -0.975528
vn 0.305212 0.156434 -0.939347
vn 0.448401 0.156434 -0.880037
vn 0.580549 0.156434 -0.799057
vn 0.698401 0.156434 -0.698401
vn 0.799057 0.156434 -0.580549
vn 0.880037 0.156434 -0.448401
vn 0.939347 0.156434 -0.305212
vn 0.975528 0.156434 -0.154508
vn 0.987688 0.156434 -0.000000
vn 1.000000 0.000000 0.000000
vn 0.987688 0.000000 0.156434
vn 0.951057 0.000000 0.309017
vn 0.891007 0.000000 0.453990
vn 0.809017 0.000000 0.587785
vn 0.707107 0.000000 0.707107
vn 0.587785 0.000000 0.809017
vn 0.453990 0.000000 0.891007
vn 0.309017 0.000000 0.951057
vn 0.156434 0.000000 0.987688
vn 0.000000 0.000000 1.000000
vn -0.156434 0.000000 0.987688
vn -0.309017 0.000000 0.951057
vn -0.453990 0.000000 0.891007
vn -0.587785 0.000000 0.809017
vn -0.707107 0.000000 0.707107
vn -0.809017 0.000000 0.587785
vn -0.891007 0.000000 0.453990
vn -0.951057 0.000000 0.309017
vn -0.987688 0.000000 0.156434
vn -1.000000 0.000000 0.000000
vn -0.987688 0.000000 -0.156434
vn -0.951057 0.000000 -0.309017
vn -0.891007 0.000000 -0.453990
vn -0.809017 0.000000 -0.587785
vn -0.707107 0.000000 -0.707107
vn -0.587785 0.000000 -0.809017
vn -0.453990 0.000000 -0.891007
vn -0.309017 0.000000 -0.951057
vn -0.156434 0.000000 -0.987688
vn -0.000000 0.000000 -1.000000
vn 0.156434 0.000000 -0.987688
vn 0.309017 0.000000 -0.951057
vn 0.453990 0.000000 -0.891007
vn 0.587785 0.000000 -0.809017
vn 0.707107 0.000000 -0.707107
vn 0.809017 0.000000 -0.587785
vn 0.891007 0.000000 -0.453990
vn 0.951057 0.000000 -0.309017
vn 0.987688 0.000000 -0.156434
vn 1.000000 0.000000 -0.000000
vn 0.987688 -0.156434 0.000000
vn 0.975528 -0.156434 0.154508
vn 0.939347 -0.156434 0.305212
vn 0.880037 -0.156434 0.448401
vn 0.799057 -0.156434 0.580549
vn 0.698401 -0.156434 0.698401
vn 0.580549 -0.156434 0.799057
vn 0.448401 -0.156434 0.880037
vn 0.305212 -0.156434 0.939347
vn 0.154508 -0.156434 0.975528
vn 0.000000 -0.156434 0.987688
vn -0.154508 -0.156434 0.975528
vn -0.305212 -0.156434 0.939347
vn -0.448401 -0.156434 0.880037
vn -0.580549 -0.156434 0.799057
vn -0.698401 -0.156434 0.698401
vn -0.799057 -0.156434 0.580549
vn -0.880037 -0.156434 0.448401
vn -0.939347 -0.156434 0.305212
vn -0.975528 -0.156434 0.154508
vn -0.987688 -0.156434 0.000000
vn -0.975528 -0.156434 -0.154508
vn -0.939347 -0.156434 -0.305212
vn -0.880037 -0.156434 -0.448401
vn -0.799057 -0.156434 -0.580549
vn -0.698401 -0.156434 -0.698401
vn -0.580549 -0.156434 -0.799057
vn -0.448401 -0.156434 -0.880037
vn -0.305212 -0.156434 -0.939347
vn -0.154508 -0.156434 -0.975528
vn -0.000000 -0.156434 -0.987688
vn 0.154508 -0.156434 -0.975528
vn 0.305212 -0.156434 -0.939347
vn 0.448401 -0.156434 -0.880037
vn 0.580549 -0.156434 -0.799057
vn 0.698401 -0.156434 -0.698401
vn 0.799057 -0.156434 -0.580549
vn 0.880037 -0.156434 -0.448401
vn 0.939347 -0.156434 -0.305212
vn 0.975528 -0.156434 -0.154508
vn 0.987688 -0.156434 -0.000000
vn 0.951057 -0.309017 0.000000
vn 0.939347 -0.309017 0.148778
vn 0.904508 -0.309017 0.293893
vn 0.847398 -0.309017 0.431771
vn 0.769421 -0.309017 0.559017
vn 0.672499 -0.309017 0.672499
vn 0.559017 -0.309017 0.769421
vn 0.431771 -0.309017 0.847398
vn 0.293893 -0.309017 0.904508
vn 0.148778 -0.309017 0.939347
vn 0.000000 -0.309017 0.951057
vn -0.148778 -0.309017 0.939347
vn -0.293893 -0.309017 0.904508
vn -0.431771 -0.309017 0.847398
vn -0.559017 -0.309017 0.769421
vn -0.672499 -0.309017 0.672499
vn -0.769421 -0.309017 0.559017
vn -0.847398 -0.309017 0.431771
vn -0.904508 -0.309017 0.293893
vn -0.939347 -0.309017 0.148778
vn -0.951057 -0.309017 0.000000
vn -0.939347 -0.309017 -0.148778
vn -0.904508 -0.309017 -0.293893
vn -0.847398 -0.309017 -0.431771
vn -0.769421 -0.309017 -0.559017
vn -0.672499 -0.309017 -0.672499
vn -0.559017 -0.309017 -0.769421
vn -0.431771 -0.309017 -0.847398
vn -0.293893 -0.309017 -0.904508
vn -0.148778 -0.309017 -0.939347
vn -0.000000 -0.309017 -0.951057
vn 0.148778 -0.309017 -0.939347
vn 0.293893 -0.309017 -0.904508
vn 0.431771 -0.309017 -0.847398
vn 0.559017 -0.309017 -0.769421
vn 0.672499 -0.309017 -0.672499
vn 0.769421 -0.309017 -0.559017
vn 0.847398 -0.309017 -0.431771
vn 0.904508 -0.309017 -0.293893
vn 0.939347 -0.309017 -0.148778
vn 0.951057 -0.309017 -0.000000
vn 0.891007 -0.453990 0.000000
vn 0.880037 -0.453990 0.139384
vn 0.847398 -0.453990 0.275336
vn 0.793893 -0.453990 0.404508
vn 0.720839 -0.453990 0.523720
vn 0.630037 -0.453990 0.630037
vn 0.523720 -0.453990 0.720839
vn 0.404508 -0.453990 0.793893
vn 0.275336 -0.453990 0.847398
vn 0.139384 -0.453990 0.880037
vn 0.000000 -0.453990 0.891007
vn -0.139384 -0.453990 0.880037
vn -0.275336 -0.453990 0.847398
vn -0.404508 -0.453990 0.793893
vn -0.523720 -0.453990 0.720839
vn -0.630037 -0.453990 0.630037
vn -0.720839 -0.453990 0.523720
vn -0.793893 -0.453990 0.404508
vn -0.847398 -0.453990 0.275336
vn -0.880037 -0.453990 0.139384
vn -0.891007 -0.453990 0.000000
vn -0.880037 -0.453990 -0.139384
vn -0.847398 -0.453990 -0.275336
vn -0.793893 -0.453990 -0.404508
vn -0.720839 -0.453990 -0.523720
vn -0.630037 -0.453990 -0.630037
vn -0.523720 -0.453990 -0.720839
vn -0.404508 -0.453990 -0.793893
vn -0.275336 -0.453990 -0.847398
vn -0.139384 -0.453990 -0.880037
vn -0.000000 -0.453990 -0.891007
vn 0.139384 -0.453990 -0.880037
vn 0.275336 -0.453990 -0.847398
vn 0.404508 -0.453990 -0.793893
vn 0.523720 -0.453990 -0.720839
vn 0.630037 -0.453990 -0.630037
vn 0.720839 -0.453990 -0.523720
vn 0.793893 -0.453990 -0.404508
vn 0.847398 -0.453990 -0.275336
vn 0.880037 -0.453990 -0.139384
vn 0.891007 -0.453990 -0.000000
vn 0.809017 -0.587785 0.000000
vn 0.799057 -0.587785 0.126558
vn 0.769421 -0.587785 0.250000
vn 0.720839 -0.587785 0.367286
vn 0.654508 -0.587785 0.475528
vn 0.572061 -0.587785 0.572061
vn 0.475528 -0.587785 0.654508
vn 0.367286 -0.587785 0.720839
vn 0.250000 -0.587785 0.769421
vn 0.126558 -0.587785 0.799057
vn 0.000000 -0.587785 0.809017
vn -0.126558 -0.587785 0.799057
vn -0.250000 -0.587785 0.769421
vn -0.367286 -0.587785 0.720839
vn -0.475528 -0.587785 0.654508
vn -0.572061 -0.587785 0.572061
vn -0.654508 -0.587785 0.475528
vn -0.720839 -0.587785 0.367286
vn -0.769421 -0.587785 0.250000
vn -0.799057 -0.587785 0.126558
vn -0.809017 -0.587785 0.000000
vn -0.799057 -0.587785 -0.126558
vn -0.769421 -0.587785 -0.250000
vn -0.720839 -0.587785 -0.367286
vn -0.654508 -0.587785 -0.475528
vn -0.572061 -0.587785 -0.572061
vn -0.475528 -0.587785 -0.654508
vn -0.367286 -0.587785 -0.720839
vn -0.250000 -0.587785 -0.769421
vn -0.126558 -0.587785 -0.799057
vn -0.000000 -0.587785 -0.809017
vn 0.126558 -0.587785 -0.799057
vn 0.250000 -0.587785 -0.769421
vn 0.367286 -0.587785 -0.720839
vn 0.475528 -0.587785 -0.654508
vn 0.572061 -0.587785 -0.572061
vn 0.654508 -0.587785 -0.475528
vn 0.720839 -0.587785 -0.367286
vn 0.769421 -0.587785 -0.250000
vn 0.799057 -0.587785 -0.126558
vn 0.809017 -0.587785 -0.000000
vn 0.707107 -0.707107 0.000000
vn 0.698401 -0.707107 0.110616
vn 0.672499 -0.707107 0.218508
vn 0.630037 -0.707107 0.321020
vn 0.572061 -0.707107 0.415627
vn 0.500000 -0.707107 0.500000
vn 0.415627 -0.707107 0.572061
vn 0.321020 -0.707107 0.630037
vn 0.218508 -0.707107 0.672499
vn 0.110616 -0.707107 0.698401
vn 0.000000 -0.707107 0.707107
vn -0.110616 -0.707107 0.698401
vn -0.218508 -0.707107 0.672499
vn -0.321020 -0.707107 0.630037
vn -0.415627 -0.707107 0.572061
vn -0.500000 -0.707107 0.500000
vn -0.572061 -0.707107 0.415627
vn -0.630037 -0.707107 0.321020
vn -0.672499 -0.707107 0.218508
vn -0.698401 -0.707107 0.110616
vn -0.707107 -0.707107 0.000000
vn -0.698401 -0.707107 -0.110616
vn -0.672499 -0.707107 -0.218508
vn -0.630037 -0.707107 -0.321020
vn -0.572061 -0.707107 -0.415627
vn -0.500000 -0.707107 -0.500000
vn -0.415627 -0.707107 -0.572061
vn -0.321020 -0.707107 -0.630037
vn -0.218508 -0.707107 -0.672499
vn -0.110616 -0.707107 -0.698401
vn -0.000000 -0.707107 -0.707107
vn 0.110616 -0.707107 -0.698401
vn 0.218508 -0.707107 -0.672499
vn 0.321020 -0.707107 -0.630037
vn 0.415627 -0.707107 -0.572061
vn 0.500000 -0.707107 -0.500000
vn 0.572061 -0.707107 -0.415627
vn 0.630037 -0.707107 -0.321020
vn 0.672499 -0.707107 -0.218508
vn 0.698401 -0.707107 -0.110616
vn 0.707107 -0.707107 -0.000000
vn 0.587785 -0.809017 0.000000
vn 0.580549 -0.809017 0.091950
vn 0.559017 -0.809017 0.181636
vn 0.523720 -0.809017 0.266849
vn 0.475528 -0.809017 0.345492
vn 0.415627 -0.809017 0.415627
vn 0.345492 -0.809017 0.475528
vn 0.266849 -0.809017 0.523720
vn 0.181636 -0.809017 0.559017
vn 0.091950 -0.809017 0.580549
vn 0.000000 -0.809017 0.587785
vn -0.091950 -0.809017 0.580549
vn -0.181636 -0.809017 0.559017
vn -0.266849 -0.809017 0.523720
vn -0.345492 -0.809017 0.475528
vn -0.415627 -0.809017 0.415627
vn -0.475528 -0.809017 0.345492
vn -0.523720 -0.809017 0.266849
vn -0.559017 -0.809017 0.181636
vn -0.580549 -0.809017 0.091950
vn -0.587785 -0.809017 0.000000
vn -0.580549 -0.809017 -0.091950
vn -0.559017 -0.809017 -0.181636
vn -0.523720 -0.809017 -0.266849
vn -0.475528 -0.809017 -0.345492
vn -0.415627 -0.809017 -0.415627
vn -0.345492 -0.809017 -0.475528
vn -0.266849 -0.809017 -0.523720
vn -0.181636 -0.809017 -0.559017
vn -0.091950 -0.809017 -0.580549
vn -0.000000 -0.809017 -0.587785
vn 0.091950 -0.809017 -0.580549
vn 0.181636 -0.809017 -0.559017
vn 0.266849 -0.809017 -0.523720
vn 0.345492 -0.809017 -0.475528
vn 0.415627 -0.809017 -0.415627
vn 0.475528 -0.809017 -0.345492
vn 0.523720 -0.809017 -0.266849
vn 0.559017 -0.809017 -0.181636
vn 0.580549 -0.809017 -0.091950
vn 0.587785 -0.809017 -0.000000
vn 0.453990 -0.891007 0.000000
vn 0.448401 -0.891007 0.071020
vn 0.431771 -0.891007 0.140291
vn 0.404508 -0.891007 0.206107
vn 0.367286 -0.891007 0.266849
vn 0.321020 -0.891007 0.321020
vn 0.266849 -0.891007 0.367286
vn 0.206107 -0.891007 0.404508
vn 0.140291 -0.891007 0.431771
vn 0.071020 -0.891007 0.448401
vn 0.000000 -0.891007 0.453990
vn -0.071020 -0.891007 0.448401
vn -0.140291 -0.891007 0.431771
vn -0.206107 -0.891007 0.404508
vn -0.266849 -0.891007 0.367286
vn -0.321020 -0.891007 0.321020
vn -0.367286 -0.891007 0.266849
vn -0.404508 -0.891007 0.206107
vn -0.431771 -0.891007 0.140291
vn -0.448401 -0.891007 0.071020
vn -0.453990 -0.891007 0.000000
vn -0.448401 -0.891007 -0.071020
vn -0.431771 -0.891007 -0.140291
vn -0.404508 -0.891007 -0.206107
vn -0.367286 -0.891007 -0.266849
vn -0.321020 -0.891007 -0.321020
vn -0.266849 -0.891007 -0.367286
vn -0.206107 -0.891007 -0.404508
vn -0.140291 -0.891007 -0.431771
vn -0.071020 -0.891007 -0.448401
vn -0.000000 -0.891007 -0.453990
vn 0.071020 -0.891007 -0.448401
vn 0.140291 -0.891007 -0.431771
vn 0.206107 -0.891007 -0.404508
vn 0.266849 -0.891007 -0.367286
vn 0.321020 -0.891007 -0.321020
vn 0.367286 -0.891007 -0.266849
vn 0.404508 -0.891007 -0.206107
vn 0.431771 -0.891007 -0.140291
vn 0.448401 -0.891007 -0.071020
vn 0.453990 -0.891007 -0.000000
vn 0.309017 -0.951057 0.000000
vn 0.305212 -0.951057 0.048341
vn 0.293893 -0.951057 0.095492
vn 0.275336 -0.951057 0.140291
vn 0.250000 -0.951057 0.181636
vn 0.218508 -0.951057 0.218508
vn 0.181636 -0.951057 0.250000
vn 0.140291 -0.951057 0.275336
vn 0.095492 -0.951057 0.293893
vn 0.048341 -0.951057 0.305212
vn 0.000000 -0.951057 0.309017
vn -0.048341 -0.951057 0.305212
vn -0.095492 -0.951057 0.293893
vn -0.140291 -0.951057 0.275336
vn -0.181636 -0.951057 0.250000
vn -0.218508 -0.951057 0.218508
vn -0.250000 -0.951057 0.181636
vn -0.275336 -0.951057 0.140291
vn -0.293893 -0.951057 0.095492
vn -0.305212 -0.951057 0.048341
vn -0.309017 -0.951057 0.000000
vn -0.305212 -0.951057 -0.048341
vn -0.293893 -0.951057 -0.095492
vn -0.275336 -0.951057 -0.140291
vn -0.250000 -0.951057 -0.181636
vn -0.218508 -0.951057 -0.218508
vn -0.181636 -0.951057 -0.250000
vn -0.140291 -0.951057 -0.275336
vn -0.095492 -0.951057 -0.293893
vn -0.048341 -0.951057 -0.305212
vn -0.000000 -0.951057 -0.309017
vn 0.048341 -0.951057 -0.305212
vn 0.095492 -0.951057 -0.293893
vn 0.140291 -0.951057 -0.275336
vn 0.181636 -0.951057 -0.250000
vn 0.218508 -0.951057 -0.218508
vn 0.250000 -0.951057 -0.181636
vn 0.275336 -0.951057 -0.140291
vn 0.293893 -0.951057 -0.095492
vn 0.305212 -0.951057 -0.048341
vn 0.309017 -0.951057 -0.000000
vn 0.156434 -0.987688 0.000000
vn 0.154508 -0.987688 0.024472
vn 0.148778 -0.987688 0.048341
vn 0.139384 -0.987688 0.071020
vn 0.126558 -0.987688 0.091950
vn 0.110616 -0.987688 0.110616
vn 0.091950 -0.987688 0.126558
vn 0.071020 -0.987688 0.139384
vn 0.048341 -0.987688 0.148778
vn 0.024472 -0.987688 0.154508
vn 0.000000 -0.987688 0.156434
vn -0.024472 -0.987688 0.154508
vn -0.048341 -0.987688 0.148778
vn -0.071020 -0.987688 0.139384
vn -0.091950 -0.987688 0.126558
vn -0.110616 -0.987688 0.110616
vn -0.126558 -0.987688 0.091950
vn -0.139384 -0.987688 0.071020
vn -0.148778 -0.987688 0.048341
vn -0.154508 -0.987688 0.024472
vn -0.156434 -0.987688 0.000000
vn -0.154508 -0.987688 -0.024472
vn -0.148778 -0.987688 -0.048341
vn -0.139384 -0.987688 -0.071020
vn -0.126558 -0.987688 -0.091950
vn -0.110616 -0.987688 -0.110616
vn -0.091950 -0.987688 -0.126558
vn -0.071020 -0.987688 -0.139384
vn -0.048341 -0.987688 -0.148778
vn -0.024472 -0.987688 -0.154508
vn -0.000000 -0.987688 -0.156434
vn 0.024472 -0.987688 -0.154508
vn 0.048341 -0.987688 -0.148778
vn 0.071020 -0.987688 -0.139384
vn 0.091950 -0.987688 -0.126558
vn 0.110616 -0.987688 -0.110616
vn 0.126558 -0.987688 -0.091950
vn 0.139384 -0.987688 -0.071020
vn 0.148778 -0.987688 -0.048341
vn 0.154508 -0.987688 -0.024472
vn 0.156434 -0.987688 -0.000000
vn 0.000000 -1.000000 0.000000
vn 0.000000 -1.000000 0.000000
vn 0.000000 -1.000000 0.000000
vn 0.000000 -1.000000 0.000000
vn 0.000000 -1.000000 0.000000
vn 0.000000 -1.000000 0.000000
vn 0.000000 -1.000000 0.000000
vn 0.000000 -1.000000 0.000000
vn 0.000000 -1.000000 0.000000
vn 0.000000 -1.000000 0.000000
vn 0.000000 -1.000000 0.000000
vn -0.000000 -1.000000 0.000000
vn -0.000000 -1.000000 0.000000
vn -0.000000 -1.000000 0.000000
vn -0.000000 -1.000000 0.000000
vn -0.000000 -1.000000 0.000000
vn -0.000000 -1.000000 0.000000
vn -0.000000 -1.000000 0.000000
vn -0.000000 -1.000000 0.000000
vn -0.000000 -1.000000 0.000000
vn -0.000000 -1.000000 0.000000
vn -0.000000 -1.000000 -0.000000
vn -0.000000 -1.000000 -0.000000
vn -0.000000 -1.000000 -0.000000
vn -0.000000 -1.000000 -0.000000
vn -0.000000 -1.000000 -0.000000
vn -0.000000 -1.000000 -0.000000
vn -0.000000 -1.000000 -0.000000
vn -0.000000 -1.000000 -0.000000
vn -0.000000 -1.000000 -0.000000
vn -0.000000 -1.000000 -0.000000
vn 0.000000 -1.000000 -0.000000
vn 0.000000 -1.000000 -0.000000
vn 0.000000 -1.000000 -0.000000
vn 0.000000 -1.000000 -0.000000
vn 0.000000 -1.000000 -0.000000
vn 0.000000 -1.000000 -0.000000
vn 0.000000 -1.000000 -0.000000
vn 0.000000 -1.000000 -0.000000
vn 0.000000 -1.000000 -0.000000
vn 0.000000 -1.000000 -0.000000
vn 0.000000 1.000000 0.000000
vn 0.000000 1.000000 0.000000
vn 0.000000 1.000000 0.000000
vn 0.000000 1.000000 0.000000
vn 0.000000 1.000000 0.000000
vn 0.000000 1.000000 0.000000
vn 0.000000 1.000000 0.000000
vn 0.000000 1.000000 0.000000
vn 0.000000 1.000000 0.000000
vn 0.000000 1.000000 0.000000
vn 0.000000 1.000000 0.000000
vn -0.000000 1.000000 0.000000
vn -0.000000 1.000000 0.000000
vn -0.000000 1.000000 0.000000
vn -0.000000 1.000000 0.000000
vn -0.000000 1.000000 0.000000
vn -0.000000 1.000000 0.000000
vn -0.000000 1.000000 0.000000
vn -0.000000 1.000000 0.000000
vn -0.000000 1.000000 0.000000
vn -0.000000 1.000000 0.000000
vn -0.000000 1.000000 -0.000000
vn -0.000000 1.000000 -0.000000
vn -0.000000 1.000000 -0.000000
vn -0.000000 1.000000 -0.000000
vn -0.000000 1.000000 -0.000000
vn -0.000000 1.000000 -0.000000
vn -0.000000 1.000000 -0.000000
vn -0.000000 1.000000 -0.000000
vn -0.000000 1.000000 -0.000000
vn -0.000000 1.000000 -0.000000
vn 0.000000 1.000000 -0.000000
vn 0.000000 1.000000 -0.000000
vn 0.000000 1.000000 -0.000000
vn 0.000000 1.000000 -0.000000
vn 0.000000 1.000000 -0.000000
vn 0.000000 1.000000 -0.000000
vn 0.000000 1.000000 -0.000000
vn 0.000000 1.000000 -0.000000
vn 0.000000 1.000000 -0.000000
vn 0.000000 1.000000 -0.000000
vn 0.156434 0.987688 0.000000
vn 0.154508 0.987688 0.024472
vn 0.148778 0.987688 0.048341
vn 0.139384 0.987688 0.071020
vn 0.126558 0.987688 0.091950
vn 0.110616 0.987688 0.110616
vn 0.091950 0.987688 0.126558
vn 0.071020 0.987688 0.139384
vn 0.048341 0.987688 0.148778
vn 0.024472 0.987688 0.154508
vn 0.000000 0.987688 0.156434
vn -0.024472 0.987688 0.154508
vn -0.048341 0.987688 0.148778
vn -0.071020 0.987688 0.139384
vn -0.091950 0.987688 0.126558
vn -0.110616 0.987688 0.110616
vn -0.126558 0.987688 0.091950
vn -0.139384 0.987688 0.071020
vn -0.148778 0.987688 0.048341
vn -0.154508 0.987688 0.024472
vn -0.156434 0.987688 0.000000
vn -0.154508 0.987688 -0.024472
vn -0.148778 0.987688 -0.048341
vn -0.139384 0.987688 -0.071020
vn -0.126558 0.987688 -0.091950
vn -0.110616 0.987688 -0.110616
vn -0.091950 0.987688 -0.126558
vn -0.071020 0.987688 -0.139384
vn -0.048341 0.987688 -0.148778
vn -0.024472 0.987688 -0.154508
vn -0.000000 0.987688 -0.156434
vn 0.024472 0.987688 -0.154508
vn 0.048341 0.987688 -0.148778
vn 0.071020 0.987688 -0.139384
vn 0.091950 0.987688 -0.126558
vn 0.110616 0.987688 -0.110616
vn 0.126558 0.987688 -0.091950
vn 0.139384 0.987688 -0.071020
vn 0.148778 0.987688 -0.048341
vn 0.154508 0.987688 -0.024472
vn 0.156434 0.987688 -0.000000
vn 0.309017 0.951057 0.000000
vn 0.305212 0.951057 0.048341
vn 0.293893 0.951057 0.095492
vn 0.275336 0.951057 0.140291
vn 0.250000 0.951057 0.181636
vn 0.218508 0.951057 0.218508
vn 0.181636 0.951057 0.250000
vn 0.140291 0.951057 0.275336
vn 0.095492 0.951057 0.293893
vn 0.048341 0.951057 0.305212
vn 0.000000 0.951057 0.309017
vn -0.048341 0.951057 0.305212
vn -0.095492 0.951057 0.293893
vn -0.140291 0.951057 0.275336
vn -0.181636 0.951057 0.250000
vn -0.218508 0.951057 0.218508
vn -0.250000 0.951057 0.181636
vn -0.275336 0.951057 0.140291
vn -0.293893 0.951057 0.095492
vn -0.305212 0.951057 0.048341
vn -0.309017 0.951057 0.000000
vn -0.305212 0.951057 -0.048341
vn -0.293893 0.951057 -0.095492
vn -0.275336 0.951057 -0.140291
vn -0.250000 0.951057 -0.181636
vn -0.218508 0.951057 -0.218508
vn -0.181636 0.951057 -0.250000
vn -0.140291 0.951057 -0.275336
vn -0.095492 0.951057 -0.293893
vn -0.048341 0.951057 -0.305212
vn -0.000000 0.951057 -0.309017
vn 0.048341 0.951057 -0.305212
vn 0.095492 0.951057 -0.293893
vn 0.140291 0.951057 -0.275336
vn 0.181636 0.951057 -0.250000
vn 0.218508 0.951057 -0.218508
vn 0.250000 0.951057 -0.181636
vn 0.275336 0.951057 -0.140291
vn 0.293893 0.951057 -0.095492
vn 0.305212 0.951057 -0.048341
vn 0.309017 0.951057 -0.000000
vn 0.453990 0.891007 0.000000
vn 0.448401 0.891007 0.071020
vn 0.431771 0.891007 0.140291
vn 0.404508 0.891007 0.206107
vn 0.367286 0.891007 0.266849
vn 0.321020 0.891007 0.321020
vn 0.266849 0.891007 0.367286
vn 0.206107 0.891007 0.404508
vn 0.140291 0.891007 0.431771
vn 0.071020 0.891007 0.448401
vn 0.000000 0.891007 0.453990
vn -0.071020 0.891007 0.448401
vn -0.140291 0.891007 0.431771
vn -0.206107 0.891007 0.404508
vn -0.266849 0.891007 0.367286
vn -0.321020 0.891007 0.321020
vn -0.367286 0.891007 0.266849
vn -0.404508 0.891007 0.206107
vn -0.431771 0.891007 0.140291
vn -0.448401 0.891007 0.071020
vn -0.453990 0.891007 0.000000
vn -0.448401 0.891007 -0.071020
vn -0.431771 0.891007 -0.140291
vn -0.404508 0.891007 -0.206107
vn -0.367286 0.891007 -0.266849
vn -0.321020 0.891007 -0.321020
vn -0.266849 0.891007 -0.367286
vn -0.206107 0.891007 -0.404508
vn -0.140291 0.891007 -0.431771
vn -0.071020 0.891007 -0.448401
vn -0.000000 0.891007 -0.453990
vn 0.071020 0.891007 -0.448401
vn 0.140291 0.891007 -0.431771
vn 0.206107 0.891007 -0.404508
vn 0.266849 0.891007 -0.367286
vn 0.321020 0.891007 -0.321020
vn 0.367286 0.891007 -0.266849
vn 0.404508 0.891007 -0.206107
vn 0.431771 0.891007 -0.140291
vn 0.448401 0.891007 -0.071020
vn 0.453990 0.891007 -0.000000
vn 0.587785 0.809017 0.000000
vn 0.580549 0.809017 0.091950
vn 0.559017 0.809017 0.181636
vn 0.523720 0.809017 0.266849
vn 0.475528 0.809017 0.345492
vn 0.415627 0.809017 0.415627
vn 0.345492 0.809017 0.475528
vn 0.266849 0.809017 0.523720
vn 0.181636 0.809017 0.559017
vn 0.091950 0.809017 0.580549
vn 0.000000 0.809017 0.587785
vn -0.091950 0.809017 0.580549
vn -0.181636 0.809017 0.559017
vn -0.266849 0.809017 0.523720
vn -0.345492 0.809017 0.475528
vn -0.415627 0.809017 0.415627
vn -0.475528 0.809017 0.345492
vn -0.523720 0.809017 0.266849
vn -0.559017 0.809017 0.181636
vn -0.580549 0.809017 0.091950
vn -0.587785 0.809017 0.000000
vn -0.580549 0.809017 -0.091950
vn -0.559017 0.809017 -0.181636
vn -0.523720 0.809017 -0.266849
vn -0.475528 0.809017 -0.345492
vn -0.415627 0.809017 -0.415627
vn -0.345492 0.809017 -0.475528
vn -0.266849 0.809017 -0.523720
vn -0.181636 0.809017 -0.559017
vn -0.091950 0.809017 -0.580549
vn -0.000000 0.809017 -0.587785
vn 0.091950 0.809017 -0.580549
vn 0.181636 0.809017 -0.559017
vn 0.266849 0.809017 -0.523720
vn 0.345492 0.809017 -0.475528
vn 0.415627 0.809017 -0.415627
vn 0.475528 0.809017 -0.345492
vn 0.523720 0.809017 -0.266849
vn 0.559017 0.809017 -0.181636
vn 0.580549 0.809017 -0.091950
vn 0.587785 0.809017 -0.000000
vn 0.707107 0.707107 0.000000
vn 0.698401 0.707107 0.110616
vn 0.672499 0.707107 0.218508
vn 0.630037 0.707107 0.321020
vn 0.572061 0.707107 0.415627
vn 0.500000 0.707107 0.500000
vn 0.415627 0.707107 0.572061
vn 0.321020 0.707107 0.630037
vn 0.218508 0.707107 0.672499
vn 0.110616 0.707107 0.698401
vn 0.000000 0.707107 0.707107
vn -0.110616 0.707107 0.698401
vn -0.218508 0.707107 0.672499
vn -0.321020 0.707107 0.630037
vn -0.415627 0.707107 0.572061
vn -0.500000 0.707107 0.500000
vn -0.572061 0.707107 0.415627
vn -0.630037 0.707107 0.321020
vn -0.672499 0.707107 0.218508
vn -0.698401 0.707107 0.110616
vn -0.707107 0.707107 0.000000
vn -0.698401 0.707107 -0.110616
vn -0.672499 0.707107 -0.218508
vn -0.630037 0.707107 -0.321020
vn -0.572061 0.707107 -0.415627
vn -0.500000 0.707107 -0.500000
vn -0.415627 0.707107 -0.572061
vn -0.321020 0.707107 -0.630037
vn -0.218508 0.707107 -0.672499
vn -0.110616 0.707107 -0.698401
vn -0.000000 0.707107 -0.707107
vn 0.110616 0.707107 -0.698401
vn 0.218508 0.707107 -0.672499
vn 0.321020 0.707107 -0.630037
vn 0.415627 0.707107 -0.572061
vn 0.500000 0.707107 -0.500000
vn 0.572061 0.707107 -0.415627
vn 0.630037 0.707107 -0.321020
vn 0.672499 0.707107 -0.218508
vn 0.698401 0.707107 -0.110616
vn 0.707107 0.707107 -0.000000
vn 0.809017 0.587785 0.000000
vn 0.799057 0.587785 0.126558
vn 0.769421 0.587785 0.250000
vn 0.720839 0.587785 0.367286
vn 0.654508 0.587785 0.475528
vn 0.572061 0.587785 0.572061
vn 0.475528 0.587785 0.654508
vn 0.367286 0.587785 0.720839
vn 0.250000 0.587785 0.769421
vn 0.126558 0.587785 0.799057
vn 0.000000 0.587785 0.809017
vn -0.126558 0.587785 0.799057
vn -0.250000 0.587785 0.769421
vn -0.367286 0.587785 0.720839
vn -0.475528 0.587785 0.654508
vn -0.572061 0.587785 0.572061
vn -0.654508 0.587785 0.475528
vn -0.720839 0.587785 0.367286
vn -0.769421 0.587785 0.250000
vn -0.799057 0.587785 0.126558
vn -0.809017 0.587785 0.000000
vn -0.799057 0.587785 -0.126558
vn -0.769421 0.587785 -0.250000
vn -0.720839 0.587785 -0.367286
vn -0.654508 0.587785 -0.475528
vn -0.572061 0.587785 -0.572061
vn -0.475528 0.587785 -0.654508
vn -0.367286 0.587785 -0.720839
vn -0.250000 0.587785 -0.769421
vn -0.126558 0.587785 -0.799057
vn -0.000000 0.587785 -0.809017
vn 0.126558 0.587785 -0.799057
vn 0.250000 0.587785 -0.769421
vn 0.367286 0.587785 -0.720839
vn 0.475528 0.587785 -0.654508
vn 0.572061 0.587785 -0.572061
vn 0.654508 0.587785 -0.475528
vn 0.720839 0.587785 -0.367286
vn 0.769421 0.587785 -0.250000
vn 0.799057 0.587785 -0.126558
vn 0.809017 0.587785 -0.000000
vn 0.891007 0.453990 0.000000
vn 0.880037 0.453990 0.139384
vn 0.847398 0.453990 0.275336
vn 0.793893 0.453990 0.404508
vn 0.720839 0.453990 0.523720
vn 0.630037 0.453990 0.630037
vn 0.523720 0.453990 0.720839
vn 0.404508 0.453990 0.793893
vn 0.275336 0.453990 0.847398
vn 0.139384 0.453990 0.880037
vn 0.000000 0.453990 0.891007
vn -0.139384 0.453990 0.880037
vn -0.275336 0.453990 0.847398
vn -0.404508 0.453990 0.793893
vn -0.523720 0.453990 0.720839
vn -0.630037 0.453990 0.630037
vn -0.720839 0.453990 0.523720
vn -0.793893 0.453990 0.404508
vn -0.847398 0.453990 0.275336
vn -0.880037 0.453990 0.139384
vn -0.891007 0.453990 0.000000
vn -0.880037 0.453990 -0.139384
vn -0.847398 0.453990 -0.275336
vn -0.793893 0.453990 -0.404508
vn -0.720839 0.453990 -0.523720
vn -0.630037 0.453990 -0.630037
vn -0.523720 0.453990 -0.720839
vn -0.404508 0.453990 -0.793893
vn -0.275336 0.453990 -0.847398
vn -0.139384 0.453990 -0.880037
vn -0.000000 0.453990 -0.891007
vn 0.139384 0.453990 -0.880037
vn 0.275336 0.453990 -0.847398
vn 0.404508 0.453990 -0.793893
vn 0.523720 0.453990 -0.720839
vn 0.630037 0.453990 -0.630037
vn 0.720839 0.453990 -0.523720
vn 0.793893 0.453990 -0.404508
vn 0.847398 0.453990 -0.275336
vn 0.880037 0.453990 -0.139384
vn 0.891007 0.453990 -0.000000
vn 0.951057 0.309017 0.000000
vn 0.939347 0.309017 0.148778
vn 0.904508 0.309017 0.293893
vn 0.847398 0.309017 0.431771
vn 0.769421 0.309017 0.559017
vn 0.672499 0.309017 0.672499
vn 0.559017 0.309017 0.769421
vn 0.431771 0.309017 0.847398
vn 0.293893 0.309017 0.904508
vn 0.148778 0.309017 0.939347
vn 0.000000 0.309017 0.951057
vn -0.148778 0.309017 0.939347
vn -0.293893 0.309017 0.904508
vn -0.431771 0.309017 0.847398
vn -0.559017 0.309017 0.769421
vn -0.672499 0.309017 0.672499
vn -0.769421 0.309017 0.559017
vn -0.847398 0.309017 0.431771
vn -0.904508 0.309017 0.293893
vn -0.939347 0.309017 0.148778
vn -0.951057 0.309017 0.000000
vn -0.939347 0.309017 -0.148778
vn -0.904508 0.309017 -0.293893
vn -0.847398 0.309017 -0.431771
vn -0.769421 0.309017 -0.559017
vn -0.672499 0.309017 -0.672499
vn -0.559017 0.309017 -0.769421
vn -0.431771 0.309017 -0.847398
vn -0.293893 0.309017 -0.904508
vn -0.148778 0.309017 -0.939347
vn -0.000000 0.309017 -0.951057
vn 0.148778 0.309017 -0.939347
vn 0.293893 0.309017 -0.904508
vn 0.431771 0.309017 -0.847398
vn 0.559017 0.309017 -0.769421
vn 0.672499 0.309017 -0.672499
vn 0.769421 0.309017 -0.559017
vn 0.847398 0.309017 -0.431771
vn 0.904508 0.309017 -0.293893
vn 0.939347 0.309017 -0.148778
vn 0.951057 0.309017 -0.000000
vn 0.987688 0.156434 0.000000
vn 0.975528 0.156434 0.154508
vn 0.939347 0.156434 0.305212
vn 0.880037 0.156434 0.448401
vn 0.799057 0.156434 0.580549
vn 0.698401 0.156434 0.698401
vn 0.580549 0.156434 0.799057
vn 0.448401 0.156434 0.880037
vn 0.305212 0.156434 0.939347
vn 0.154508 0.156434 0.975528
vn 0.000000 0.156434 0.987688
vn -0.154508 0.156434 0.975528
vn -0.305212 0.156434 0.939347
vn -0.448401 0.156434 0.880037
vn -0.580549 0.156434 0.799057
vn -0.698401 0.156434 0.698401
vn -0.799057 0.156434 0.580549
vn -0.880037 0.156434 0.448401
vn -0.939347 0.156434 0.305212
vn -0.975528 0.156434 0.154508
vn -0.987688 0.156434 0.000000
vn -0.975528 0.156434 -0.154508
vn -0.939347 0.156434 -0.305212
vn -0.880037 0.156434 -0.448401
vn -0.799057 0.156434 -0.580549
vn -0.698401 0.156434 -0.698401
vn -0.580549 0.156434 -0.799057
vn -0.448401 0.156434 -0.880037
vn -0.305212 0.156434 -0.939347
vn -0.154508 0.156434 -0.975528
vn -0.000000 0.156434 -0.987688
vn 0.154508 0.156434 -0.975528
vn 0.305212 0.156434 -0.939347
vn 0.448401 0.156434 -0.880037
vn 0.580549 0.156434 -0.799057
vn 0.698401 0.156434 -0.698401
vn 0.799057 0.156434 -0.580549
vn 0.880037 0.156434 -0.448401
vn 0.939347 0.156434 -0.305212
vn 0.975528 0.156434 -0.154508
vn 0.987688 0.156434 -0.000000
vn 1.000000 0.000000 0.000000
vn 0.987688 0.000000 0.156434
vn 0.951057 0.000000 0.309017
vn 0.891007 0.000000 0.453990
vn 0.809017 0.000000 0.587785
vn 0.707107 0.000000 0.707107
vn 0.587785 0.000000 0.809017
vn 0.453990 0.000000 0.891007
vn 0.309017 0.000000 0.951057
vn 0.156434 0.000000 0.987688
vn 0.000000 0.000000 1.000000
vn -0.156434 0.000000 0.987688
vn -0.309017 0.000000 0.951057
vn -0.453990 0.000000 0.891007
vn -0.587785 0.000000 0.809017
vn -0.707107 0.000000 0.707107
vn -0.809017 0.000000 0.587785
vn -0.891007 0.000000 0.453990
vn -0.951057 0.000000 0.309017
vn -0.987688 0.000000 0.156434
vn -1.000000 0.000000 0.000000
vn -0.987688 0.000000 -0.156434
vn -0.951057 0.000000 -0.309017
vn -0.891007 0.000000 -0.453990
vn -0.809017 0.000000 -0.587785
vn -0.707107 0.000000 -0.707107
vn -0.587785 0.000000 -0.809017
vn -0.453990 0.000000 -0.891007
vn -0.309017 0.000000 -0.951057
vn -0.156434 0.000000 -0.987688
vn -0.000000 0.000000 -1.000000
vn 0.156434 0.000000 -0.987688
vn 0.309017 0.000000 -0.951057
vn 0.453990 0.000000 -0.891007
vn 0.587785 0.000000 -0.809017
vn 0.707107 0.000000 -0.707107
vn 0.809017 0.000000 -0.587785
vn 0.891007 0.000000 -0.453990
vn 0.951057 0.000000 -0.309017
vn 0.987688 0.000000 -0.156434
vn 1.000000 0.000000 -0.000000
vn 0.987688 -0.156434 0.000000
vn 0.975528 -0.156434 0.154508
vn 0.939347 -0.156434 0.305212
vn 0.880037 -0.156434 0.448401
vn 0.799057 -0.156434 0.580549
vn 0.698401 -0.156434 0.698401
vn 0.580549 -0.156434 0.799057
vn 0.448401 -0.156434 0.880037
vn 0.305212 -0.156434 0.939347
vn 0.154508 -0.156434 0.975528
vn 0.000000 -0.156434 0.987688
vn -0.154508 -0.156434 0.975528
vn -0.305212 -0.156434 0.939347
vn -0.448401 -0.156434 0.880037
vn -0.580549 -0.156434 0.799057
vn -0.698401 -0.156434 0.698401
vn -0.799057 -0.156434 0.580549
vn -0.880037 -0.156434 0.448401
vn -0.939347 -0.156434 0.305212
vn -0.975528 -0.156434 0.154508
vn -0.987688 -0.156434 0.000000
vn -0.975528 -0.156434 -0.154508
vn -0.939347 -0.156434 -0.305212
vn -0.880037 -0.156434 -0.448401
vn -0.799057 -0.156434 -0.580549
vn -0.698401 -0.156434 -0.698401
vn -0.580549 -0.156434 -0.799057
vn -0.448401 -0.156434 -0.880037
vn -0.305212 -0.156434 -0.939347
vn -0.154508 -0.156434 -0.975528
vn -0.000000 -0.156434 -0.987688
vn 0.154508 -0.156434 -0.975528
vn 0.305212 -0.156434 -0.939347
vn 0.448401 -0.156434 -0.880037
vn 0.580549 -0.156434 -0.799057
vn 0.698401 -0.156434 -0.698401
vn 0.799057 -0.156434 -0.580549
vn 0.880037 -0.156434 -0.448401
vn 0.939347 -0.156434 -0.305212
vn 0.975528 -0.156434 -0.154508
vn 0.987688 -0.156434 -0.000000
vn 0.951057 -0.309017 0.000000
vn 0.939347 -0.309017 0.148778
vn 0.904508 -0.309017 0.293893
vn 0.847398 -0.309017 0.431771
vn 0.769421 -0.309017 0.559017
vn 0.672499 -0.309017 0.672499
vn 0.559017 -0.309017 0.769421
vn 0.431771 -0.309017 0.847398
vn 0.293893 -0.309017 0.904508
vn 0.148778 -0.309017 0.939347
vn 0.000000 -0.309017 0.951057
vn -0.148778 -0.309017 0.939347
vn -0.293893 -0.309017 0.904508
vn -0.431771 -0.309017 0.847398
vn -0.559017 -0.309017 0.769421
vn -0.672499 -0.309017 0.672499
vn -0.769421 -0.309017 0.559017
vn -0.847398 -0.309017 0.431771
vn -0.904508 -0.309017 0.293893
vn -0.939347 -0.309017 0.148778
vn -0.951057 -0.309017 0.000000
vn -0.939347 -0.309017 -0.148778
vn -0.904508 -0.309017 -0.293893
vn -0.847398 -0.309017 -0.431771
vn -0.769421 -0.309017 -0.559017
vn -0.672499 -0.309017 -0.672499
vn -0.559017 -0.309017 -0.769421
vn -0.431771 -0.309017 -0.847398
vn -0.293893 -0.309017 -0.904508
vn -0.148778 -0.309017 -0.939347
vn -0.000000 -0.309017 -0.951057
vn 0.148778 -0.309017 -0.939347
vn 0.293893 -0.309017 -0.904508
vn 0.431771 -0.309017 -0.847398
vn 0.559017 -0.309017 -0.769421
vn 0.672499 -0.309017 -0.672499
vn 0.769421 -0.309017 -0.559017
vn 0.847398 -0.309017 -0.431771
vn 0.904508 -0.309017 -0.293893
vn 0.939347 -0.309017 -0.148778
vn 0.951057 -0.309017 -0.000000
vn 0.891007 -0.453990 0.000000
vn 0.880037 -0.453990 0.139384
vn 0.847398 -0.453990 0.275336
vn 0.793893 -0.453990 0.404508
vn 0.720839 -0.453990 0.523720
vn 0.630037 -0.453990 0.630037
vn 0.523720 -0.453990 0.720839
vn 0.404508 -0.453990 0.793893
vn 0.275336 -0.453990 0.847398
vn 0.139384 -0.453990 0.880037
vn 0.000000 -0.453990 0.891007
vn -0.139384 -0.453990 0.880037
vn -0.275336 -0.453990 0.847398
vn -0.404508 -0.453990 0.793893
vn -0.523720 -0.453990 0.720839
vn -0.630037 -0.453990 0.630037
vn -0.720839 -0.453990 0.523720
vn -0.793893 -0.453990 0.404508
vn -0.847398 -0.453990 0.275336
vn -0.880037 -0.453990 0.139384
vn -0.891007 -0.453990 0.000000
vn -0.880037 -0.453990 -0.139384
vn -0.847398 -0.453990 -0.275336
vn -0.793893 -0.453990 -0.404508
vn -0.720839 -0.453990 -0.523720
vn -0.630037 -0.453990 -0.630037
vn -0.523720 -0.453990 -0.720839
vn -0.404508 -0.453990 -0.793893
vn -0.275336 -0.453990 -0.847398
vn -0.139384 -0.453990 -0.880037
vn -0.000000 -0.453990 -0.891007
vn 0.139384 -0.453990 -0.880037
vn 0.275336 -0.453990 -0.847398
vn 0.404508 -0.453990 -0.793893
vn 0.523720 -0.453990 -0.720839
vn 0.630037 -0.453990 -0.630037
vn 0.720839 -0.453990 -0.523720
vn 0.793893 -0.453990 -0.404508
vn 0.847398 -0.453990 -0.275336
vn 0.880037 -0.453990 -0.139384
vn 0.891007 -0.453990 -0.000000
vn 0.809017 -0.587785 0.000000
vn 0.799057 -0.587785 0.126558
vn 0.769421 -0.587785 0.250000
vn 0.720839 -0.587785 0.367286
vn 0.654508 -0.587785 0.475528
vn 0.572061 -0.587785 0.572061
vn 0.475528 -0.587785 0.654508
vn 0.367286 -0.587785 0.720839
vn 0.250000 -0.587785 0.769421
vn 0.126558 -0.587785 0.799057
vn 0.000000 -0.587785 0.809017
vn -0.126558 -0.587785 0.799057
vn -0.250000 -0.587785 0.769421
vn -0.367286 -0.587785 0.720839
vn -0.475528 -0.587785 0.654508
vn -0.572061 -0.587785 0.572061
vn -0.654508 -0.587785 0.475528
vn -0.720839 -0.587785 0.367286
vn -0.769421 -0.587785 0.250000
vn -0.799057 -0.587785 0.126558
vn -0.809017 -0.587785 0.000000
vn -0.799057 -0.587785 -0.126558
vn -0.769421 -0.587785 -0.250000
vn -0.720839 -0.587785 -0.367286
vn -0.654508 -0.587785 -0.475528
vn -0.572061 -0.587785 -0.572061
vn -0.475528 -0.587785 -0.654508
vn -0.367286 -0.587785 -0.720839
vn -0.250000 -0.587785 -0.769421
vn -0.126558 -0.587785 -0.799057
vn -0.000000 -0.587785 -0.809017
vn 0.126558 -0.587785 -0.799057
vn 0.250000 -0.587785 -0.769421
vn 0.367286 -0.587785 -0.720839
vn 0.475528 -0.587785 -0.654508
vn 0.572061 -0.587785 -0.572061
vn 0.654508 -0.587785 -0.475528
vn 0.720839 -0.587785 -0.367286
vn 0.769421 -0.587785 -0.250000
vn 0.799057 -0.587785 -0.126558
vn 0.809017 -0.587785 -0.000000
vn 0.707107 -0.707107 0.000000
vn 0.698401 -0.707107 0.110616
vn 0.672499 -0.707107 0.218508
vn 0.630037 -0.707107 0.321020
vn 0.572061 -0.707107 0.415627
vn 0.500000 -0.707107 0.500000
vn 0.415627 -0.707107 0.572061
vn 0.321020 -0.707107 0.630037
vn 0.218508 -0.707107 0.672499
vn 0.110616 -0.707107 0.698401
vn 0.000000 -0.707107 0.707107
vn -0.110616 -0.707107 0.698401
vn -0.218508 -0.707107 0.672499
vn -0.321020 -0.707107 0.630037
vn -0.415627 -0.707107 0.572061
vn -0.500000 -0.707107 0.500000
vn -0.572061 -0.707107 0.415627
vn -0.630037 -0.707107 0.321020
vn -0.672499 -0.707107 0.218508
vn -0.698401 -0.707107 0.110616
vn -0.707107 -0.707107 0.000000
vn -0.698401 -0.707107 -0.110616
vn -0.672499 -0.707107 -0.218508
vn -0.630037 -0.707107 -0.321020
vn -0.572061 -0.707107 -0.415627
vn -0.500000 -0.707107 -0.500000
vn -0.415627 -0.707107 -0.572061
vn -0.321020 -0.707107 -0.630037
vn -0.218508 -0.707107 -0.672499
vn -0.110616 -0.707107 -0.698401
vn -0.000000 -0.707107 -0.707107
vn 0.110616 -0.707107 -0.698401
vn 0.218508 -0.707107 -0.672499
vn 0.321020 -0.707107 -0.630037
vn 0.415627 -0.707107 -0.572061
vn 0.500000 -0.707107 -0.500000
vn 0.572061 -0.707107 -0.415627
vn 0.630037 -0.707107 -0.321020
vn 0.672499 -0.707107 -0.218508
vn 0.698401 -0.707107 -0.110616
vn 0.707107 -0.707107 -0.000000
vn 0.587785 -0.809017 0.000000
vn 0.580549 -0.809017 0.091950
vn 0.559017 -0.809017 0.181636
vn 0.523720 -0.809017 0.266849
vn 0.475528 -0.809017 0.345492
vn 0.415627 -0.809017 0.415627
vn 0.345492 -0.809017 0.475528
vn 0.266849 -0.809017 0.523720
vn 0.181636 -0.809017 0.559017
vn 0.091950 -0.809017 0.580549
vn 0.000000 -0.809017 0.587785
vn -0.091950 -0.809017 0.580549
vn -0.181636 -0.809017 0.559017
vn -0.266849 -0.809017 0.523720
vn -0.345492 -0.809017 0.475528
vn -0.415627 -0.809017 0.415627
vn -0.475528 -0.809017 0.345492
vn -0.523720 -0.809017 0.266849
vn -0.559017 -0.809017 0.181636
vn -0.580549 -0.809017 0.091950
vn -0.587785 -0.809017 0.000000
vn -0.580549 -0.809017 -0.091950
vn -0.559017 -0.809017 -0.181636
vn -0.523720 -0.809017 -0.266849
vn -0.475528 -0.809017 -0.345492
vn -0.415627 -0.809017 -0.415627
vn -0.345492 -0.809017 -0.475528
vn -0.266849 -0.809017 -0.523720
vn -0.181636 -0.809017 -0.559017
vn -0.091950 -0.809017 -0.580549
vn -0.000000 -0.809017 -0.587785
vn 0.091950 -0.809017 -0.580549
vn 0.181636 -0.809017 -0.559017
vn 0.266849 -0.809017 -0.523720
vn 0.345492 -0.809017 -0.475528
vn 0.415627 -0.809017 -0.415627
vn 0.475528 -0.809017 -0.345492
vn 0.523720 -0.809017 -0.266849
vn 0.559017 -0.809017 -0.181636
vn 0.580549 -0.809017 -0.091950
vn 0.587785 -0.809017 -0.000000
vn 0.453990 -0.891007 0.000000
vn 0.448401 -0.891007 0.071020
vn 0.431771 -0.891007 0.140291
vn 0.404508 -0.891007 0.206107
vn 0.367286 -0.891007 0.266849
vn 0.321020 -0.891007 0.321020
vn 0.266849 -0.891007 0.367286
vn 0.206107 -0.891007 0.404508
vn 0.140291 -0.891007 0.431771
vn 0.071020 -0.891007 0.448401
vn 0.000000 -0.891007 0.453990
vn -0.071020 -0.891007 0.448401
vn -0.140291 -0.891007 0.431771
vn -0.206107 -0.891007 0.404508
vn -0.266849 -0.891007 0.367286
vn -0.321020 -0.891007 0.321020
vn -0.367286 -0.891007 0.266849
vn -0.404508 -0.891007 0.206107
vn -0.431771 -0.891007 0.140291
vn -0.448401 -0.891007 0.071020
vn -0.453990 -0.891007 0.000000
vn -0.448401 -0.891007 -0.071020
vn -0.431771 -0.891007 -0.140291
vn -0.404508 -0.891007 -0.206107
vn -0.367286 -0.891007 -0.266849
vn -0.321020 -0.891007 -0.321020
vn -0.266849 -0.891007 -0.367286
vn -0.206107 -0.891007 -0.404508
vn -0.140291 -0.891007 -0.431771
vn -0.071020 -0.891007 -0.448401
vn -0.000000 -0.891007 -0.453990
vn 0.071020 -0.891007 -0.448401
vn 0.140291 -0.891007 -0.431771
vn 0.206107 -0.891007 -0.404508
vn 0.266849 -0.891007 -0.367286
vn 0.321020 -0.891007 -0.321020
vn 0.367286 -0.891007 -0.266849
vn 0.404508 -0.891007 -0.206107
vn 0.431771 -0.891007 -0.140291
vn 0.448401 -0.891007 -0.071020
vn 0.453990 -0.891007 -0.000000
vn 0.309017 -0.951057 0.000000
vn 0.305212 -0.951057 0.048341
vn 0.293893 -0.951057 0.095492
vn 0.275336 -0.951057 0.140291
vn 0.250000 -0.951057 0.181636
vn 0.218508 -0.951057 0.218508
vn 0.181636 -0.951057 0.250000
vn 0.140291 -0.951057 0.275336
vn 0.095492 -0.951057 0.293893
vn 0.048341 -0.951057 0.305212
vn 0.000000 -0.951057 0.309017
vn -0.048341 -0.951057 0.305212
vn -0.095492 -0.951057 0.293893
vn -0.140291 -0.951057 0.275336
vn -0.181636 -0.951057 0.250000
vn -0.218508 -0.951057 0.218508
vn -0.250000 -0.951057 0.181636
vn -0.275336 -0.951057 0.140291
vn -0.293893 -0.951057 0.095492
vn -0.305212 -0.951057 0.048341
vn -0.309017 -0.951057 0.000000
vn -0.305212 -0.951057 -0.048341
vn -0.293893 -0.951057 -0.095492
vn -0.275336 -0.951057 -0.140291
vn -0.250000 -0.951057 -0.181636
vn -0.218508 -0.951057 -0.218508
vn -0.181636 -0.951057 -0.250000
vn -0.140291 -0.951057 -0.275336
vn -0.095492 -0.951057 -0.293893
vn -0.048341 -0.951057 -0.305212
vn -0.000000 -0.951057 -0.309017
vn 0.048341 -0.951057 -0.305212
vn 0.095492 -0.951057 -0.293893
vn 0.140291 -0.951057 -0.275336
vn 0.181636 -0.951057 -0.250000
vn 0.218508 -0.951057 -0.218508
vn 0.250000 -0.951057 -0.181636
vn 0.275336 -0.951057 -0.140291
vn 0.293893 -0.951057 -0.095492
vn 0.305212 -0.951057 -0.048341
vn 0.309017 -0.951057 -0.000000
vn 0.156434 -0.987688 0.000000
vn 0.154508 -0.987688 0.024472
vn 0.148778 -0.987688 0.048341
vn 0.139384 -0.987688 0.071020
vn 0.126558 -0.987688 0.091950
vn 0.110616 -0.987688 0.110616
vn 0.091950 -0.987688 0.126558
vn 0.071020 -0.987688 0.139384
vn 0.048341 -0.987688 0.148778
vn 0.024472 -0.987688 0.154508
vn 0.000000 -0.987688 0.156434
vn -0.024472 -0.987688 0.154508
vn -0.048341 -0.987688 0.148778
vn -0.071020 -0.987688 0.139384
vn -0.091950 -0.987688 0.126558
vn -0.110616 -0.987688 0.110616
vn -0.126558 -0.987688 0.091950
vn -0.139384 -0.987688 0.071020
vn -0.148778 -0.987688 0.048341
vn -0.154508 -0.987688 0.024472
vn -0.156434 -0.987688 0.000000
vn -0.154508 -0.987688 -0.024472
vn -0.148778 -0.987688 -0.048341
vn -0.139384 -0.987688 -0.071020
vn -0.126558 -0.987688 -0.091950
vn -0.110616 -0.987688 -0.110616
vn -0.091950 -0.987688 -0.126558
vn -0.071020 -0.987688 -0.139384
vn -0.048341 -0.987688 -0.148778
vn -0.024472 -0.987688 -0.154508
vn -0.000000 -0.987688 -0.156434
vn 0.024472 -0.987688 -0.154508
vn 0.048341 -0.987688 -0.148778
vn 0.071020 -0.987688 -0.139384
vn 0.091950 -0.987688 -0.126558
vn 0.110616 -0.987688 -0.110616
vn 0.126558 -0.987688 -0.091950
vn 0.139384 -0.987688 -0.071020
vn 0.148778 -0.987688 -0.048341
vn 0.154508 -0.987688 -0.024472
vn 0.156434 -0.987688 -0.000000
vn 0.000000 -1.000000 0.000000
vn 0.000000 -1.000000 0.000000
vn 0.000000 -1.000000 0.000000
vn 0.000000 -1.000000 0.000000
vn 0.000000 -1.000000 0.000000
vn 0.000000 -1.000000 0.000000
vn 0.000000 -1.000000 0.000000
vn 0.000000 -1.000000 0.000000
vn 0.000000 -1.000000 0.000000
vn 0.000000 -1.000000 0.000000
vn 0.000000 -1.000000 0.000000
vn -0.000000 -1.000000 0.000000
vn -0.000000 -1.000000 0.000000
vn -0.000000 -1.000000 0.000000
vn -0.000000 -1.000000 0.000000
vn -0.000000 -1.000000 0.000000
vn -0.000000 -1.000000 0.000000
vn -0.000000 -1.000000 0.000000
vn -0.000000 -1.000000 0.000000
vn -0.000000 -1.000000 0.000000
vn -0.000000 -1.000000 0.000000
vn -0.000000 -1.000000 -0.000000
vn -0.000000 -1.000000 -0.000000
vn -0.000000 -1.000000 -0.000000
vn -0.000000 -1.000000 -0.000000
vn -0.000000 -1.000000 -0.000000
vn -0.000000 -1.000000 -0.000000
vn -0.000000 -1.000000 -0.000000
vn -0.000000 -1.000000 -0.000000
vn -0.000000 -1.000000 -0.000000
vn -0.000000 -1.000000 -0.000000
vn 0.000000 -1.000000 -0.000000
vn 0.000000 -1.000000 -0.000000
vn 0.000000 -1.000000 -0.000000
vn 0.000000 -1.000000 -0.000000
vn 0.000000 -1.000000 -0.000000
vn 0.000000 -1.000000 -0.000000
vn 0.000000 -1.000000 -0.000000
vn 0.000000 -1.000000 -0.000000
vn 0.000000 -1.000000 -0.000000
vn 0.000000 -1.000000 -0.000000
vn 0.000000 1.000000 0.000000
vn 0.000000 1.000000 0.000000
vn 0.000000 1.000000 0.000000
vn 0.000000 1.000000 0.000000
vn 0.000000 1.000000 0.000000
vn 0.000000 1.000000 0.000000
vn 0.000000 1.000000 0.000000
vn 0.000000 1.000000 0.000000
vn 0.000000 1.000000 0.000000
vn 0.000000 1.000000 0.000000
vn 0.000000 1.000000 0.000000
vn -0.000000 1.000000 0.000000
vn -0.000000 1.000000 0.000000
vn -0.000000 1.000000 0.000000
vn -0.000000 1.000000 0.000000
vn -0.000000 1.000000 0.000000
vn -0.000000 1.000000 0.000000
vn -0.000000 1.000000 0.000000
vn -0.000000 1.000000 0.000000
vn -0.000000 1.000000 0.000000
vn -0.000000 1.000000 0.000000
vn -0.000000 1.000000 -0.000000
vn -0.000000 1.000000 -0.000000
vn -0.000000 1.000000 -0.000000
vn -0.000000 1.000000 -0.000000
vn -0.000000 1.000000 -0.000000
vn -0.000000 1.000000 -0.000000
vn -0.000000 1.000000 -0.000000
vn -0.000000 1.000000 -0.000000
vn -0.000000 1.000000 -0.000000
vn -0.000000 1.000000 -0.000000
vn 0.000000 1.000000 -0.000000
vn 0.000000 1.000000 -0.000000
vn 0.000000 1.000000 -0.000000
vn 0.000000 1.000000 -0.000000
vn 0.000000 1.000000 -0.000000
vn 0.000000 1.000000 -0.000000
vn 0.000000 1.000000 -0.000000
vn 0.000000 1.000000 -0.000000
vn 0.000000 1.000000 -0.000000
vn 0.000000 1.000000 -0.000000
vn 0.156434 0.987688 0.000000
vn 0.154508 0.987688 0.024472
vn 0.148778 0.987688 0.048341
vn 0.139384 0.987688 0.071020
vn 0.126558 0.987688 0.091950
vn 0.110616 0.987688 0.110616
vn 0.091950 0.987688 0.126558
vn 0.071020 0.987688 0.139384
vn 0.048341 0.987688 0.148778
vn 0.024472 0.987688 0.154508
vn 0.000000 0.987688 0.156434
vn -0.024472 0.987688 0.154508
vn -0.048341 0.987688 0.148778
vn -0.071020 0.987688 0.139384
vn -0.091950 0.987688 0.126558
vn -0.110616 0.987688 0.110616
vn -0.126558 0.987688 0.091950
vn -0.139384 0.987688 0.071020
vn -0.148778 0.987688 0.048341
vn -0.154508 0.987688 0.024472
vn -0.156434 0.987688 0.000000
vn -0.154508 0.987688 -0.024472
vn -0.148778 0.987688 -0.048341
vn -0.139384 0.987688 -0.071020
vn -0.126558 0.987688 -0.091950
vn -0.110616 0.987688 -0.110616
vn -0.091950 0.987688 -0.126558
vn -0.071020 0.987688 -0.139384
vn -0.048341 0.987688 -0.148778
vn -0.024472 0.987688 -0.154508
vn -0.000000 0.987688 -0.156434
vn 0.024472 0.987688 -0.154508
vn 0.048341 0.987688 -0.148778
vn 0.071020 0.987688 -0.139384
vn 0.091950 0.987688 -0.126558
vn 0.110616 0.987688 -0.110616
vn 0.126558 0.987688 -0.091950
vn 0.139384 0.987688 -0.071020
vn 0.148778 0.987688 -0.048341
vn 0.154508 0.987688 -0.024472
vn 0.156434 0.987688 -0.000000
vn 0.309017 0.951057 0.000000
vn 0.305212 0.951057 0.048341
vn 0.293893 0.951057 0.095492
vn 0.275336 0.951057 0.140291
vn 0.250000 0.951057 0.181636
vn 0.218508 0.951057 0.218508
vn 0.181636 0.951057 0.250000
vn 0.140291 0.951057 0.275336
vn 0.095492 0.951057 0.293893
vn 0.048341 0.951057 0.305212
vn 0.000000 0.951057 0.309017
vn -0.048341 0.951057 0.305212
vn -0.095492 0.951057 0.293893
vn -0.140291 0.951057 0.275336
vn -0.181636 0.951057 0.250000
vn -0.218508 0.951057 0.218508
vn -0.250000 0.951057 0.181636
vn -0.275336 0.951057 0.140291
vn -0.293893 0.951057 0.095492
vn -0.305212 0.951057 0.048341
vn -0.309017 0.951057 0.000000
vn -0.305212 0.951057 -0.048341
vn -0.293893 0.951057 -0.095492
vn -0.275336 0.951057 -0.140291
vn -0.250000 0.951057 -0.181636
vn -0.218508 0.951057 -0.218508
vn -0.181636 0.951057 -0.250000
vn -0.140291 0.951057 -0.275336
vn -0.095492 0.951057 -0.293893
vn -0.048341 0.951057 -0.305212
vn -0.000000 0.951057 -0.309017
vn 0.048341 0.951057 -0.305212
vn 0.095492 0.951057 -0.293893
vn 0.140291 0.951057 -0.275336
vn 0.181636 0.951057 -0.250000
vn 0.218508 0.951057 -0.218508
vn 0.250000 0.951057 -0.181636
vn 0.275336 0.951057 -0.140291
vn 0.293893 0.951057 -0.095492
vn 0.305212 0.951057 -0.048341
vn 0.309017 0.951057 -0.000000
vn 0.453990 0.891007 0.000000
vn 0.448401 0.891007 0.071020
vn 0.431771 0.891007 0.140291
vn 0.404508 0.891007 0.206107
vn 0.367286 0.891007 0.266849
vn 0.321020 0.891007 0.321020
vn 0.266849 0.891007 0.367286
vn 0.206107 0.891007 0.404508
vn 0.140291 0.891007 0.431771
vn 0.071020 0.891007 0.448401
vn 0.000000 0.891007 0.453990
vn -0.071020 0.891007 0.448401
vn -0.140291 0.891007 0.431771
vn -0.206107 0.891007 0.404508
vn -0.266849 0.891007 0.367286
vn -0.321020 0.891007 0.321020
vn -0.367286 0.891007 0.266849
vn -0.404508 0.891007 0.206107
vn -0.431771 0.891007 0.140291
vn -0.448401 0.891007 0.071020
vn -0.453990 0.891007 0.000000
vn -0.448401 0.891007 -0.071020
vn -0.431771 0.891007 -0.140291
vn -0.404508 0.891007 -0.206107
vn -0.367286 0.891007 -0.266849
vn -0.321020 0.891007 -0.321020
vn -0.266849 0.891007 -0.367286
vn -0.206107 0.891007 -0.404508
vn -0.140291 0.891007 -0.431771
vn -0.071020 0.891007 -0.448401
vn -0.000000 0.891007 -0.453990
vn 0.071020 0.891007 -0.448401
vn 0.140291 0.891007 -0.431771
vn 0.206107 0.891007 -0.404508
vn 0.266849 0.891007 -0.367286
vn 0.321020 0.891007 -0.321020
vn 0.367286 0.891007 -0.266849
vn 0.404508 0.891007 -0.206107
vn 0.431771 0.891007 -0.140291
vn 0.448401 0.891007 -0.071020
vn 0.453990 0.891007 -0.000000
vn 0.587785 0.809017 0.000000
vn 0.580549 0.809017 0.091950
vn 0.559017 0.809017 0.181636
vn 0.523720 0.809017 0.266849
vn 0.475528 0.809017 0.345492
vn 0.415627 0.809017 0.415627
vn 0.345492 0.809017 0.475528
vn 0.266849 0.809017 0.523720
vn 0.181636 0.809017 0.559017
vn 0.091950 0.809017 0.580549
vn 0.000000 0.809017 0.587785
vn -0.091950 0.809017 0.580549
vn -0.181636 0.809017 0.559017
vn -0.266849 0.809017 0.523720
vn -0.345492 0.809017 0.475528
vn -0.415627 0.809017 0.415627
vn -0.475528 0.809017 0.345492
vn -0.523720 0.809017 0.266849
vn -0.559017 0.809017 0.181636
vn -0.580549 0.809017 0.091950
vn -0.587785 0.809017 0.000000
vn -0.580549 0.809017 -0.091950
vn -0.559017 0.809017 -0.181636
vn -0.523720 0.809017 -0.266849
vn -0.475528 0.809017 -0.345492
vn -0.415627 0.809017 -0.415627
vn -0.345492 0.809017 -0.475528
vn -0.266849 0.809017 -0.523720
vn -0.181636 0.809017 -0.559017
vn -0.091950 0.809017 -0.580549
vn -0.000000 0.809017 -0.587785
vn 0.091950 0.809017 -0.580549
vn 0.181636 0.809017 -0.559017
vn 0.266849 0.809017 -0.523720
vn 0.345492 0.809017 -0.475528
vn 0.415627 0.809017 -0.415627
vn 0.475528 0.809017 -0.345492
vn 0.523720 0.809017 -0.266849
vn 0.559017 0.809017 -0.181636
vn 0.580549 0.809017 -0.091950
vn 0.587785 0.809017 -0.000000
vn 0.707107 0.707107 0.000000
vn 0.698401 0.707107 0.110616
vn 0.672499 0.707107 0.218508
vn 0.630037 0.707107 0.321020
vn 0.572061 0.707107 0.415627
vn 0.500000 0.707107 0.500000
vn 0.415627 0.707107 0.572061
vn 0.321020 0.707107 0.630037
vn 0.218508 0.707107 0.672499
vn 0.110616 0.707107 0.698401
vn 0.000000 0.707107 0.707107
vn -0.110616 0.707107 0.698401
vn -0.218508 0.707107 0.672499
vn -0.321020 0.707107 0.630037
vn -0.415627 0.707107 0.572061
vn -0.500000 0.707107 0.500000
vn -0.572061 0.707107 0.415627
vn -0.630037 0.707107 0.321020
vn -0.672499 0.707107 0.218508
vn -0.698401 0.707107 0.110616
vn -0.707107 0.707107 0.000000
vn -0.698401 0.707107 -0.110616
vn -0.672499 0.707107 -0.218508
vn -0.630037 0.707107 -0.321020
vn -0.572061 0.707107 -0.415627
vn -0.500000 0.707107 -0.500000
vn -0.415627 0.707107 -0.572061
vn -0.321020 0.707107 -0.630037
vn -0.218508 0.707107 -0.672499
vn -0.110616 0.707107 -0.698401
vn -0.000000 0.707107 -0.707107
vn 0.110616 0.707107 -0.698401
vn 0.218508 0.707107 -0.672499
vn 0.321020 0.707107 -0.630037
vn 0.415627 0.707107 -0.572061
vn 0.500000 0.707107 -0.500000
vn 0.572061 0.707107 -0.415627
vn 0.630037 0.707107 -0.321020
vn 0.672499 0.707107 -0.218508
vn 0.698401 0.707107 -0.110616
vn 0.707107 0.707107 -0.000000
vn 0.809017 0.587785 0.000000
vn 0.799057 0.587785 0.126558
vn 0.769421 0.587785 0.250000
vn 0.720839 0.587785 0.367286
vn 0.654508 0.587785 0.475528
vn 0.572061 0.587785 0.572061
vn 0.475528 0.587785 0.654508
vn 0.367286 0.587785 0.720839
vn 0.250000 0.587785 0.769421
vn 0.126558 0.587785 0.799057
vn 0.000000 0.587785 0.809017
vn -0.126558 0.587785 0.799057
vn -0.250000 0.587785 0.769421
vn -0.367286 0.587785 0.720839
vn -0.475528 0.587785 0.654508
vn -0.572061 0.587785 0.572061
vn -0.654508 0.587785 0.475528
vn -0.720839 0.587785 0.367286
vn -0.769421 0.587785 0.250000
vn -0.799057 0.587785 0.126558
vn -0.809017 0.587785 0.000000
vn -0.799057 0.587785 -0.126558
vn -0.769421 0.587785 -0.250000
vn -0.720839 0.587785 -0.367286
vn -0.654508 0.587785 -0.475528
vn -0.572061 0.587785 -0.572061
vn -0.475528 0.587785 -0.654508
vn -0.367286 0.587785 -0.720839
vn -0.250000 0.587785 -0.769421
vn -0.126558 0.587785 -0.799057
vn -0.000000 0.587785 -0.809017
vn 0.126558 0.587785 -0.799057
vn 0.250000 0.587785 -0.769421
vn 0.367286 0.587785 -0.720839
vn 0.475528 0.587785 -0.654508
vn 0.572061 0.587785 -0.572061
vn 0.654508 0.587785 -0.475528
vn 0.720839 0.587785 -0.367286
vn 0.769421 0.587785 -0.250000
vn 0.799057 0.587785 -0.126558
vn 0.809017 0.587785 -0.000000
vn 0.891007 0.453990 0.000000
vn 0.880037 0.453990 0.139384
vn 0.847398 0.453990 0.275336
vn 0.793893 0.453990 0.404508
vn 0.720839 0.453990 0.523720
vn 0.630037 0.453990 0.630037
vn 0.523720 0.453990 0.720839
vn 0.404508 0.453990 0.793893
vn 0.275336 0.453990 0.847398
vn 0.139384 0.453990 0.880037
vn 0.000000 0.453990 0.891007
vn -0.139384 0.453990 0.880037
vn -0.275336 0.453990 0.847398
vn -0.404508 0.453990 0.793893
vn -0.523720 0.453990 0.720839
vn -0.630037 0.453990 0.630037
vn -0.720839 0.453990 0.523720
vn -0.793893 0.453990 0.404508
vn -0.847398 0.453990 0.275336
vn -0.880037 0.453990 0.139384
vn -0.891007 0.453990 0.000000
vn -0.880037 0.453990 -0.139384
vn -0.847398 0.453990 -0.275336
vn -0.793893 0.453990 -0.404508
vn -0.720839 0.453990 -0.523720
vn -0.630037 0.453990 -0.630037
vn -0.523720 0.453990 -0.720839
vn -0.404508 0.453990 -0.793893
vn -0.275336 0.453990 -0.847398
vn -0.139384 0.453990 -0.880037
vn -0.000000 0.453990 -0.891007
vn 0.139384 0.453990 -0.880037
vn 0.275336 0.453990 -0.847398
vn 0.404508 0.453990 -0.793893
vn 0.523720 0.453990 -0.720839
vn 0.630037 0.453990 -0.630037
vn 0.720839 0.453990 -0.523720
vn 0.793893 0.453990 -0.404508
vn 0.847398 0.453990 -0.275336
vn 0.880037 0.453990 -0.139384
vn 0.891007 0.453990 -0.000000
vn 0.951057 0.309017 0.000000
vn 0.939347 0.309017 0.148778
vn 0.904508 0.309017 0.293893
vn 0.847398 0.309017 0.431771
vn 0.769421 0.309017 0.559017
vn 0.672499 0.309017 0.672499
vn 0.559017 0.309017 0.769421
vn 0.431771 0.309017 0.847398
vn 0.293893 0.309017 0.904508
vn 0.148778 0.309017 0.939347
vn 0.000000 0.309017 0.951057
vn -0.148778 0.309017 0.939347
vn -0.293893 0.309017 0.904508
vn -0.431771 0.309017 0.847398
vn -0.559017 0.309017 0.769421
vn -0.672499 0.309017 0.672499
vn -0.769421 0.309017 0.559017
vn -0.847398 0.309017 0.431771
vn -0.904508 0.309017 0.293893
vn -0.939347 0.309017 0.148778
vn -0.951057 0.309017 0.000000
vn -0.939347 0.309017 -0.148778
vn -0.904508 0.309017 -0.293893
vn -0.847398 0.309017 -0.431771
vn -0.769421 0.309017 -0.559017
vn -0.672499 0.309017 -0.672499
vn -0.559017 0.309017 -0.769421
vn -0.431771 0.309017 -0.847398
vn -0.293893 0.309017 -0.904508
vn -0.148778 0.309017 -0.939347
vn -0.000000 0.309017 -0.951057
vn 0.148778 0.309017 -0.939347
vn 0.293893 0.309017 -0.904508
vn 0.431771 0.309017 -0.847398
vn 0.559017 0.309017 -0.769421
vn 0.672499 0.309017 -0.672499
vn 0.769421 0.309017 -0.559017
vn 0.847398 0.309017 -0.431771
vn 0.904508 0.309017 -0.293893
vn 0.939347 0.309017 -0.148778
vn 0.951057 0.309017 -0.000000
vn 0.987688 0.156434 0.000000
vn 0.975528 0.156434 0.154508
vn 0.939347 0.156434 0.305212
vn 0.880037 0.156434 0.448401
vn 0.799057 0.156434 0.580549
vn 0.698401 0.156434 0.698401
vn 0.580549 0.156434 0.799057
vn 0.448401 0.156434 0.880037
vn 0.305212 0.156434 0.939347
vn 0.154508 0.156434 0.975528
vn 0.000000 0.156434 0.987688
vn -0.154508 0.156434 0.975528
vn -0.305212 0.156434 0.939347
vn -0.448401 0.156434 0.880037
vn -0.580549 0.156434 0.799057
vn -0.698401 0.156434 0.698401
vn -0.799057 0.156434 0.580549
vn -0.880037 0.156434 0.448401
vn -0.939347 0.156434 0.305212
vn -0.975528 0.156434 0.154508
vn -0.987688 0.156434 0.000000
vn -0.975528 0.156434 -0.154508
vn -0.939347 0.156434 -0.305212
vn -0.880037 0.156434 -0.448401
vn -0.799057 0.156434 -0.580549
vn -0.698401 0.156434 -0.698401
vn -0.580549 0.156434 -0.799057
vn -0.448401 0.156434 -0.880037
vn -0.305212 0.156434 -0.939347
vn -0.154508 0.156434 -0.975528
vn -0.000000 0.156434 -0.987688
vn 0.154508 0.156434 -0.975528
vn 0.305212 0.156434 -0.939347
vn 0.448401 0.156434 -0.880037
vn 0.580549 0.156434 -0.799057
vn 0.698401 0.156434 -0.698401
vn 0.799057 0.156434 -0.580549
vn 0.880037 0.156434 -0.448401
vn 0.939347 0.156434 -0.305212
vn 0.975528 0.156434 -0.154508
vn 0.987688 0.156434 -0.000000
vn 1.000000 0.000000 0.000000
vn 0.987688 0.000000 0.156434
vn 0.951057 0.000000 0.309017
vn 0.891007 0.000000 0.453990
vn 0.809017 0.000000 0.587785
vn 0.707107 0.000000 0.707107
vn 0.587785 0.000000 0.809017
vn 0.453990 0.000000 0.891007
vn 0.309017 0.000000 0.951057
vn 0.156434 0.000000 0.987688
vn 0.000000 0.000000 1.000000
vn -0.156434 0.000000 0.987688
vn -0.309017 0.000000 0.951057
vn -0.453990 0.000000 0.891007
vn -0.587785 0.000000 0.809017
vn -0.707107 0.000000 0.707107
vn -0.809017 0.000000 0.587785
vn -0.891007 0.000000 0.453990
vn -0.951057 0.000000 0.309017
vn -0.987688 0.000000 0.156434
vn -1.000000 0.000000 0.000000
vn -0.987688 0.000000 -0.156434
vn -0.951057 0.000000 -0.309017
vn -0.891007 0.000000 -0.453990
vn -0.809017 0.000000 -0.587785
vn -0.707107 0.000000 -0.707107
vn -0.587785 0.000000 -0.809017
vn -0.453990 0.000000 -0.891007
vn -0.309017 0.000000 -0.951057
vn -0.156434 0.000000 -0.987688
vn -0.000000 0.000000 -1.000000
vn 0.156434 0.000000 -0.987688
vn 0.309017 0.000000 -0.951057
vn 0.453990 0.000000 -0.891007
vn 0.587785 0.000000 -0.809017
vn 0.707107 0.000000 -0.707107
vn 0.809017 0.000000 -0.587785
vn 0.891007 0.000000 -0.453990
vn 0.951057 0.000000 -0.309017
vn 0.987688 0.000000 -0.156434
vn 1.000000 0.000000 -0.000000
vn 0.987688 -0.156434 0.000000
vn 0.975528 -0.156434 0.154508
vn 0.939347 -0.156434 0.305212
vn 0.880037 -0.156434 0.448401
vn 0.799057 -0.156434 0.580549
vn 0.698401 -0.156434 0.698401
vn 0.580549 -0.156434 0.799057
vn 0.448401 -0.156434 0.880037
vn 0.305212 -0.156434 0.939347
vn 0.154508 -0.156434 0.975528
vn 0.000000 -0.156434 0.987688
vn -0.154508 -0.156434 0.975528
vn -0.305212 -0.156434 0.939347
vn -0.448401 -0.156434 0.880037
vn -0.580549 -0.156434 0.799057
vn -0.698401 -0.156434 0.698401
vn -0.799057 -0.156434 0.580549
vn -0.880037 -0.156434 0.448401
vn -0.939347 -0.156434 0.305212
vn -0.975528 -0.156434 0.154508
vn -0.987688 -0.156434 0.000000
vn -0.975528 -0.156434 -0.154508
vn -0.939347 -0.156434 -0.305212
vn -0.880037 -0.156434 -0.448401
vn -0.799057 -0.156434 -0.580549
vn -0.698401 -0.156434 -0.698401
vn -0.580549 -0.156434 -0.799057
vn -0.448401 -0.156434 -0.880037
vn -0.305212 -0.156434 -0.939347
vn -0.154508 -0.156434 -0.975528
vn -0.000000 -0.156434 -0.987688
vn 0.154508 -0.156434 -0.975528
vn 0.305212 -0.156434 -0.939347
vn 0.448401 -0.156434 -0.880037
vn 0.580549 -0.156434 -0.799057
vn 0.698401 -0.156434 -0.698401
vn 0.799057 -0.156434 -0.580549
vn 0.880037 -0.156434 -0.448401
vn 0.939347 -0.156434 -0.305212
vn 0.975528 -0.156434 -0.154508
vn 0.987688 -0.156434 -0.000000
vn 0.951057 -0.309017 0.000000
vn 0.939347 -0.309017 0.148778
vn 0.904508 -0.309017 0.293893
vn 0.847398 -0.309017 0.431771
vn 0.769421 -0.309017 0.559017
vn 0.672499 -0.309017 0.672499
vn 0.559017 -0.309017 0.769421
vn 0.431771 -0.309017 0.847398
vn 0.293893 -0.309017 0.904508
vn 0.148778 -0.309017 0.939347
vn 0.000000 -0.309017 0.951057
vn -0.148778 -0.309017 0.939347
vn -0.293893 -0.309017 0.904508
vn -0.431771 -0.309017 0.847398
vn -0.559017 -0.309017 0.769421
vn -0.672499 -0.309017 0.672499
vn -0.769421 -0.309017 0.559017
vn -0.847398 -0.309017 0.431771
vn -0.904508 -0.309017 0.293893
vn -0.939347 -0.309017 0.148778
vn -0.951057 -0.309017 0.000000
vn -0.939347 -0.309017 -0.148778
vn -0.904508 -0.309017 -0.293893
vn -0.847398 -0.309017 -0.431771
vn -0.769421 -0.309017 -0.559017
vn -0.672499 -0.309017 -0.672499
vn -0.559017 -0.309017 -0.769421
vn -0.431771 -0.309017 -0.847398
vn -0.293893 -0.309017 -0.904508
vn -0.148778 -0.309017 -0.939347
vn -0.000000 -0.309017 -0.951057
vn 0.148778 -0.309017 -0.939347
vn 0.293893 -0.309017 -0.904508
vn 0.431771 -0.309017 -0.847398
vn 0.559017 -0.309017 -0.769421
vn 0.672499 -0.309017 -0.672499
vn 0.769421 -0.309017 -0.559017
vn 0.847398 -0.309017 -0.431771
vn 0.904508 -0.309017 -0.293893
vn 0.939347 -0.309017 -0.148778
vn 0.951057 -0.309017 -0.000000
vn 0.891007 -0.453990 0.000000
vn 0.880037 -0.453990 0.139384
vn 0.847398 -0.453990 0.275336
vn 0.793893 -0.453990 0.404508
vn 0.720839 -0.453990 0.523720
vn 0.630037 -0.453990 0.630037
vn 0.523720 -0.453990 0.720839
vn 0.404508 -0.453990 0.793893
vn 0.275336 -0.453990 0.847398
vn 0.139384 -0.453990 0.880037
vn 0.000000 -0.453990 0.891007
vn -0.139384 -0.453990 0.880037
vn -0.275336 -0.453990 0.847398
vn -0.404508 -0.453990 0.793893
vn -0.523720 -0.453990 0.720839
vn -0.630037 -0.453990 0.630037
vn -0.720839 -0.453990 0.523720
vn -0.793893 -0.453990 0.404508
vn -0.847398 -0.453990 0.275336
vn -0.880037 -0.453990 0.139384
vn -0.891007 -0.453990 0.000000
vn -0.880037 -0.453990 -0.139384
vn -0.847398 -0.453990 -0.275336
vn -0.793893 -0.453990 -0.404508
vn -0.720839 -0.453990 -0.523720
vn -0.630037 -0.453990 -0.630037
vn -0.523720 -0.453990 -0.720839
vn -0.404508 -0.453990 -0.793893
vn -0.275336 -0.453990 -0.847398
vn -0.139384 -0.453990 -0.880037
vn -0.000000 -0.453990 -0.891007
vn 0.139384 -0.453990 -0.880037
vn 0.275336 -0.453990 -0.847398
vn 0.404508 -0.453990 -0.793893
vn 0.523720 -0.453990 -0.720839
vn 0.630037 -0.453990 -0.630037
vn 0.720839 -0.453990 -0.523720
vn 0.793893 -0.453990 -0.404508
vn 0.847398 -0.453990 -0.275336
vn 0.880037 -0.453990 -0.139384
vn 0.891007 -0.453990 -0.000000
vn 0.809017 -0.587785 0.000000
vn 0.799057 -0.587785 0.126558
vn 0.769421 -0.587785 0.250000
vn 0.720839 -0.587785 0.367286
vn 0.654508 -0.587785 0.475528
vn 0.572061 -0.587785 0.572061
vn 0.475528 -0.587785 0.654508
vn 0.367286 -0.587785 0.720839
vn 0.250000 -0.587785 0.769421
vn 0.126558 -0.587785 0.799057
vn 0.000000 -0.587785 0.809017
vn -0.126558 -0.587785 0.799057
vn -0.250000 -0.587785 0.769421
vn -0.367286 -0.587785 0.720839
vn -0.475528 -0.587785 0.654508
vn -0.572061 -0.587785 0.572061
vn -0.654508 -0.587785 0.475528
vn -0.720839 -0.587785 0.367286
vn -0.769421 -0.587785 0.250000
vn -0.799057 -0.587785 0.126558
vn -0.809017 -0.587785 0.000000
vn -0.799057 -0.587785 -0.126558
vn -0.769421 -0.587785 -0.250000
vn -0.720839 -0.587785 -0.367286
vn -0.654508 -0.587785 -0.475528
vn -0.572061 -0.587785 -0.572061
vn -0.475528 -0.587785 -0.654508
vn -0.367286 -0.587785 -0.720839
vn -0.250000 -0.587785 -0.769421
vn -0.126558 -0.587785 -0.799057
vn -0.000000 -0.587785 -0.809017
vn 0.126558 -0.587785 -0.799057
vn 0.250000 -0.587785 -0.769421
vn 0.367286 -0.587785 -0.720839
vn 0.475528 -0.587785 -0.654508
vn 0.572061 -0.587785 -0.572061
vn 0.654508 -0.587785 -0.475528
vn 0.720839 -0.587785 -0.367286
vn 0.769421 -0.587785 -0.250000
vn 0.799057 -0.587785 -0.126558
vn 0.809017 -0.587785 -0.000000
vn 0.707107 -0.707107 0.000000
vn 0.698401 -0.707107 0.110616
vn 0.672499 -0.707107 0.218508
vn 0.630037 -0.707107 0.321020
vn 0.572061 -0.707107 0.415627
vn 0.500000 -0.707107 0.500000
vn 0.415627 -0.707107 0.572061
vn 0.321020 -0.707107 0.630037
vn 0.218508 -0.707107 0.672499
vn 0.110616 -0.707107 0.698401
vn 0.000000 -0.707107 0.707107
vn -0.110616 -0.707107 0.698401
vn -0.218508 -0.707107 0.672499
vn -0.321020 -0.707107 0.630037
vn -0.415627 -0.707107 0.572061
vn -0.500000 -0.707107 0.500000
vn -0.572061 -0.707107 0.415627
vn -0.630037 -0.707107 0.321020
vn -0.672499 -0.707107 0.218508
vn -0.698401 -0.707107 0.110616
vn -0.707107 -0.707107 0.000000
vn -0.698401 -0.707107 -0.110616
vn -0.672499 -0.707107 -0.218508
vn -0.630037 -0.707107 -0.321020
vn -0.572061 -0.707107 -0.415627
vn -0.500000 -0.707107 -0.500000
vn -0.415627 -0.707107 -0.572061
vn -0.321020 -0.707107 -0.630037
vn -0.218508 -0.707107 -0.672499
vn -0.110616 -0.707107 -0.698401
vn -0.000000 -0.707107 -0.707107
vn 0.110616 -0.707107 -0.698401
vn 0.218508 -0.707107 -0.672499
vn 0.321020 -0.707107 -0.630037
vn 0.415627 -0.707107 -0.572061
vn 0.500000 -0.707107 -0.500000
vn 0.572061 -0.707107 -0.415627
vn 0.630037 -0.707107 -0.321020
vn 0.672499 -0.707107 -0.218508
vn 0.698401 -0.707107 -0.110616
vn 0.707107 -0.707107 -0.000000
vn 0.587785 -0.809017 0.000000
vn 0.580549 -0.809017 0.091950
vn 0.559017 -0.809017 0.181636
vn 0.523720 -0.809017 0.266849
vn 0.475528 -0.809017 0.345492
vn 0.415627 -0.809017 0.415627
vn 0.345492 -0.809017 0.475528
vn 0.266849 -0.809017 0.523720
vn 0.181636 -0.809017 0.559017
vn 0.091950 -0.809017 0.580549
vn 0.000000 -0.809017 0.587785
vn -0.091950 -0.809017 0.580549
vn -0.181636 -0.809017 0.559017
vn -0.266849 -0.809017 0.523720
vn -0.345492 -0.809017 0.475528
vn -0.415627 -0.809017 0.415627
vn -0.475528 -0.809017 0.345492
vn -0.523720 -0.809017 0.266849
vn -0.559017 -0.809017 0.181636
vn -0.580549 -0.809017 0.091950
vn -0.587785 -0.809017 0.000000
vn -0.580549 -0.809017 -0.091950
vn -0.559017 -0.809017 -0.181636
vn -0.523720 -0.809017 -0.266849
vn -0.475528 -0.809017 -0.345492
vn -0.415627 -0.809017 -0.415627
vn -0.345492 -0.809017 -0.475528
vn -0.266849 -0.809017 -0.523720
vn -0.181636 -0.809017 -0.559017
vn -0.091950 -0.809017 -0.580549
vn -0.000000 -0.809017 -0.587785
vn 0.091950 -0.809017 -0.580549
vn 0.181636 -0.809017 -0.559017
vn 0.266849 -0.809017 -0.523720
vn 0.345492 -0.809017 -0.475528
vn 0.415627 -0.809017 -0.415627
vn 0.475528 -0.809017 -0.345492
vn 0.523720 -0.809017 -0.266849
vn 0.559017 -0.809017 -0.181636
vn 0.580549 -0.809017 -0.091950
vn 0.587785 -0.809017 -0.000000
vn 0.453990 -0.891007 0.000000
vn 0.448401 -0.891007 0.071020
vn 0.431771 -0.891007 0.140291
vn 0.404508 -0.891007 0.206107
vn 0.367286 -0.891007 0.266849
vn 0.321020 -0.891007 0.321020
vn 0.266849 -0.891007 0.367286
vn 0.206107 -0.891007 0.404508
vn 0.140291 -0.891007 0.431771
vn 0.071020 -0.891007 0.448401
vn 0.000000 -0.891007 0.453990
vn -0.071020 -0.891007 0.448401
vn -0.140291 -0.891007 0.431771
vn -0.206107 -0.891007 0.404508
vn -0.266849 -0.891007 0.367286
vn -0.321020 -0.891007 0.321020
vn -0.367286 -0.891007 0.266849
vn -0.404508 -0.891007 0.206107
vn -0.431771 -0.891007 0.140291
vn -0.448401 -0.891007 0.071020
vn -0.453990 -0.891007 0.000000
vn -0.448401 -0.891007 -0.071020
vn -0.431771 -0.891007 -0.140291
vn -0.404508 -0.891007 -0.206107
vn -0.367286 -0.891007 -0.266849
vn -0.321020 -0.891007 -0.321020
vn -0.266849 -0.891007 -0.367286
vn -0.206107 -0.891007 -0.404508
vn -0.140291 -0.891007 -0.431771
vn -0.071020 -0.891007 -0.448401
vn -0.000000 -0.891007 -0.453990
vn 0.071020 -0.891007 -0.448401
vn 0.140291 -0.891007 -0.431771
vn 0.206107 -0.891007 -0.404508
vn 0.266849 -0.891007 -0.367286
vn 0.321020 -0.891007 -0.321020
vn 0.367286 -0.891007 -0.266849
vn 0.404508 -0.891007 -0.206107
vn 0.431771 -0.891007 -0.140291
vn 0.448401 -0.891007 -0.071020
vn 0.453990 -0.891007 -0.000000
vn 0.309017 -0.951057 0.000000
vn 0.305212 -0.951057 0.048341
vn 0.293893 -0.951057 0.095492
vn 0.275336 -0.951057 0.140291
vn 0.250000 -0.951057 0.181636
vn 0.218508 -0.951057 0.218508
vn 0.181636 -0.951057 0.250000
vn 0.140291 -0.951057 0.275336
vn 0.095492 -0.951057 0.293893
vn 0.048341 -0.951057 0.305212
vn 0.000000 -0.951057 0.309017
vn -0.048341 -0.951057 0.305212
vn -0.095492 -0.951057 0.293893
vn -0.140291 -0.951057 0.275336
vn -0.181636 -0.951057 0.250000
vn -0.218508 -0.951057 0.218508
vn -0.250000 -0.951057 0.181636
vn -0.275336 -0.951057 0.140291
vn -0.293893 -0.951057 0.095492
vn -0.305212 -0.951057 0.048341
vn -0.309017 -0.951057 0.000000
vn -0.305212 -0.951057 -0.048341
vn -0.293893 -0.951057 -0.095492
vn -0.275336 -0.951057 -0.140291
vn -0.250000 -0.951057 -0.181636
vn -0.218508 -0.951057 -0.218508
vn -0.181636 -0.951057 -0.250000
vn -0.140291 -0.951057 -0.275336
vn -0.095492 -0.951057 -0.293893
vn -0.048341 -0.951057 -0.305212
vn -0.000000 -0.951057 -0.309017
vn 0.048341 -0.951057 -0.305212
vn 0.095492 -0.951057 -0.293893
vn 0.140291 -0.951057 -0.275336
vn 0.181636 -0.951057 -0.250000
vn 0.218508 -0.951057 -0.218508
vn 0.250000 -0.951057 -0.181636
vn 0.275336 -0.951057 -0.140291
vn 0.293893 -0.951057 -0.095492
vn 0.305212 -0.951057 -0.048341
vn 0.309017 -0.951057 -0.000000
vn 0.156434 -0.987688 0.000000
vn 0.154508 -0.987688 0.024472
vn 0.148778 -0.987688 0.048341
vn 0.139384 -0.987688 0.071020
vn 0.126558 -0.987688 0.091950
vn 0.110616 -0.987688 0.110616
vn 0.091950 -0.987688 0.126558
vn 0.071020 -0.987688 0.139384
vn 0.048341 -0.987688 0.148778
vn 0.024472 -0.987688 0.154508
vn 0.000000 -0.987688 0.156434
vn -0.024472 -0.987688 0.154508
vn -0.048341 -0.987688 0.148778
vn -0.071020 -0.987688 0.139384
vn -0.091950 -0.987688 0.126558
vn -0.110616 -0.987688 0.110616
vn -0.126558 -0.987688 0.091950
vn -0.139384 -0.987688 0.071020
vn -0.148778 -0.987688 0.048341
vn -0.154508 -0.987688 0.024472
vn -0.156434 -0.987688 0.000000
vn -0.154508 -0.987688 -0.024472
vn -0.148778 -0.987688 -0.048341
vn -0.139384 -0.987688 -0.071020
vn -0.126558 -0.987688 -0.091950
vn -0.110616 -0.987688 -0.110616
vn -0.091950 -0.987688 -0.126558
vn -0.071020 -0.987688 -0.139384
vn -0.048341 -0.987688 -0.148778
vn -0.024472 -0.987688 -0.154508
vn -0.000000 -0.987688 -0.156434
vn 0.024472 -0.987688 -0.154508
vn 0.048341 -0.987688 -0.148778
vn 0.071020 -0.987688 -0.139384
vn 0.091950 -0.987688 -0.126558
vn 0.110616 -0.987688 -0.110616
vn 0.126558 -0.987688 -0.091950
vn 0.139384 -0.987688 -0.071020
vn 0.148778 -0.987688 -0.048341
vn 0.154508 -0.987688 -0.024472
vn 0.156434 -0.987688 -0.000000
vn 0.000000 -1.000000 0.000000
vn 0.000000 -1.000000 0.000000
vn 0.000000 -1.000000 0.000000
vn 0.000000 -1.000000 0.000000
vn 0.000000 -1.000000 0.000000
vn 0.000000 -1.000000 0.000000
vn 0.000000 -1.000000 0.000000
vn 0.000000 -1.000000 0.000000
vn 0.000000 -1.000000 0.000000
vn 0.000000 -1.000000 0.000000
vn 0.000000 -1.000000 0.000000
vn -0.000000 -1.000000 0.000000
vn -0.000000 -1.000000 0.000000
vn -0.000000 -1.000000 0.000000
vn -0.000000 -1.000000 0.000000
vn -0.000000 -1.000000 0.000000
vn -0.000000 -1.000000 0.000000
vn -0.000000 -1.000000 0.000000
vn -0.000000 -1.000000 0.000000
vn -0.000000 -1.000000 0.000000
vn -0.000000 -1.000000 0.000000
vn -0.000000 -1.000000 -0.000000
vn -0.000000 -1.000000 -0.000000
vn -0.000000 -1.000000 -0.000000
vn -0.000000 -1.000000 -0.000000
vn -0.000000 -1.000000 -0.000000
vn -0.000000 -1.000000 -0.000000
vn -0.000000 -1.000000 -0.000000
vn -0.000000 -1.000000 -0.000000
vn -0.000000 -1.000000 -0.000000
vn -0.000000 -1.000000 -0.000000
vn 0.000000 -1.000000 -0.000000
vn 0.000000 -1.000000 -0.000000
vn 0.000000 -1.000000 -0.000000
vn 0.000000 -1.000000 -0.000000
vn 0.000000 -1.000000 -0.000000
vn 0.000000 -1.000000 -0.000000
vn 0.000000 -1.000000 -0.000000
vn 0.000000 -1.000000 -0.000000
vn 0.000000 -1.000000 -0.000000
vn 0.000000 -1.000000 -0.000000
usemtl floor
f 1//1 2//1 3//1
f 1//1 3//1 4//1
usemtl copper
f 5//2 34//31 6//3
f 34//31 35//32 6//3
f 6//3 35//32 7//4
f 35//32 36//33 7//4
f 7//4 36//33 8//5
f 36//33 37//34 8//5
f 8//5 37//34 9//6
f 37//34 38//35 9//6
f 9//6 38//35 10//7
f 38//35 39//36 10//7
f 10//7 39//36 11//8
f 39//36 40//37 11//8
f 11//8 40//37 12//9
f 40//37 41//38 12//9
f 12//9 41//38 13//10
f 41//38 42//39 13//10
f 13//10 42//39 14//11
f 42//39 43//40 14//11
f 14//11 43//40 15//12
f 43//40 44//41 15//12
f 15//12 44//41 16//13
f 44//41 45//42 16//13
f 16//13 45//42 17//14
f 45//42 46//43 17//14
f 17//14 46//43 18//15
f 46//43 47//44 18//15
f 18//15 47//44 19//16
f 47//44 48//45 19//16
f 19//16 48//45 20//17
f 48//45 49//46 20//17
f 20//17 49//46 21//18
f 49//46 50//47 21//18
f 21//18 50//47 22//19
f 50//47 51//48 22//19
f 22//19 51//48 23//20
f 51//48 52//49 23//20
f 23//20 52//49 24//21
f 52//49 53//50 24//21
f 24//21 53//50 25//22
f 53//50 54//51 25//22
f 25//22 54//51 26//23
f 54//51 55//52 26//23
f 26//23 55//52 27//24
f 55//52 56//53 27//24
f 27//24 56//53 28//25
f 56//53 57//54 28//25
f 28//25 57//54 29//26
f 57//54 58//55 29//26
f 29//26 58//55 30//27
f 58//55 59//56 30//27
f 30//27 59//56 31//28
f 59//56 60//57 31//28
f 31//28 60//57 32//29
f 60//57 61//58 32//29
f 32//29 61//58 33//30
f 61//58 62//59 33//30
f 34//31 63//60 35//32
f 63//60 64//61 35//32
f 35//32 64//61 36//33
f 64//61 65//62 36//33
f 36//33 65//62 37//34
f 65//62 66//63 37//34
f 37//34 66//63 38//35
f 66//63 67//64 38//35
f 38//35 67//64 39//36
f 67//64 68//65 39//36
f 39//36 68//65 40//37
f 68//65 69//66 40//37
f 40//37 69//66 41//38
f 69//66 70//67 41//38
f 41//38 70//67 42//39
f 70//67 71//68 42//39
f 42//39 71//68 43//40
f 71//68 72//69 43//40
f 43//40 72//69 44//41
f 72//69 73//70 44//41
f 44//41 73//70 45//42
f 73//70 74//71 45//42
f 45//42 74//71 46//43
f 74//71 75//72 46//43
f 46//43 75//72 47//44
f 75//72 76//73 47//44
f 47//44 76//73 48//45
f 76//73 77//74 48//45
f 48//45 77//74 49//46
f 77//74 78//75 49//46
f 49//46 78//75 50//47
f 78//75 79//76 50//47
f 50//47 79//76 51//48
f 79//76 80//77 51//48
f 51//48 80//77 52//49
f 80//77 81//78 52//49
f 52//49 81//78 53//50
f 81//78 82//79 53//50
f 53//50 82//79 54//51
f 82//79 83//80 54//51
f 54//51 83//80 55//52
f 83//80 84//81 55//52
f 55//52 84//81 56//53
f 84//81 85//82 56//53
f 56//53 85//82 57//54
f 85//82 86//83 57//54
f 57//54 86//83 58//55
f 86//83 87//84 58//55
f 58//55 87//84 59//56
f 87//84 88//85 59//56
f 59//56 88//85 60//57
f 88//85 89//86 60//57
f 60//57 89//86 61//58
f 89//86 90//87 61//58
f 61//58 90//87 62//59
f 90//87 91//88 62//59
f 63//60 92//89 64//61
f 92//89 93//90 64//61
f 64//61 93//90 65//62
f 93//90 94//91 65//62
f 65//62 94//91 66//63
f 94//91 95//92 66//63
f 66//63 95//92 67//64
f 95//92 96//93 67//64
f 67//64 96//93 68//65
f 96//93 97//94 68//65
f 68//65 97//94 69//66
f 97//94 98//95 69//66
f 69//66 98//95 70//67
f 98//95 99//96 70//67
f 70//67 99//96 71//68
f 99//96 100//97 71//68
f 71//68 100//97 72//69
f 100//97 101//98 72//69
f 72//69 101//98 73//70
f 101//98 102//99 73//70
f 73//70 102//99 74//71
f 102//99 103//100 74//71
f 74//71 103//100 75//72
f 103//100 104//101 75//72
f 75//72 104//101 76//73
f 104//101 105//102 76//73
f 76//73 105//102 77//74
f 105//102 106//103 77//74
f 77//74 106//103 78//75
f 106//103 107//104 78//75
f 78//75 107//104 79//76
f 107//104 108//105 79//76
f 79//76 108//105 80//77
f 108//105 109//106 80//77
f 80//77 109//106 81//78
f 109//106 110//107 81//78
f 81//78 110//107 82//79
f 110//107 111//108 82//79
f 82//79 111//108 83//80
f 111//108 112//109 83//80
f 83//80 112//109 84//81
f 112//109 113//110 84//81
f 84//81 113//110 85//82
f 113//110 114//111 85//82
f 85//82 114//111 86//83
f 114//111 115//112 86//83
f 86//83 115//112 87//84
f 115//112 116//113 87//84
f 87//84 116//113 88//85
f 116//113 117//114 88//85
f 88//85 117//114 89//86
f 117//114 118//115 89//86
f 89//86 118//115 90//87
f 118//115 119//116 90//87
f 90//87 119//116 91//88
f 119//116 120//117 91//88
f 92//89 121//118 93//90
f 121//118 122//119 93//90
f 93//90 122//119 94//91
f 122//119 123//120 94//91
f 94//91 123//120 95//92
f 123//120 124//121 95//92
f 95//92 124//121 96//93
f 124//121 125//122 96//93
f 96//93 125//122 97//94
f 125//122 126//123 97//94
f 97//94 126//123 98//95
f 126//123 127//124 98//95
f 98//95 127//124 99//96
f 127//124 128//125 99//96
f 99//96 128//125 100//97
f 128//125 129//126 100//97
f 100//97 129//126 101//98
f 129//126 130//127 101//98
f 101//98 130//127 102//99
f 130//127 131//128 102//99
f 102//99 131//128 103//100
f 131//128 132//129 103//100
f 103//100 132//129 104//101
f 132//129 133//130 104//101
f 104//101 133//130 105//102
f 133//130 134//131 105//102
f 105//102 134//131 106//103
f 134//131 135//132 106//103
f 106//103 135//132 107//104
f 135//132 136//133 107//104
f 107//104 136//133 108//105
f 136//133 137//134 108//105
f 108//105 137//134 109//106
f 137//134 138//135 109//106
f 109//106 138//135 110//107
f 138//135 139//136 110//107
f 110//107 139//136 111//108
f 139//136 140//137 111//108
f 111//108 140//137 112//109
f 140//137 141//138 112//109
f 112//109 141//138 113//110
f 141//138 142//139 113//110
f 113//110 142//139 114//111
f 142//139 143//140 114//111
f 114//111 143//140 115//112
f 143//140 144//141 115//112
f 115//112 144//141 116//113
f 144//141 145//142 116//113
f 116//113 145//142 117//114
f 145//142 146//143 117//114
f 117//114 146//143 118//115
f 146//143 147//144 118//115
f 118//115 147//144 119//116
f 147//144 148//145 119//116
f 119//116 148//145 120//117
f 148//145 149//146 120//117
f 121//118 150//147 122//119
f 150//147 151//148 122//119
f 122//119 151//148 123//120
f 151//148 152//149 123//120
f 123//120 152//149 124//121
f 152//149 153//150 124//121
f 124//121 153//150 125//122
f 153//150 154//151 125//122
f 125//122 154//151 126//123
f 154//151 155//152 126//123
f 126//123 155//152 127//124
f 155//152 156//153 127//124
f 127//124 156//153 128//125
f 156//153 157//154 128//125
f 128//125 157//154 129//126
f 157//154 158//155 129//126
f 129//126 158//155 130//127
f 158//155 159//156 130//127
f 130//127 159//156 131//128
f 159//156 160//157 131//128
f 131//128 160//157 132//129
f 160//157 161//158 132//129
f 132//129 161//158 133//130
f 161//158 162//159 133//130
f 133//130 162//159 134//131
f 162//159 163//160 134//131
f 134//131 163//160 135//132
f 163//160 164//161 135//132
f 135//132 164//161 136//133
f 164//161 165//162 136//133
f 136//133 165//162 137//134
f 165//162 166//163 137//134
f 137//134 166//163 138//135
f 166//163 167//164 138//135
f 138//135 167//164 139//136
f 167//164 168//165 139//136
f 139//136 168//165 140//137
f 168//165 169//166 140//137
f 140//137 169//166 141//138
f 169//166 170//167 141//138
f 141//138 170//167 142//139
f 170//167 171//168 142//139
f 142//139 171//168 143//140
f 171//168 172//169 143//140
f 143//140 172//169 144//141
f 172//169 173//170 144//141
f 144//141 173//170 145//142
f 173//170 174//171 145//142
f 145//142 174//171 146//143
f 174//171 175//172 146//143
f 146//143 175//172 147//144
f 175//172 176//173 147//144
f 147//144 176//173 148//145
f 176//173 177//174 148//145
f 148//145 177//174 149//146
f 177//174 178//175 149//146
f 150//147 179//176 151//148
f 179//176 180//177 151//148
f 151//148 180//177 152//149
f 180//177 181//178 152//149
f 152//149 181//178 153//150
f 181//178 182//179 153//150
f 153//150 182//179 154//151
f 182//179 183//180 154//151
f 154//151 183//180 155//152
f 183//180 184//181 155//152
f 155//152 184//181 156//153
f 184//181 185//182 156//153
f 156//153 185//182 157//154
f 185//182 186//183 157//154
f 157//154 186//183 158//155
f 186//183 187//184 158//155
f 158//155 187//184 159//156
f 187//184 188//185 159//156
f 159//156 188//185 160//157
f 188//185 189//186 160//157
f 160//157 189//186 161//158
f 189//186 190//187 161//158
f 161//158 190//187 162//159
f 190//187 191//188 162//159
f 162//159 191//188 163//160
f 191//188 192//189 163//160
f 163//160 192//189 164//161
f 192//189 193//190 164//161
f 164//161 193//190 165//162
f 193//190 194//191 165//162
f 165//162 194//191 166//163
f 194//191 195//192 166//163
f 166//163 195//192 167//164
f 195//192 196//193 167//164
f 167//164 196//193 168//165
f 196//193 197//194 168//165
f 168//165 197//194 169//166
f 197//194 198//195 169//166
f 169//166 198//195 170//167
f 198//195 199//196 170//167
f 170//167 199//196 171//168
f 199//196 200//197 171//168
f 171//168 200//197 172//169
f 200//197 201//198 172//169
f 172//169 201//198 173//170
f 201//198 202//199 173//170
f 173//170 202//199 174//171
f 202//199 203//200 174//171
f 174//171 203//200 175//172
f 203//200 204//201 175//172
f 175//172 204//201 176//173
f 204//201 205//202 176//173
f 176//173 205//202 177//174
f 205//202 206//203 177//174
f 177//174 206//203 178//175
f 206//203 207//204 178//175
f 179//176 208//205 180//177
f 208//205 209//206 180//177
f 180//177 209//206 181//178
f 209//206 210//207 181//178
f 181//178 210//207 182//179
f 210//207 211//208 182//179
f 182//179 211//208 183//180
f 211//208 212//209 183//180
f 183//180 212//209 184//181
f 212//209 213//210 184//181
f 184//181 213//210 185//182
f 213//210 214//211 185//182
f 185//182 214//211 186//183
f 214//211 215//212 186//183
f 186//183 215//212 187//184
f 215//212 216//213 187//184
f 187//184 216//213 188//185
f 216//213 217//214 188//185
f 188//185 217//214 189//186
f 217//214 218//215 189//186
f 189//186 218//215 190//187
f 218//215 219//216 190//187
f 190//187 219//216 191//188
f 219//216 220//217 191//188
f 191//188 220//217 192//189
f 220//217 221//218 192//189
f 192//189 221//218 193//190
f 221//218 222//219 193//190
f 193//190 222//219 194//191
f 222//219 223//220 194//191
f 194//191 223//220 195//192
f 223//220 224//221 195//192
f 195//192 224//221 196//193
f 224//221 225//222 196//193
f 196//193 225//222 197//194
f 225//222 226//223 197//194
f 197//194 226//223 198//195
f 226//223 227//224 198//195
f 198//195 227//224 199//196
f 227//224 228//225 199//196
f 199//196 228//225 200//197
f 228//225 229//226 200//197
f 200//197 229//226 201//198
f 229//226 230//227 201//198
f 201//198 230//227 202//199
f 230//227 231//228 202//199
f 202//199 231//228 203//200
f 231//228 232//229 203//200
f 203//200 232//229 204//201
f 232//229 233//230 204//201
f 204//201 233//230 205//202
f 233//230 234//231 205//202
f 205//202 234//231 206//203
f 234//231 235//232 206//203
f 206//203 235//232 207//204
f 235//232 236//233 207//204
f 208//205 237//234 209//206
f 237//234 238//235 209//206
f 209//206 238//235 210//207
f 238//235 239//236 210//207
f 210//207 239//236 211//208
f 239//236 240//237 211//208
f 211//208 240//237 212//209
f 240//237 241//238 212//209
f 212//209 241//238 213//210
f 241//238 242//239 213//210
f 213//210 242//239 214//211
f 242//239 243//240 214//211
f 214//211 243//240 215//212
f 243//240 244//241 215//212
f 215//212 244//241 216//213
f 244//241 245//242 216//213
f 216//213 245//242 217//214
f 245//242 246//243 217//214
f 217//214 246//243 218//215
f 246//243 247//244 218//215
f 218//215 247//244 219//216
f 247//244 248//245 219//216
f 219//216 248//245 220//217
f 248//245 249//246 220//217
f 220//217 249//246 221//218
f 249//246 250//247 221//218
f 221//218 250//247 222//219
f 250//247 251//248 222//219
f 222//219 251//248 223//220
f 251//248 252//249 223//220
f 223//220 252//249 224//221
f 252//249 253//250 224//221
f 224//221 253//250 225//222
f 253//250 254//251 225//222
f 225//222 254//251 226//223
f 254//251 255//252 226//223
f 226//223 255//252 227//224
f 255//252 256//253 227//224
f 227//224 256//253 228//225
f 256//253 257//254 228//225
f 228//225 257//254 229//226
f 257//254 258//255 229//226
f 229//226 258//255 230//227
f 258//255 259//256 230//227
f 230//227 259//256 231//228
f 259//256 260//257 231//228
f 231//228 260//257 232//229
f 260//257 261//258 232//229
f 232//229 261//258 233//230
f 261//258 262//259 233//230
f 233//230 262//259 234//231
f 262//259 263//260 234//231
f 234//231 263//260 235//232
f 263//260 264//261 235//232
f 235//232 264//261 236//233
f 264//261 265//262 236//233
f 237//234 266//263 238//235
f 266//263 267//264 238//235
f 238//235 267//264 239//236
f 267//264 268//265 239//236
f 239//236 268//265 240//237
f 268//265 269//266 240//237
f 240//237 269//266 241//238
f 269//266 270//267 241//238
f 241//238 270//267 242//239
f 270//267 271//268 242//239
f 242//239 271//268 243//240
f 271//268 272//269 243//240
f 243//240 272//269 244//241
f 272//269 273//270 244//241
f 244//241 273//270 245//242
f 273//270 274//271 245//242
f 245//242 274//271 246//243
f 274//271 275//272 246//243
f 246//243 275//272 247//244
f 275//272 276//273 247//244
f 247//244 276//273 248//245
f 276//273 277//274 248//245
f 248//245 277//274 249//246
f 277//274 278//275 249//246
f 249//246 278//275 250//247
f 278//275 279//276 250//247
f 250//247 279//276 251//248
f 279//276 280//277 251//248
f 251//248 280//277 252//249
f 280//277 281//278 252//249
f 252//249 281//278 253//250
f 281//278 282//279 253//250
f 253//250 282//279 254//251
f 282//279 283//280 254//251
f 254//251 283//280 255//252
f 283//280 284//281 255//252
f 255//252 284//281 256//253
f 284//281 285//282 256//253
f 256//253 285//282 257//254
f 285//282 286//283 257//254
f 257//254 286//283 258//255
f 286//283 287//284 258//255
f 258//255 287//284 259//256
f 287//284 288//285 259//256
f 259//256 288//285 260//257
f 288//285 289//286 260//257
f 260//257 289//286 261//258
f 289//286 290//287 261//258
f 261//258 290//287 262//259
f 290//287 291//288 262//259
f 262//259 291//288 263//260
f 291//288 292//289 263//260
f 263//260 292//289 264//261
f 292//289 293//290 264//261
f 264//261 293//290 265//262
f 293//290 294//291 265//262
f 266//263 295//292 267//264
f 295//292 296//293 267//264
f 267//264 296//293 268//265
f 296//293 297//294 268//265
f 268//265 297//294 269//266
f 297//294 298//295 269//266
f 269//266 298//295 270//267
f 298//295 299//296 270//267
f 270//267 299//296 271//268
f 299//296 300//297 271//268
f 271//268 300//297 272//269
f 300//297 301//298 272//269
f 272//269 301//298 273//270
f 301//298 302//299 273//270
f 273//270 302//299 274//271
f 302//299 303//300 274//271
f 274//271 303//300 275//272
f 303//300 304//301 275//272
f 275//272 304//301 276//273
f 304//301 305//302 276//273
f 276//273 305//302 277//274
f 305//302 306//303 277//274
f 277//274 306//303 278//275
f 306//303 307//304 278//275
f 278//275 307//304 279//276
f 307//304 308//305 279//276
f 279//276 308//305 280//277
f 308//305 309//306 280//277
f 280//277 309//306 281//278
f 309//306 310//307 281//278
f 281//278 310//307 282//279
f 310//307 311//308 282//279
f 282//279 311//308 283//280
f 311//308 312//309 283//280
f 283//280 312//309 284//281
f 312//309 313//310 284//281
f 284//281 313//310 285//282
f 313//310 314//311 285//282
f 285//282 314//311 286//283
f 314//311 315//312 286//283
f 286//283 315//312 287//284
f 315//312 316//313 287//284
f 287//284 316//313 288//285
f 316//313 317//314 288//285
f 288//285 317//314 289//286
f 317//314 318//315 289//286
f 289//286 318//315 290//287
f 318//315 319//316 290//287
f 290//287 319//316 291//288
f 319//316 320//317 291//288
f 291//288 320//317 292//289
f 320//317 321//318 292//289
f 292//289 321//318 293//290
f 321//318 322//319 293//290
f 293//290 322//319 294//291
f 322//319 323//320 294//291
f 295//292 324//321 296//293
f 324//321 325//322 296//293
f 296//293 325//322 297//294
f 325//322 326//323 297//294
f 297//294 326//323 298//295
f 326//323 327//324 298//295
f 298//295 327//324 299//296
f 327//324 328//325 299//296
f 299//296 328//325 300//297
f 328//325 329//326 300//297
f 300//297 329//326 301//298
f 329//326 330//327 301//298
f 301//298 330//327 302//299
f 330//327 331//328 302//299
f 302//299 331//328 303//300
f 331//328 332//329 303//300
f 303//300 332//329 304//301
f 332//329 333//330 304//301
f 304//301 333//330 305//302
f 333//330 334//331 305//302
f 305//302 334//331 306//303
f 334//331 335//332 306//303
f 306//303 335//332 307//304
f 335//332 336//333 307//304
f 307//304 336//333 308//305
f 336//333 337//334 308//305
f 308//305 337//334 309//306
f 337//334 338//335 309//306
f 309//306 338//335 310//307
f 338//335 339//336 310//307
f 310//307 339//336 311//308
f 339//336 340//337 311//308
f 311//308 340//337 312//309
f 340//337 341//338 312//309
f 312//309 341//338 313//310
f 341//338 342//339 313//310
f 313//310 342//339 314//311
f 342//339 343//340 314//311
f 314//311 343//340 315//312
f 343//340 344//341 315//312
f 315//312 344//341 316//313
f 344//341 345//342 316//313
f 316//313 345//342 317//314
f 345//342 346//343 317//314
f 317//314 346//343 318//315
f 346//343 347//344 318//315
f 318//315 347//344 319//316
f 347//344 348//345 319//316
f 319//316 348//345 320//317
f 348//345 349//346 320//317
f 320//317 349//346 321//318
f 349//346 350//347 321//318
f 321//318 350//347 322//319
f 350//347 351//348 322//319
f 322//319 351//348 323//320
f 351//348 352//349 323//320
f 324//321 353//350 325//322
f 353//350 354//351 325//322
f 325//322 354//351 326//323
f 354//351 355//352 326//323
f 326//323 355//352 327//324
f 355//352 356//353 327//324
f 327//324 356//353 328//325
f 356//353 357//354 328//325
f 328//325 357//354 329//326
f 357//354 358//355 329//326
f 329//326 358//355 330//327
f 358//355 359//356 330//327
f 330//327 359//356 331//328
f 359//356 360//357 331//328
f 331//328 360//357 332//329
f 360//357 361//358 332//329
f 332//329 361//358 333//330
f 361//358 362//359 333//330
f 333//330 362//359 334//331
f 362//359 363//360 334//331
f 334//331 363//360 335//332
f 363//360 364//361 335//332
f 335//332 364//361 336//333
f 364//361 365//362 336//333
f 336//333 365//362 337//334
f 365//362 366//363 337//334
f 337//334 366//363 338//335
f 366//363 367//364 338//335
f 338//335 367//364 339//336
f 367//364 368//365 339//336
f 339//336 368//365 340//337
f 368//365 369//366 340//337
f 340//337 369//366 341//338
f 369//366 370//367 341//338
f 341//338 370//367 342//339
f 370//367 371//368 342//339
f 342//339 371//368 343//340
f 371//368 372//369 343//340
f 343//340 372//369 344//341
f 372//369 373//370 344//341
f 344//341 373//370 345//342
f 373//370 374//371 345//342
f 345//342 374//371 346//343
f 374//371 375//372 346//343
f 346//343 375//372 347//344
f 375//372 376//373 347//344
f 347//344 376//373 348//345
f 376//373 377//374 348//345
f 348//345 377//374 349//346
f 377//374 378//375 349//346
f 349//346 378//375 350//347
f 378//375 379//376 350//347
f 350//347 379//376 351//348
f 379//376 380//377 351//348
f 351//348 380//377 352//349
f 380//377 381//378 352//349
f 353//350 382//379 354//351
f 382//379 383//380 354//351
f 354//351 383//380 355//352
f 383//380 384//381 355//352
f 355//352 384//381 356//353
f 384//381 385//382 356//353
f 356//353 385//382 357//354
f 385//382 386//383 357//354
f 357//354 386//383 358//355
f 386//383 387//384 358//355
f 358//355 387//384 359//356
f 387//384 388//385 359//356
f 359//356 388//385 360//357
f 388//385 389//386 360//357
f 360//357 389//386 361//358
f 389//386 390//387 361//358
f 361//358 390//387 362//359
f 390//387 391//388 362//359
f 362//359 391//388 363//360
f 391//388 392//389 363//360
f 363//360 392//389 364//361
f 392//389 393//390 364//361
f 364//361 393//390 365//362
f 393//390 394//391 365//362
f 365//362 394//391 366//363
f 394//391 395//392 366//363
f 366//363 395//392 367//364
f 395//392 396//393 367//364
f 367//364 396//393 368//365
f 396//393 397//394 368//365
f 368//365 397//394 369//366
f 397//394 398//395 369//366
f 369//366 398//395 370//367
f 398//395 399//396 370//367
f 370//367 399//396 371//368
f 399//396 400//397 371//368
f 371//368 400//397 372//369
f 400//397 401//398 372//369
f 372//369 401//398 373//370
f 401//398 402//399 373//370
f 373//370 402//399 374//371
f 402//399 403//400 374//371
f 374//371 403//400 375//372
f 403//400 404//401 375//372
f 375//372 404//401 376//373
f 404//401 405//402 376//373
f 376//373 405//402 377//374
f 405//402 406//403 377//374
f 377//374 406//403 378//375
f 406//403 407//404 378//375
f 378//375 407//404 379//376
f 407//404 408//405 379//376
f 379//376 408//405 380//377
f 408//405 409//406 380//377
f 380//377 409//406 381//378
f 409//406 410//407 381//378
f 382//379 411//408 383//380
f 411//408 412//409 383//380
f 383//380 412//409 384//381
f 412//409 413//410 384//381
f 384//381 413//410 385//382
f 413//410 414//411 385//382
f 385//382 414//411 386//383
f 414//411 415//412 386//383
f 386//383 415//412 387//384
f 415//412 416//413 387//384
f 387//384 416//413 388//385
f 416//413 417//414 388//385
f 388//385 417//414 389//386
f 417//414 418//415 389//386
f 389//386 418//415 390//387
f 418//415 419//416 390//387
f 390//387 419//416 391//388
f 419//416 420//417 391//388
f 391//388 420//417 392//389
f 420//417 421//418 392//389
f 392//389 421//418 393//390
f 421//418 422//419 393//390
f 393//390 422//419 394//391
f 422//419 423//420 394//391
f 394//391 423//420 395//392
f 423//420 424//421 395//392
f 395//392 424//421 396//393
f 424//421 425//422 396//393
f 396//393 425//422 397//394
f 425//422 426//423 397//394
f 397//394 426//423 398//395
f 426//423 427//424 398//395
f 398//395 427//424 399//396
f 427//424 428//425 399//396
f 399//396 428//425 400//397
f 428//425 429//426 400//397
f 400//397 429//426 401//398
f 429//426 430//427 401//398
f 401//398 430//427 402//399
f 430//427 431//428 402//399
f 402//399 431//428 403//400
f 431//428 432//429 403//400
f 403//400 432//429 404//401
f 432//429 433//430 404//401
f 404//401 433//430 405//402
f 433//430 434//431 405//402
f 405//402 434//431 406//403
f 434//431 435//432 406//403
f 406//403 435//432 407//404
f 435//432 436//433 407//404
f 407//404 436//433 408//405
f 436//433 437//434 408//405
f 408//405 437//434 409//406
f 437//434 438//435 409//406
f 409//406 438//435 410//407
f 438//435 439//436 410//407
f 411//408 440//437 412//409
f 440//437 441//438 412//409
f 412//409 441//438 413//410
f 441//438 442//439 413//410
f 413//410 442//439 414//411
f 442//439 443//440 414//411
f 414//411 443//440 415//412
f 443//440 444//441 415//412
f 415//412 444//441 416//413
f 444//441 445//442 416//413
f 416//413 445//442 417//414
f 445//442 446//443 417//414
f 417//414 446//443 418//415
f 446//443 447//444 418//415
f 418//415 447//444 419//416
f 447//444 448//445 419//416
f 419//416 448//445 420//417
f 448//445 449//446 420//417
f 420//417 449//446 421//418
f 449//446 450//447 421//418
f 421//418 450//447 422//419
f 450//447 451//448 422//419
f 422//419 451//448 423//420
f 451//448 452//449 423//420
f 423//420 452//449 424//421
f 452//449 453//450 424//421
f 424//421 453//450 425//422
f 453//450 454//451 425//422
f 425//422 454//451 426//423
f 454//451 455//452 426//423
f 426//423 455//452 427//424
f 455//452 456//453 427//424
f 427//424 456//453 428//425
f 456//453 457//454 428//425
f 428//425 457//454 429//426
f 457//454 458//455 429//426
f 429//426 458//455 430//427
f 458//455 459//456 430//427
f 430//427 459//456 431//428
f 459//456 460//457 431//428
f 431//428 460//457 432//429
f 460//457 461//458 432//429
f 432//429 461//458 433//430
f 461//458 462//459 433//430
f 433//430 462//459 434//431
f 462//459 463//460 434//431
f 434//431 463//460 435//432
f 463//460 464//461 435//432
f 435//432 464//461 436//433
f 464//461 465//462 436//433
f 436//433 465//462 437//434
f 465//462 466//463 437//434
f 437//434 466//463 438//435
f 466//463 467//464 438//435
f 438//435 467//464 439//436
f 467//464 468//465 439//436
f 440//437 469//466 441//438
f 469//466 470//467 441//438
f 441//438 470//467 442//439
f 470//467 471//468 442//439
f 442//439 471//468 443//440
f 471//468 472//469 443//440
f 443//440 472//469 444//441
f 472//469 473//470 444//441
f 444//441 473//470 445//442
f 473//470 474//471 445//442
f 445//442 474//471 446//443
f 474//471 475//472 446//443
f 446//443 475//472 447//444
f 475//472 476//473 447//444
f 447//444 476//473 448//445
f 476//473 477//474 448//445
f 448//445 477//474 449//446
f 477//474 478//475 449//446
f 449//446 478//475 450//447
f 478//475 479//476 450//447
f 450//447 479//476 451//448
f 479//476 480//477 451//448
f 451//448 480//477 452//449
f 480//477 481//478 452//449
f 452//449 481//478 453//450
f 481//478 482//479 453//450
f 453//450 482//479 454//451
f 482//479 483//480 454//451
f 454//451 483//480 455//452
f 483//480 484//481 455//452
f 455//452 484//481 456//453
f 484//481 485//482 456//453
f 456//453 485//482 457//454
f 485//482 486//483 457//454
f 457//454 486//483 458//455
f 486//483 487//484 458//455
f 458//455 487//484 459//456
f 487//484 488//485 459//456
f 459//456 488//485 460//457
f 488//485 489//486 460//457
f 460//457 489//486 461//458
f 489//486 490//487 461//458
f 461//458 490//487 462//459
f 490//487 491//488 462//459
f 462//459 491//488 463//460
f 491//488 492//489 463//460
f 463//460 492//489 464//461
f 492//489 493//490 464//461
f 464//461 493//490 465//462
f 493//490 494//491 465//462
f 465//462 494//491 466//463
f 494//491 495//492 466//463
f 466//463 495//492 467//464
f 495//492 496//493 467//464
f 467//464 496//493 468//465
f 496//493 497//494 468//465
f 469//466 498//495 470//467
f 498//495 499//496 470//467
f 470//467 499//496 471//468
f 499//496 500//497 471//468
f 471//468 500//497 472//469
f 500//497 501//498 472//469
f 472//469 501//498 473//470
f 501//498 502//499 473//470
f 473//470 502//499 474//471
f 502//499 503//500 474//471
f 474//471 503//500 475//472
f 503//500 504//501 475//472
f 475//472 504//501 476//473
f 504//501 505//502 476//473
f 476//473 505//502 477//474
f 505//502 506//503 477//474
f 477//474 506//503 478//475
f 506//503 507//504 478//475
f 478//475 507//504 479//476
f 507//504 508//505 479//476
f 479//476 508//505 480//477
f 508//505 509//506 480//477
f 480//477 509//506 481//478
f 509//506 510//507 481//478
f 481//478 510//507 482//479
f 510//507 511//508 482//479
f 482//479 511//508 483//480
f 511//508 512//509 483//480
f 483//480 512//509 484//481
f 512//509 513//510 484//481
f 484//481 513//510 485//482
f 513//510 514//511 485//482
f 485//482 514//511 486//483
f 514//511 515//512 486//483
f 486//483 515//512 487//484
f 515//512 516//513 487//484
f 487//484 516//513 488//485
f 516//513 517//514 488//485
f 488//485 517//514 489//486
f 517//514 518//515 489//486
f 489//486 518//515 490//487
f 518//515 519//516 490//487
f 490//487 519//516 491//488
f 519//516 520//517 491//488
f 491//488 520//517 492//489
f 520//517 521//518 492//489
f 492//489 521//518 493//490
f 521//518 522//519 493//490
f 493//490 522//519 494//491
f 522//519 523//520 494//491
f 494//491 523//520 495//492
f 523//520 524//521 495//492
f 495//492 524//521 496//493
f 524//521 525//522 496//493
f 496//493 525//522 497//494
f 525//522 526//523 497//494
f 498//495 527//524 499//496
f 527//524 528//525 499//496
f 499//496 528//525 500//497
f 528//525 529//526 500//497
f 500//497 529//526 501//498
f 529//526 530//527 501//498
f 501//498 530//527 502//499
f 530//527 531//528 502//499
f 502//499 531//528 503//500
f 531//528 532//529 503//500
f 503//500 532//529 504//501
f 532//529 533//530 504//501
f 504//501 533//530 505//502
f 533//530 534//531 505//502
f 505//502 534//531 506//503
f 534//531 535//532 506//503
f 506//503 535//532 507//504
f 535//532 536//533 507//504
f 507//504 536//533 508//505
f 536//533 537//534 508//505
f 508//505 537//534 509//506
f 537//534 538//535 509//506
f 509//506 538//535 510//507
f 538//535 539//536 510//507
f 510//507 539//536 511//508
f 539//536 540//537 511//508
f 511//508 540//537 512//509
f 540//537 541//538 512//509
f 512//509 541//538 513//510
f 541//538 542//539 513//510
f 513//510 542//539 514//511
f 542//539 543//540 514//511
f 514//511 543//540 515//512
f 543//540 544//541 515//512
f 515//512 544//541 516//513
f 544//541 545//542 516//513
f 516//513 545//542 517//514
f 545//542 546//543 517//514
f 517//514 546//543 518//515
f 546//543 547//544 518//515
f 518//515 547//544 519//516
f 547//544 548//545 519//516
f 519//516 548//545 520//517
f 548//545 549//546 520//517
f 520//517 549//546 521//518
f 549//546 550//547 521//518
f 521//518 550//547 522//519
f 550//547 551//548 522//519
f 522//519 551//548 523//520
f 551//548 552//549 523//520
f 523//520 552//549 524//521
f 552//549 553//550 524//521
f 524//521 553//550 525//522
f 553//550 554//551 525//522
f 525//522 554//551 526//523
f 554//551 555//552 526//523
f 527//524 556//553 528//525
f 556//553 557//554 528//525
f 528//525 557//554 529//526
f 557//554 558//555 529//526
f 529//526 558//555 530//527
f 558//555 559//556 530//527
f 530//527 559//556 531//528
f 559//556 560//557 531//528
f 531//528 560//557 532//529
f 560//557 561//558 532//529
f 532//529 561//558 533//530
f 561//558 562//559 533//530
f 533//530 562//559 534//531
f 562//559 563//560 534//531
f 534//531 563//560 535//532
f 563//560 564//561 535//532
f 535//532 564//561 536//533
f 564//561 565//562 536//533
f 536//533 565//562 537//534
f 565//562 566//563 537//534
f 537//534 566//563 538//535
f 566//563 567//564 538//535
f 538//535 567//564 539//536
f 567//564 568//565 539//536
f 539//536 568//565 540//537
f 568//565 569//566 540//537
f 540//537 569//566 541//538
f 569//566 570//567 541//538
f 541//538 570//567 542//539
f 570//567 571//568 542//539
f 542//539 571//568 543//540
f 571//568 572//569 543//540
f 543//540 572//569 544//541
f 572//569 573//570 544//541
f 544//541 573//570 545//542
f 573//570 574//571 545//542
f 545//542 574//571 546//543
f 574//571 575//572 546//543
f 546//543 575//572 547//544
f 575//572 576//573 547//544
f 547//544 576//573 548//545
f 576//573 577//574 548//545
f 548//545 577//574 549//546
f 577//574 578//575 549//546
f 549//546 578//575 550//547
f 578//575 579//576 550//547
f 550//547 579//576 551//548
f 579//576 580//577 551//548
f 551//548 580//577 552//549
f 580//577 581//578 552//549
f 552//549 581//578 553//550
f 581//578 582//579 553//550
f 553//550 582//579 554//551
f 582//579 583//580 554//551
f 554//551 583//580 555//552
f 583//580 584//581 555//552
f 556//553 585//582 557//554
f 585//582 586//583 557//554
f 557//554 586//583 558//555
f 586//583 587//584 558//555
f 558//555 587//584 559//556
f 587//584 588//585 559//556
f 559//556 588//585 560//557
f 588//585 589//586 560//557
f 560//557 589//586 561//558
f 589//586 590//587 561//558
f 561//558 590//587 562//559
f 590//587 591//588 562//559
f 562//559 591//588 563//560
f 591//588 592//589 563//560
f 563//560 592//589 564//561
f 592//589 593//590 564//561
f 564//561 593//590 565//562
f 593//590 594//591 565//562
f 565//562 594//591 566//563
f 594//591 595//592 566//563
f 566//563 595//592 567//564
f 595//592 596//593 567//564
f 567//564 596//593 568//565
f 596//593 597//594 568//565
f 568//565 597//594 569//566
f 597//594 598//595 569//566
f 569//566 598//595 570//567
f 598//595 599//596 570//567
f 570//567 599//596 571//568
f 599//596 600//597 571//568
f 571//568 600//597 572//569
f 600//597 601//598 572//569
f 572//569 601//598 573//570
f 601//598 602//599 573//570
f 573//570 602//599 574//571
f 602//599 603//600 574//571
f 574//571 603//600 575//572
f 603//600 604//601 575//572
f 575//572 604//601 576//573
f 604//601 605//602 576//573
f 576//573 605//602 577//574
f 605//602 606//603 577//574
f 577//574 606//603 578//575
f 606//603 607//604 578//575
f 578//575 607//604 579//576
f 607//604 608//605 579//576
f 579//576 608//605 580//577
f 608//605 609//606 580//577
f 580//577 609//606 581//578
f 609//606 610//607 581//578
f 581//578 610//607 582//579
f 610//607 611//608 582//579
f 582//579 611//608 583//580
f 611//608 612//609 583//580
f 583//580 612//609 584//581
f 612//609 613//610 584//581
f 585//582 614//611 586//583
f 614//611 615//612 586//583
f 586//583 615//612 587//584
f 615//612 616//613 587//584
f 587//584 616//613 588//585
f 616//613 617//614 588//585
f 588//585 617//614 589//586
f 617//614 618//615 589//586
f 589//586 618//615 590//587
f 618//615 619//616 590//587
f 590//587 619//616 591//588
f 619//616 620//617 591//588
f 591//588 620//617 592//589
f 620//617 621//618 592//589
f 592//589 621//618 593//590
f 621//618 622//619 593//590
f 593//590 622//619 594//591
f 622//619 623//620 594//591
f 594//591 623//620 595//592
f 623//620 624//621 595//592
f 595//592 624//621 596//593
f 624//621 625//622 596//593
f 596//593 625//622 597//594
f 625//622 626//623 597//594
f 597//594 626//623 598//595
f 626//623 627//624 598//595
f 598//595 627//624 599//596
f 627//624 628//625 599//596
f 599//596 628//625 600//597
f 628//625 629//626 600//597
f 600//597 629//626 601//598
f 629//626 630//627 601//598
f 601//598 630//627 602//599
f 630//627 631//628 602//599
f 602//599 631//628 603//600
f 631//628 632//629 603//600
f 603//600 632//629 604//601
f 632//629 633//630 604//601
f 604//601 633//630 605//602
f 633//630 634//631 605//602
f 605//602 634//631 606//603
f 634//631 635//632 606//603
f 606//603 635//632 607//604
f 635//632 636//633 607//604
f 607//604 636//633 608//605
f 636//633 637//634 608//605
f 608//605 637//634 609//606
f 637//634 638//635 609//606
f 609//606 638//635 610//607
f 638//635 639//636 610//607
f 610//607 639//636 611//608
f 639//636 640//637 611//608
f 611//608 640//637 612//609
f 640//637 641//638 612//609
f 612//609 641//638 613//610
f 641//638 642//639 613//610
f 614//611 643//640 615//612
f 643//640 644//641 615//612
f 615//612 644//641 616//613
f 644//641 645//642 616//613
f 616//613 645//642 617//614
f 645//642 646//643 617//614
f 617//614 646//643 618//615
f 646//643 647//644 618//615
f 618//615 647//644 619//616
f 647//644 648//645 619//616
f 619//616 648//645 620//617
f 648//645 649//646 620//617
f 620//617 649//646 621//618
f 649//646 650//647 621//618
f 621//618 650//647 622//619
f 650//647 651//648 622//619
f 622//619 651//648 623//620
f 651//648 652//649 623//620
f 623//620 652//649 624//621
f 652//649 653//650 624//621
f 624//621 653//650 625//622
f 653//650 654//651 625//622
f 625//622 654//651 626//623
f 654//651 655//652 626//623
f 626//623 655//652 627//624
f 655//652 656//653 627//624
f 627//624 656//653 628//625
f 656//653 657//654 628//625
f 628//625 657//654 629//626
f 657//654 658//655 629//626
f 629//626 658//655 630//627
f 658//655 659//656 630//627
f 630//627 659//656 631//628
f 659//656 660//657 631//628
f 631//628 660//657 632//629
f 660//657 661//658 632//629
f 632//629 661//658 633//630
f 661//658 662//659 633//630
f 633//630 662//659 634//631
f 662//659 663//660 634//631
f 634//631 663//660 635//632
f 663//660 664//661 635//632
f 635//632 664//661 636//633
f 664//661 665//662 636//633
f 636//633 665//662 637//634
f 665//662 666//663 637//634
f 637//634 666//663 638//635
f 666//663 667//664 638//635
f 638//635 667//664 639//636
f 667//664 668//665 639//636
f 639//636 668//665 640//637
f 668//665 669//666 640//637
f 640//637 669//666 641//638
f 669//666 670//667 641//638
f 641//638 670//667 642//639
f 670//667 671//668 642//639
f 643//640 672//669 644//641
f 672//669 673//670 644//641
f 644//641 673//670 645//642
f 673//670 674//671 645//642
f 645//642 674//671 646//643
f 674//671 675//672 646//643
f 646//643 675//672 647//644
f 675//672 676//673 647//644
f 647//644 676//673 648//645
f 676//673 677//674 648//645
f 648//645 677//674 649//646
f 677//674 678//675 649//646
f 649//646 678//675 650//647
f 678//675 679//676 650//647
f 650//647 679//676 651//648
f 679//676 680//677 651//648
f 651//648 680//677 652//649
f 680//677 681//678 652//649
f 652//649 681//678 653//650
f 681//678 682//679 653//650
f 653//650 682//679 654//651
f 682//679 683//680 654//651
f 654//651 683//680 655//652
f 683//680 684//681 655//652
f 655//652 684//681 656//653
f 684//681 685//682 656//653
f 656//653 685//682 657//654
f 685//682 686//683 657//654
f 657//654 686//683 658//655
f 686//683 687//684 658//655
f 658//655 687//684 659//656
f 687//684 688//685 659//656
f 659//656 688//685 660//657
f 688//685 689//686 660//657
f 660//657 689//686 661//658
f 689//686 690//687 661//658
f 661//658 690//687 662//659
f 690//687 691//688 662//659
f 662//659 691//688 663//660
f 691//688 692//689 663//660
f 663//660 692//689 664//661
f 692//689 693//690 664//661
f 664//661 693//690 665//662
f 693//690 694//691 665//662
f 665//662 694//691 666//663
f 694//691 695//692 666//663
f 666//663 695//692 667//664
f 695//692 696//693 667//664
f 667//664 696//693 668//665
f 696//693 697//694 668//665
f 668//665 697//694 669//666
f 697//694 698//695 669//666
f 669//666 698//695 670//667
f 698//695 699//696 670//667
f 670//667 699//696 671//668
f 699//696 700//697 671//668
f 672//669 701//698 673//670
f 701//698 702//699 673//670
f 673//670 702//699 674//671
f 702//699 703//700 674//671
f 674//671 703//700 675//672
f 703//700 704//701 675//672
f 675//672 704//701 676//673
f 704//701 705//702 676//673
f 676//673 705//702 677//674
f 705//702 706//703 677//674
f 677//674 706//703 678//675
f 706//703 707//704 678//675
f 678//675 707//704 679//676
f 707//704 708//705 679//676
f 679//676 708//705 680//677
f 708//705 709//706 680//677
f 680//677 709//706 681//678
f 709//706 710//707 681//678
f 681//678 710//707 682//679
f 710//707 711//708 682//679
f 682//679 711//708 683//680
f 711//708 712//709 683//680
f 683//680 712//709 684//681
f 712//709 713//710 684//681
f 684//681 713//710 685//682
f 713//710 714//711 685//682
f 685//682 714//711 686//683
f 714//711 715//712 686//683
f 686//683 715//712 687//684
f 715//712 716//713 687//684
f 687//684 716//713 688//685
f 716//713 717//714 688//685
f 688//685 717//714 689//686
f 717//714 718//715 689//686
f 689//686 718//715 690//687
f 718//715 719//716 690//687
f 690//687 719//716 691//688
f 719//716 720//717 691//688
f 691//688 720//717 692//689
f 720//717 721//718 692//689
f 692//689 721//718 693//690
f 721//718 722//719 693//690
f 693//690 722//719 694//691
f 722//719 723//720 694//691
f 694//691 723//720 695//692
f 723//720 724//721 695//692
f 695//692 724//721 696//693
f 724//721 725//722 696//693
f 696//693 725//722 697//694
f 725//722 726//723 697//694
f 697//694 726//723 698//695
f 726//723 727//724 698//695
f 698//695 727//724 699//696
f 727//724 728//725 699//696
f 699//696 728//725 700//697
f 728//725 729//726 700//697
f 701//698 730//727 702//699
f 730//727 731//728 702//699
f 702//699 731//728 703//700
f 731//728 732//729 703//700
f 703//700 732//729 704//701
f 732//729 733//730 704//701
f 704//701 733//730 705//702
f 733//730 734//731 705//702
f 705//702 734//731 706//703
f 734//731 735//732 706//703
f 706//703 735//732 707//704
f 735//732 736//733 707//704
f 707//704 736//733 708//705
f 736//733 737//734 708//705
f 708//705 737//734 709//706
f 737//734 738//735 709//706
f 709//706 738//735 710//707
f 738//735 739//736 710//707
f 710//707 739//736 711//708
f 739//736 740//737 711//708
f 711//708 740//737 712//709
f 740//737 741//738 712//709
f 712//709 741//738 713//710
f 741//738 742//739 713//710
f 713//710 742//739 714//711
f 742//739 743//740 714//711
f 714//711 743//740 715//712
f 743//740 744//741 715//712
f 715//712 744//741 716//713
f 744//741 745//742 716//713
f 716//713 745//742 717//714
f 745//742 746//743 717//714
f 717//714 746//743 718//715
f 746//743 747//744 718//715
f 718//715 747//744 719//716
f 747//744 748//745 719//716
f 719//716 748//745 720//717
f 748//745 749//746 720//717
f 720//717 749//746 721//718
f 749//746 750//747 721//718
f 721//718 750//747 722//719
f 750//747 751//748 722//719
f 722//719 751//748 723//720
f 751//748 752//749 723//720
f 723//720 752//749 724//721
f 752//749 753//750 724//721
f 724//721 753//750 725//722
f 753//750 754//751 725//722
f 725//722 754//751 726//723
f 754//751 755//752 726//723
f 726//723 755//752 727//724
f 755//752 756//753 727//724
f 727//724 756//753 728//725
f 756//753 757//754 728//725
f 728//725 757//754 729//726
f 757//754 758//755 729//726
f 730//727 759//756 731//728
f 759//756 760//757 731//728
f 731//728 760//757 732//729
f 760//757 761//758 732//729
f 732//729 761//758 733//730
f 761//758 762//759 733//730
f 733//730 762//759 734//731
f 762//759 763//760 734//731
f 734//731 763//760 735//732
f 763//760 764//761 735//732
f 735//732 764//761 736//733
f 764//761 765//762 736//733
f 736//733 765//762 737//734
f 765//762 766//763 737//734
f 737//734 766//763 738//735
f 766//763 767//764 738//735
f 738//735 767//764 739//736
f 767//764 768//765 739//736
f 739//736 768//765 740//737
f 768//765 769//766 740//737
f 740//737 769//766 741//738
f 769//766 770//767 741//738
f 741//738 770//767 742//739
f 770//767 771//768 742//739
f 742//739 771//768 743//740
f 771//768 772//769 743//740
f 743//740 772//769 744//741
f 772//769 773//770 744//741
f 744//741 773//770 745//742
f 773//770 774//771 745//742
f 745//742 774//771 746//743
f 774//771 775//772 746//743
f 746//743 775//772 747//744
f 775//772 776//773 747//744
f 747//744 776//773 748//745
f 776//773 777//774 748//745
f 748//745 777//774 749//746
f 777//774 778//775 749//746
f 749//746 778//775 750//747
f 778//775 779//776 750//747
f 750//747 779//776 751//748
f 779//776 780//777 751//748
f 751//748 780//777 752//749
f 780//777 781//778 752//749
f 752//749 781//778 753//750
f 781//778 782//779 753//750
f 753//750 782//779 754//751
f 782//779 783//780 754//751
f 754//751 783//780 755//752
f 783//780 784//781 755//752
f 755//752 784//781 756//753
f 784//781 785//782 756//753
f 756//753 785//782 757//754
f 785//782 786//783 757//754
f 757//754 786//783 758//755
f 786//783 787//784 758//755
f 759//756 788//785 760//757
f 788//785 789//786 760//757
f 760//757 789//786 761//758
f 789//786 790//787 761//758
f 761//758 790//787 762//759
f 790//787 791//788 762//759
f 762//759 791//788 763//760
f 791//788 792//789 763//760
f 763//760 792//789 764//761
f 792//789 793//790 764//761
f 764//761 793//790 765//762
f 793//790 794//791 765//762
f 765//762 794//791 766//763
f 794//791 795//792 766//763
f 766//763 795//792 767//764
f 795//792 796//793 767//764
f 767//764 796//793 768//765
f 796//793 797//794 768//765
f 768//765 797//794 769//766
f 797//794 798//795 769//766
f 769//766 798//795 770//767
f 798//795 799//796 770//767
f 770//767 799//796 771//768
f 799//796 800//797 771//768
f 771//768 800//797 772//769
f 800//797 801//798 772//769
f 772//769 801//798 773//770
f 801//798 802//799 773//770
f 773//770 802//799 774//771
f 802//799 803//800 774//771
f 774//771 803//800 775//772
f 803//800 804//801 775//772
f 775//772 804//801 776//773
f 804//801 805//802 776//773
f 776//773 805//802 777//774
f 805//802 806//803 777//774
f 777//774 806//803 778//775
f 806//803 807//804 778//775
f 778//775 807//804 779//776
f 807//804 808//805 779//776
f 779//776 808//805 780//777
f 808//805 809//806 780//777
f 780//777 809//806 781//778
f 809//806 810//807 781//778
f 781//778 810//807 782//779
f 810//807 811//808 782//779
f 782//779 811//808 783//780
f 811//808 812//809 783//780
f 783//780 812//809 784//781
f 812//809 813//810 784//781
f 784//781 813//810 785//782
f 813//810 814//811 785//782
f 785//782 814//811 786//783
f 814//811 815//812 786//783
f 786//783 815//812 787//784
f 815//812 816//813 787//784
f 788//785 817//814 789//786
f 817//814 818//815 789//786
f 789//786 818//815 790//787
f 818//815 819//816 790//787
f 790//787 819//816 791//788
f 819//816 820//817 791//788
f 791//788 820//817 792//789
f 820//817 821//818 792//789
f 792//789 821//818 793//790
f 821//818 822//819 793//790
f 793//790 822//819 794//791
f 822//819 823//820 794//791
f 794//791 823//820 795//792
f 823//820 824//821 795//792
f 795//792 824//821 796//793
f 824//821 825//822 796//793
f 796//793 825//822 797//794
f 825//822 826//823 797//794
f 797//794 826//823 798//795
f 826//823 827//824 798//795
f 798//795 827//824 799//796
f 827//824 828//825 799//796
f 799//796 828//825 800//797
f 828//825 829//826 800//797
f 800//797 829//826 801//798
f 829//826 830//827 801//798
f 801//798 830//827 802//799
f 830//827 831//828 802//799
f 802//799 831//828 803//800
f 831//828 832//829 803//800
f 803//800 832//829 804//801
f 832//829 833//830 804//801
f 804//801 833//830 805//802
f 833//830 834//831 805//802
f 805//802 834//831 806//803
f 834//831 835//832 806//803
f 806//803 835//832 807//804
f 835//832 836//833 807//804
f 807//804 836//833 808//805
f 836//833 837//834 808//805
f 808//805 837//834 809//806
f 837//834 838//835 809//806
f 809//806 838//835 810//807
f 838//835 839//836 810//807
f 810//807 839//836 811//808
f 839//836 840//837 811//808
f 811//808 840//837 812//809
f 840//837 841//838 812//809
f 812//809 841//838 813//810
f 841//838 842//839 813//810
f 813//810 842//839 814//811
f 842//839 843//840 814//811
f 814//811 843//840 815//812
f 843//840 844//841 815//812
f 815//812 844//841 816//813
f 844//841 845//842 816//813
f 817//814 846//843 818//815
f 846//843 847//844 818//815
f 818//815 847//844 819//816
f 847//844 848//845 819//816
f 819//816 848//845 820//817
f 848//845 849//846 820//817
f 820//817 849//846 821//818
f 849//846 850//847 821//818
f 821//818 850//847 822//819
f 850//847 851//848 822//819
f 822//819 851//848 823//820
f 851//848 852//849 823//820
f 823//820 852//849 824//821
f 852//849 853//850 824//821
f 824//821 853//850 825//822
f 853//850 854//851 825//822
f 825//822 854//851 826//823
f 854//851 855//852 826//823
f 826//823 855//852 827//824
f 855//852 856//853 827//824
f 827//824 856//853 828//825
f 856//853 857//854 828//825
f 828//825 857//854 829//826
f 857//854 858//855 829//826
f 829//826 858//855 830//827
f 858//855 859//856 830//827
f 830//827 859//856 831//828
f 859//856 860//857 831//828
f 831//828 860//857 832//829
f 860//857 861//858 832//829
f 832//829 861//858 833//830
f 861//858 862//859 833//830
f 833//830 862//859 834//831
f 862//859 863//860 834//831
f 834//831 863//860 835//832
f 863//860 864//861 835//832
f 835//832 864//861 836//833
f 864//861 865//862 836//833
f 836//833 865//862 837//834
f 865//862 866//863 837//834
f 837//834 866//863 838//835
f 866//863 867//864 838//835
f 838//835 867//864 839//836
f 867//864 868//865 839//836
f 839//836 868//865 840//837
f 868//865 869//866 840//837
f 840//837 869//866 841//838
f 869//866 870//867 841//838
f 841//838 870//867 842//839
f 870//867 871//868 842//839
f 842//839 871//868 843//840
f 871//868 872//869 843//840
f 843//840 872//869 844//841
f 872//869 873//870 844//841
f 844//841 873//870 845//842
f 873//870 874//871 845//842
f 846//843 875//872 847//844
f 875//872 876//873 847//844
f 847//844 876//873 848//845
f 876//873 877//874 848//845
f 848//845 877//874 849//846
f 877//874 878//875 849//846
f 849//846 878//875 850//847
f 878//875 879//876 850//847
f 850//847 879//876 851//848
f 879//876 880//877 851//848
f 851//848 880//877 852//849
f 880//877 881//878 852//849
f 852//849 881//878 853//850
f 881//878 882//879 853//850
f 853//850 882//879 854//851
f 882//879 883//880 854//851
f 854//851 883//880 855//852
f 883//880 884//881 855//852
f 855//852 884//881 856//853
f 884//881 885//882 856//853
f 856//853 885//882 857//854
f 885//882 886//883 857//854
f 857//854 886//883 858//855
f 886//883 887//884 858//855
f 858//855 887//884 859//856
f 887//884 888//885 859//856
f 859//856 888//885 860//857
f 888//885 889//886 860//857
f 860//857 889//886 861//858
f 889//886 890//887 861//858
f 861//858 890//887 862//859
f 890//887 891//888 862//859
f 862//859 891//888 863//860
f 891//888 892//889 863//860
f 863//860 892//889 864//861
f 892//889 893//890 864//861
f 864//861 893//890 865//862
f 893//890 894//891 865//862
f 865//862 894//891 866//863
f 894//891 895//892 866//863
f 866//863 895//892 867//864
f 895//892 896//893 867//864
f 867//864 896//893 868//865
f 896//893 897//894 868//865
f 868//865 897//894 869//866
f 897//894 898//895 869//866
f 869//866 898//895 870//867
f 898//895 899//896 870//867
f 870//867 899//896 871//868
f 899//896 900//897 871//868
f 871//868 900//897 872//869
f 900//897 901//898 872//869
f 872//869 901//898 873//870
f 901//898 902//899 873//870
f 873//870 902//899 874//871
f 902//899 903//900 874//871
f 875//872 904//901 876//873
f 904//901 905//902 876//873
f 876//873 905//902 877//874
f 905//902 906//903 877//874
f 877//874 906//903 878//875
f 906//903 907//904 878//875
f 878//875 907//904 879//876
f 907//904 908//905 879//876
f 879//876 908//905 880//877
f 908//905 909//906 880//877
f 880//877 909//906 881//878
f 909//906 910//907 881//878
f 881//878 910//907 882//879
f 910//907 911//908 882//879
f 882//879 911//908 883//880
f 911//908 912//909 883//880
f 883//880 912//909 884//881
f 912//909 913//910 884//881
f 884//881 913//910 885//882
f 913//910 914//911 885//882
f 885//882 914//911 886//883
f 914//911 915//912 886//883
f 886//883 915//912 887//884
f 915//912 916//913 887//884
f 887//884 916//913 888//885
f 916//913 917//914 888//885
f 888//885 917//914 889//886
f 917//914 918//915 889//886
f 889//886 918//915 890//887
f 918//915 919//916 890//887
f 890//887 919//916 891//888
f 919//916 920//917 891//888
f 891//888 920//917 892//889
f 920//917 921//918 892//889
f 892//889 921//918 893//890
f 921//918 922//919 893//890
f 893//890 922//919 894//891
f 922//919 923//920 894//891
f 894//891 923//920 895//892
f 923//920 924//921 895//892
f 895//892 924//921 896//893
f 924//921 925//922 896//893
f 896//893 925//922 897//894
f 925//922 926//923 897//894
f 897//894 926//923 898//895
f 926//923 927//924 898//895
f 898//895 927//924 899//896
f 927//924 928//925 899//896
f 899//896 928//925 900//897
f 928//925 929//926 900//897
f 900//897 929//926 901//898
f 929//926 930//927 901//898
f 901//898 930//927 902//899
f 930//927 931//928 902//899
f 902//899 931//928 903//900
f 931//928 932//929 903//900
f 904//901 933//930 905//902
f 933//930 934//931 905//902
f 905//902 934//931 906//903
f 934//931 935//932 906//903
f 906//903 935//932 907//904
f 935//932 936//933 907//904
f 907//904 936//933 908//905
f 936//933 937//934 908//905
f 908//905 937//934 909//906
f 937//934 938//935 909//906
f 909//906 938//935 910//907
f 938//935 939//936 910//907
f 910//907 939//936 911//908
f 939//936 940//937 911//908
f 911//908 940//937 912//909
f 940//937 941//938 912//909
f 912//909 941//938 913//910
f 941//938 942//939 913//910
f 913//910 942//939 914//911
f 942//939 943//940 914//911
f 914//911 943//940 915//912
f 943//940 944//941 915//912
f 915//912 944//941 916//913
f 944//941 945//942 916//913
f 916//913 945//942 917//914
f 945//942 946//943 917//914
f 917//914 946//943 918//915
f 946//943 947//944 918//915
f 918//915 947//944 919//916
f 947//944 948//945 919//916
f 919//916 948//945 920//917
f 948//945 949//946 920//917
f 920//917 949//946 921//918
f 949//946 950//947 921//918
f 921//918 950//947 922//919
f 950//947 951//948 922//919
f 922//919 951//948 923//920
f 951//948 952//949 923//920
f 923//920 952//949 924//921
f 952//949 953//950 924//921
f 924//921 953//950 925//922
f 953//950 954//951 925//922
f 925//922 954//951 926//923
f 954//951 955//952 926//923
f 926//923 955//952 927//924
f 955//952 956//953 927//924
f 927//924 956//953 928//925
f 956//953 957//954 928//925
f 928//925 957//954 929//926
f 957//954 958//955 929//926
f 929//926 958//955 930//927
f 958//955 959//956 930//927
f 930//927 959//956 931//928
f 959//956 960//957 931//928
f 931//928 960//957 932//929
f 960//957 961//958 932//929
f 933//930 962//959 934//931
f 962//959 963//960 934//931
f 934//931 963//960 935//932
f 963//960 964//961 935//932
f 935//932 964//961 936//933
f 964//961 965//962 936//933
f 936//933 965//962 937//934
f 965//962 966//963 937//934
f 937//934 966//963 938//935
f 966//963 967//964 938//935
f 938//935 967//964 939//936
f 967//964 968//965 939//936
f 939//936 968//965 940//937
f 968//965 969//966 940//937
f 940//937 969//966 941//938
f 969//966 970//967 941//938
f 941//938 970//967 942//939
f 970//967 971//968 942//939
f 942//939 971//968 943//940
f 971//968 972//969 943//940
f 943//940 972//969 944//941
f 972//969 973//970 944//941
f 944//941 973//970 945//942
f 973//970 974//971 945//942
f 945//942 974//971 946//943
f 974//971 975//972 946//943
f 946//943 975//972 947//944
f 975//972 976//973 947//944
f 947//944 976//973 948//945
f 976//973 977//974 948//945
f 948//945 977//974 949//946
f 977//974 978//975 949//946
f 949//946 978//975 950//947
f 978//975 979//976 950//947
f 950//947 979//976 951//948
f 979//976 980//977 951//948
f 951//948 980//977 952//949
f 980//977 981//978 952//949
f 952//949 981//978 953//950
f 981//978 982//979 953//950
f 953//950 982//979 954//951
f 982//979 983//980 954//951
f 954//951 983//980 955//952
f 983//980 984//981 955//952
f 955//952 984//981 956//953
f 984//981 985//982 956//953
f 956//953 985//982 957//954
f 985//982 986//983 957//954
f 957//954 986//983 958//955
f 986//983 987//984 958//955
f 958//955 987//984 959//956
f 987//984 988//985 959//956
f 959//956 988//985 960//957
f 988//985 989//986 960//957
f 960//957 989//986 961//958
f 989//986 990//987 961//958
f 962//959 991//988 963//960
f 991//988 992//989 963//960
f 963//960 992//989 964//961
f 992//989 993//990 964//961
f 964//961 993//990 965//962
f 993//990 994//991 965//962
f 965//962 994//991 966//963
f 994//991 995//992 966//963
f 966//963 995//992 967//964
f 995//992 996//993 967//964
f 967//964 996//993 968//965
f 996//993 997//994 968//965
f 968//965 997//994 969//966
f 997//994 998//995 969//966
f 969//966 998//995 970//967
f 998//995 999//996 970//967
f 970//967 999//996 971//968
f 999//996 1000//997 971//968
f 971//968 1000//997 972//969
f 1000//997 1001//998 972//969
f 972//969 1001//998 973//970
f 1001//998 1002//999 973//970
f 973//970 1002//999 974//971
f 1002//999 1003//1000 974//971
f 974//971 1003//1000 975//972
f 1003//1000 1004//1001 975//972
f 975//972 1004//1001 976//973
f 1004//1001 1005//1002 976//973
f 976//973 1005//1002 977//974
f 1005//1002 1006//1003 977//974
f 977//974 1006//1003 978//975
f 1006//1003 1007//1004 978//975
f 978//975 1007//1004 979//976
f 1007//1004 1008//1005 979//976
f 979//976 1008//1005 980//977
f 1008//1005 1009//1006 980//977
f 980//977 1009//1006 981//978
f 1009//1006 1010//1007 981//978
f 981//978 1010//1007 982//979
f 1010//1007 1011//1008 982//979
f 982//979 1011//1008 983//980
f 1011//1008 1012//1009 983//980
f 983//980 1012//1009 984//981
f 1012//1009 1013//1010 984//981
f 984//981 1013//1010 985//982
f 1013//1010 1014//1011 985//982
f 985//982 1014//1011 986//983
f 1014//1011 1015//1012 986//983
f 986//983 1015//1012 987//984
f 1015//1012 1016//1013 987//984
f 987//984 1016//1013 988//985
f 1016//1013 1017//1014 988//985
f 988//985 1017//1014 989//986
f 1017//1014 1018//1015 989//986
f 989//986 1018//1015 990//987
f 1018//1015 1019//1016 990//987
f 991//988 1020//1017 992//989
f 1020//1017 1021//1018 992//989
f 992//989 1021//1018 993//990
f 1021//1018 1022//1019 993//990
f 993//990 1022//1019 994//991
f 1022//1019 1023//1020 994//991
f 994//991 1023//1020 995//992
f 1023//1020 1024//1021 995//992
f 995//992 1024//1021 996//993
f 1024//1021 1025//1022 996//993
f 996//993 1025//1022 997//994
f 1025//1022 1026//1023 997//994
f 997//994 1026//1023 998//995
f 1026//1023 1027//1024 998//995
f 998//995 1027//1024 999//996
f 1027//1024 1028//1025 999//996
f 999//996 1028//1025 1000//997
f 1028//1025 1029//1026 1000//997
f 1000//997 1029//1026 1001//998
f 1029//1026 1030//1027 1001//998
f 1001//998 1030//1027 1002//999
f 1030//1027 1031//1028 1002//999
f 1002//999 1031//1028 1003//1000
f 1031//1028 1032//1029 1003//1000
f 1003//1000 1032//1029 1004//1001
f 1032//1029 1033//1030 1004//1001
f 1004//1001 1033//1030 1005//1002
f 1033//1030 1034//1031 1005//1002
f 1005//1002 1034//1031 1006//1003
f 1034//1031 1035//1032 1006//1003
f 1006//1003 1035//1032 1007//1004
f 1035//1032 1036//1033 1007//1004
f 1007//1004 1036//1033 1008//1005
f 1036//1033 1037//1034 1008//1005
f 1008//1005 1037//1034 1009//1006
f 1037//1034 1038//1035 1009//1006
f 1009//1006 1038//1035 1010//1007
f 1038//1035 1039//1036 1010//1007
f 1010//1007 1039//1036 1011//1008
f 1039//1036 1040//1037 1011//1008
f 1011//1008 1040//1037 1012//1009
f 1040//1037 1041//1038 1012//1009
f 1012//1009 1041//1038 1013//1010
f 1041//1038 1042//1039 1013//1010
f 1013//1010 1042//1039 1014//1011
f 1042//1039 1043//1040 1014//1011
f 1014//1011 1043//1040 1015//1012
f 1043//1040 1044//1041 1015//1012
f 1015//1012 1044//1041 1016//1013
f 1044//1041 1045//1042 1016//1013
f 1016//1013 1045//1042 1017//1014
f 1045//1042 1046//1043 1017//1014
f 1017//1014 1046//1043 1018//1015
f 1046//1043 1047//1044 1018//1015
f 1018//1015 1047//1044 1019//1016
f 1047//1044 1048//1045 1019//1016
f 1020//1017 1049//1046 1021//1018
f 1049//1046 1050//1047 1021//1018
f 1021//1018 1050//1047 1022//1019
f 1050//1047 1051//1048 1022//1019
f 1022//1019 1051//1048 1023//1020
f 1051//1048 1052//1049 1023//1020
f 1023//1020 1052//1049 1024//1021
f 1052//1049 1053//1050 1024//1021
f 1024//1021 1053//1050 1025//1022
f 1053//1050 1054//1051 1025//1022
f 1025//1022 1054//1051 1026//1023
f 1054//1051 1055//1052 1026//1023
f 1026//1023 1055//1052 1027//1024
f 1055//1052 1056//1053 1027//1024
f 1027//1024 1056//1053 1028//1025
f 1056//1053 1057//1054 1028//1025
f 1028//1025 1057//1054 1029//1026
f 1057//1054 1058//1055 1029//1026
f 1029//1026 1058//1055 1030//1027
f 1058//1055 1059//1056 1030//1027
f 1030//1027 1059//1056 1031//1028
f 1059//1056 1060//1057 1031//1028
f 1031//1028 1060//1057 1032//1029
f 1060//1057 1061//1058 1032//1029
f 1032//1029 1061//1058 1033//1030
f 1061//1058 1062//1059 1033//1030
f 1033//1030 1062//1059 1034//1031
f 1062//1059 1063//1060 1034//1031
f 1034//1031 1063//1060 1035//1032
f 1063//1060 1064//1061 1035//1032
f 1035//1032 1064//1061 1036//1033
f 1064//1061 1065//1062 1036//1033
f 1036//1033 1065//1062 1037//1034
f 1065//1062 1066//1063 1037//1034
f 1037//1034 1066//1063 1038//1035
f 1066//1063 1067//1064 1038//1035
f 1038//1035 1067//1064 1039//1036
f 1067//1064 1068//1065 1039//1036
f 1039//1036 1068//1065 1040//1037
f 1068//1065 1069//1066 1040//1037
f 1040//1037 1069//1066 1041//1038
f 1069//1066 1070//1067 1041//1038
f 1041//1038 1070//1067 1042//1039
f 1070//1067 1071//1068 1042//1039
f 1042//1039 1071//1068 1043//1040
f 1071//1068 1072//1069 1043//1040
f 1043//1040 1072//1069 1044//1041
f 1072//1069 1073//1070 1044//1041
f 1044//1041 1073//1070 1045//1042
f 1073//1070 1074//1071 1045//1042
f 1045//1042 1074//1071 1046//1043
f 1074//1071 1075//1072 1046//1043
f 1046//1043 1075//1072 1047//1044
f 1075//1072 1076//1073 1047//1044
f 1047//1044 1076//1073 1048//1045
f 1076//1073 1077//1074 1048//1045
f 1049//1046 1078//1075 1050//1047
f 1078//1075 1079//1076 1050//1047
f 1050//1047 1079//1076 1051//1048
f 1079//1076 1080//1077 1051//1048
f 1051//1048 1080//1077 1052//1049
f 1080//1077 1081//1078 1052//1049
f 1052//1049 1081//1078 1053//1050
f 1081//1078 1082//1079 1053//1050
f 1053//1050 1082//1079 1054//1051
f 1082//1079 1083//1080 1054//1051
f 1054//1051 1083//1080 1055//1052
f 1083//1080 1084//1081 1055//1052
f 1055//1052 1084//1081 1056//1053
f 1084//1081 1085//1082 1056//1053
f 1056//1053 1085//1082 1057//1054
f 1085//1082 1086//1083 1057//1054
f 1057//1054 1086//1083 1058//1055
f 1086//1083 1087//1084 1058//1055
f 1058//1055 1087//1084 1059//1056
f 1087//1084 1088//1085 1059//1056
f 1059//1056 1088//1085 1060//1057
f 1088//1085 1089//1086 1060//1057
f 1060//1057 1089//1086 1061//1058
f 1089//1086 1090//1087 1061//1058
f 1061//1058 1090//1087 1062//1059
f 1090//1087 1091//1088 1062//1059
f 1062//1059 1091//1088 1063//1060
f 1091//1088 1092//1089 1063//1060
f 1063//1060 1092//1089 1064//1061
f 1092//1089 1093//1090 1064//1061
f 1064//1061 1093//1090 1065//1062
f 1093//1090 1094//1091 1065//1062
f 1065//1062 1094//1091 1066//1063
f 1094//1091 1095//1092 1066//1063
f 1066//1063 1095//1092 1067//1064
f 1095//1092 1096//1093 1067//1064
f 1067//1064 1096//1093 1068//1065
f 1096//1093 1097//1094 1068//1065
f 1068//1065 1097//1094 1069//1066
f 1097//1094 1098//1095 1069//1066
f 1069//1066 1098//1095 1070//1067
f 1098//1095 1099//1096 1070//1067
f 1070//1067 1099//1096 1071//1068
f 1099//1096 1100//1097 1071//1068
f 1071//1068 1100//1097 1072//1069
f 1100//1097 1101//1098 1072//1069
f 1072//1069 1101//1098 1073//1070
f 1101//1098 1102//1099 1073//1070
f 1073//1070 1102//1099 1074//1071
f 1102//1099 1103//1100 1074//1071
f 1074//1071 1103//1100 1075//1072
f 1103//1100 1104//1101 1075//1072
f 1075//1072 1104//1101 1076//1073
f 1104//1101 1105//1102 1076//1073
f 1076//1073 1105//1102 1077//1074
f 1105//1102 1106//1103 1077//1074
f 1078//1075 1107//1104 1079//1076
f 1107//1104 1108//1105 1079//1076
f 1079//1076 1108//1105 1080//1077
f 1108//1105 1109//1106 1080//1077
f 1080//1077 1109//1106 1081//1078
f 1109//1106 1110//1107 1081//1078
f 1081//1078 1110//1107 1082//1079
f 1110//1107 1111//1108 1082//1079
f 1082//1079 1111//1108 1083//1080
f 1111//1108 1112//1109 1083//1080
f 1083//1080 1112//1109 1084//1081
f 1112//1109 1113//1110 1084//1081
f 1084//1081 1113//1110 1085//1082
f 1113//1110 1114//1111 1085//1082
f 1085//1082 1114//1111 1086//1083
f 1114//1111 1115//1112 1086//1083
f 1086//1083 1115//1112 1087//1084
f 1115//1112 1116//1113 1087//1084
f 1087//1084 1116//1113 1088//1085
f 1116//1113 1117//1114 1088//1085
f 1088//1085 1117//1114 1089//1086
f 1117//1114 1118//1115 1089//1086
f 1089//1086 1118//1115 1090//1087
f 1118//1115 1119//1116 1090//1087
f 1090//1087 1119//1116 1091//1088
f 1119//1116 1120//1117 1091//1088
f 1091//1088 1120//1117 1092//1089
f 1120//1117 1121//1118 1092//1089
f 1092//1089 1121//1118 1093//1090
f 1121//1118 1122//1119 1093//1090
f 1093//1090 1122//1119 1094//1091
f 1122//1119 1123//1120 1094//1091
f 1094//1091 1123//1120 1095//1092
f 1123//1120 1124//1121 1095//1092
f 1095//1092 1124//1121 1096//1093
f 1124//1121 1125//1122 1096//1093
f 1096//1093 1125//1122 1097//1094
f 1125//1122 1126//1123 1097//1094
f 1097//1094 1126//1123 1098//1095
f 1126//1123 1127//1124 1098//1095
f 1098//1095 1127//1124 1099//1096
f 1127//1124 1128//1125 1099//1096
f 1099//1096 1128//1125 1100//1097
f 1128//1125 1129//1126 1100//1097
f 1100//1097 1129//1126 1101//1098
f 1129//1126 1130//1127 1101//1098
f 1101//1098 1130//1127 1102//1099
f 1130//1127 1131//1128 1102//1099
f 1102//1099 1131//1128 1103//1100
f 1131//1128 1132//1129 1103//1100
f 1103//1100 1132//1129 1104//1101
f 1132//1129 1133//1130 1104//1101
f 1104//1101 1133//1130 1105//1102
f 1133//1130 1134//1131 1105//1102
f 1105//1102 1134//1131 1106//1103
f 1134//1131 1135//1132 1106//1103
f 1107//1104 1136//1133 1108//1105
f 1136//1133 1137//1134 1108//1105
f 1108//1105 1137//1134 1109//1106
f 1137//1134 1138//1135 1109//1106
f 1109//1106 1138//1135 1110//1107
f 1138//1135 1139//1136 1110//1107
f 1110//1107 1139//1136 1111//1108
f 1139//1136 1140//1137 1111//1108
f 1111//1108 1140//1137 1112//1109
f 1140//1137 1141//1138 1112//1109
f 1112//1109 1141//1138 1113//1110
f 1141//1138 1142//1139 1113//1110
f 1113//1110 1142//1139 1114//1111
f 1142//1139 1143//1140 1114//1111
f 1114//1111 1143//1140 1115//1112
f 1143//1140 1144//1141 1115//1112
f 1115//1112 1144//1141 1116//1113
f 1144//1141 1145//1142 1116//1113
f 1116//1113 1145//1142 1117//1114
f 1145//1142 1146//1143 1117//1114
f 1117//1114 1146//1143 1118//1115
f 1146//1143 1147//1144 1118//1115
f 1118//1115 1147//1144 1119//1116
f 1147//1144 1148//1145 1119//1116
f 1119//1116 1148//1145 1120//1117
f 1148//1145 1149//1146 1120//1117
f 1120//1117 1149//1146 1121//1118
f 1149//1146 1150//1147 1121//1118
f 1121//1118 1150//1147 1122//1119
f 1150//1147 1151//1148 1122//1119
f 1122//1119 1151//1148 1123//1120
f 1151//1148 1152//1149 1123//1120
f 1123//1120 1152//1149 1124//1121
f 1152//1149 1153//1150 1124//1121
f 1124//1121 1153//1150 1125//1122
f 1153//1150 1154//1151 1125//1122
f 1125//1122 1154//1151 1126//1123
f 1154//1151 1155//1152 1126//1123
f 1126//1123 1155//1152 1127//1124
f 1155//1152 1156//1153 1127//1124
f 1127//1124 1156//1153 1128//1125
f 1156//1153 1157//1154 1128//1125
f 1128//1125 1157//1154 1129//1126
f 1157//1154 1158//1155 1129//1126
f 1129//1126 1158//1155 1130//1127
f 1158//1155 1159//1156 1130//1127
f 1130//1127 1159//1156 1131//1128
f 1159//1156 1160//1157 1131//1128
f 1131//1128 1160//1157 1132//1129
f 1160//1157 1161//1158 1132//1129
f 1132//1129 1161//1158 1133//1130
f 1161//1158 1162//1159 1133//1130
f 1133//1130 1162//1159 1134//1131
f 1162//1159 1163//1160 1134//1131
f 1134//1131 1163//1160 1135//1132
f 1163//1160 1164//1161 1135//1132
f 1136//1133 1165//1162 1137//1134
f 1165//1162 1166//1163 1137//1134
f 1137//1134 1166//1163 1138//1135
f 1166//1163 1167//1164 1138//1135
f 1138//1135 1167//1164 1139//1136
f 1167//1164 1168//1165 1139//1136
f 1139//1136 1168//1165 1140//1137
f 1168//1165 1169//1166 1140//1137
f 1140//1137 1169//1166 1141//1138
f 1169//1166 1170//1167 1141//1138
f 1141//1138 1170//1167 1142//1139
f 1170//1167 1171//1168 1142//1139
f 1142//1139 1171//1168 1143//1140
f 1171//1168 1172//1169 1143//1140
f 1143//1140 1172//1169 1144//1141
f 1172//1169 1173//1170 1144//1141
f 1144//1141 1173//1170 1145//1142
f 1173//1170 1174//1171 1145//1142
f 1145//1142 1174//1171 1146//1143
f 1174//1171 1175//1172 1146//1143
f 1146//1143 1175//1172 1147//1144
f 1175//1172 1176//1173 1147//1144
f 1147//1144 1176//1173 1148//1145
f 1176//1173 1177//1174 1148//1145
f 1148//1145 1177//1174 1149//1146
f 1177//1174 1178//1175 1149//1146
f 1149//1146 1178//1175 1150//1147
f 1178//1175 1179//1176 1150//1147
f 1150//1147 1179//1176 1151//1148
f 1179//1176 1180//1177 1151//1148
f 1151//1148 1180//1177 1152//1149
f 1180//1177 1181//1178 1152//1149
f 1152//1149 1181//1178 1153//1150
f 1181//1178 1182//1179 1153//1150
f 1153//1150 1182//1179 1154//1151
f 1182//1179 1183//1180 1154//1151
f 1154//1151 1183//1180 1155//1152
f 1183//1180 1184//1181 1155//1152
f 1155//1152 1184//1181 1156//1153
f 1184//1181 1185//1182 1156//1153
f 1156//1153 1185//1182 1157//1154
f 1185//1182 1186//1183 1157//1154
f 1157//1154 1186//1183 1158//1155
f 1186//1183 1187//1184 1158//1155
f 1158//1155 1187//1184 1159//1156
f 1187//1184 1188//1185 1159//1156
f 1159//1156 1188//1185 1160//1157
f 1188//1185 1189//1186 1160//1157
f 1160//1157 1189//1186 1161//1158
f 1189//1186 1190//1187 1161//1158
f 1161//1158 1190//1187 1162//1159
f 1190//1187 1191//1188 1162//1159
f 1162//1159 1191//1188 1163//1160
f 1191//1188 1192//1189 1163//1160
f 1163//1160 1192//1189 1164//1161
f 1192//1189 1193//1190 1164//1161
f 1165//1162 1194//1191 1166//1163
f 1194//1191 1195//1192 1166//1163
f 1166//1163 1195//1192 1167//1164
f 1195//1192 1196//1193 1167//1164
f 1167//1164 1196//1193 1168//1165
f 1196//1193 1197//1194 1168//1165
f 1168//1165 1197//1194 1169//1166
f 1197//1194 1198//1195 1169//1166
f 1169//1166 1198//1195 1170//1167
f 1198//1195 1199//1196 1170//1167
f 1170//1167 1199//1196 1171//1168
f 1199//1196 1200//1197 1171//1168
f 1171//1168 1200//1197 1172//1169
f 1200//1197 1201//1198 1172//1169
f 1172//1169 1201//1198 1173//1170
f 1201//1198 1202//1199 1173//1170
f 1173//1170 1202//1199 1174//1171
f 1202//1199 1203//1200 1174//1171
f 1174//1171 1203//1200 1175//1172
f 1203//1200 1204//1201 1175//1172
f 1175//1172 1204//1201 1176//1173
f 1204//1201 1205//1202 1176//1173
f 1176//1173 1205//1202 1177//1174
f 1205//1202 1206//1203 1177//1174
f 1177//1174 1206//1203 1178//1175
f 1206//1203 1207//1204 1178//1175
f 1178//1175 1207//1204 1179//1176
f 1207//1204 1208//1205 1179//1176
f 1179//1176 1208//1205 1180//1177
f 1208//1205 1209//1206 1180//1177
f 1180//1177 1209//1206 1181//1178
f 1209//1206 1210//1207 1181//1178
f 1181//1178 1210//1207 1182//1179
f 1210//1207 1211//1208 1182//1179
f 1182//1179 1211//1208 1183//1180
f 1211//1208 1212//1209 1183//1180
f 1183//1180 1212//1209 1184//1181
f 1212//1209 1213//1210 1184//1181
f 1184//1181 1213//1210 1185//1182
f 1213//1210 1214//1211 1185//1182
f 1185//1182 1214//1211 1186//1183
f 1214//1211 1215//1212 1186//1183
f 1186//1183 1215//1212 1187//1184
f 1215//1212 1216//1213 1187//1184
f 1187//1184 1216//1213 1188//1185
f 1216//1213 1217//1214 1188//1185
f 1188//1185 1217//1214 1189//1186
f 1217//1214 1218//1215 1189//1186
f 1189//1186 1218//1215 1190//1187
f 1218//1215 1219//1216 1190//1187
f 1190//1187 1219//1216 1191//1188
f 1219//1216 1220//1217 1191//1188
f 1191//1188 1220//1217 1192//1189
f 1220//1217 1221//1218 1192//1189
f 1192//1189 1221//1218 1193//1190
f 1221//1218 1222//1219 1193//1190
f 1194//1191 1223//1220 1195//1192
f 1223//1220 1224//1221 1195//1192
f 1195//1192 1224//1221 1196//1193
f 1224//1221 1225//1222 1196//1193
f 1196//1193 1225//1222 1197//1194
f 1225//1222 1226//1223 1197//1194
f 1197//1194 1226//1223 1198//1195
f 1226//1223 1227//1224 1198//1195
f 1198//1195 1227//1224 1199//1196
f 1227//1224 1228//1225 1199//1196
f 1199//1196 1228//1225 1200//1197
f 1228//1225 1229//1226 1200//1197
f 1200//1197 1229//1226 1201//1198
f 1229//1226 1230//1227 1201//1198
f 1201//1198 1230//1227 1202//1199
f 1230//1227 1231//1228 1202//1199
f 1202//1199 1231//1228 1203//1200
f 1231//1228 1232//1229 1203//1200
f 1203//1200 1232//1229 1204//1201
f 1232//1229 1233//1230 1204//1201
f 1204//1201 1233//1230 1205//1202
f 1233//1230 1234//1231 1205//1202
f 1205//1202 1234//1231 1206//1203
f 1234//1231 1235//1232 1206//1203
f 1206//1203 1235//1232 1207//1204
f 1235//1232 1236//1233 1207//1204
f 1207//1204 1236//1233 1208//1205
f 1236//1233 1237//1234 1208//1205
f 1208//1205 1237//1234 1209//1206
f 1237//1234 1238//1235 1209//1206
f 1209//1206 1238//1235 1210//1207
f 1238//1235 1239//1236 1210//1207
f 1210//1207 1239//1236 1211//1208
f 1239//1236 1240//1237 1211//1208
f 1211//1208 1240//1237 1212//1209
f 1240//1237 1241//1238 1212//1209
f 1212//1209 1241//1238 1213//1210
f 1241//1238 1242//1239 1213//1210
f 1213//1210 1242//1239 1214//1211
f 1242//1239 1243//1240 1214//1211
f 1214//1211 1243//1240 1215//1212
f 1243//1240 1244//1241 1215//1212
f 1215//1212 1244//1241 1216//1213
f 1244//1241 1245//1242 1216//1213
f 1216//1213 1245//1242 1217//1214
f 1245//1242 1246//1243 1217//1214
f 1217//1214 1246//1243 1218//1215
f 1246//1243 1247//1244 1218//1215
f 1218//1215 1247//1244 1219//1216
f 1247//1244 1248//1245 1219//1216
f 1219//1216 1248//1245 1220//1217
f 1248//1245 1249//1246 1220//1217
f 1220//1217 1249//1246 1221//1218
f 1249//1246 1250//1247 1221//1218
f 1221//1218 1250//1247 1222//1219
f 1250//1247 1251//1248 1222//1219
f 1223//1220 1252//1249 1224//1221
f 1252//1249 1253//1250 1224//1221
f 1224//1221 1253//1250 1225//1222
f 1253//1250 1254//1251 1225//1222
f 1225//1222 1254//1251 1226//1223
f 1254//1251 1255//1252 1226//1223
f 1226//1223 1255//1252 1227//1224
f 1255//1252 1256//1253 1227//1224
f 1227//1224 1256//1253 1228//1225
f 1256//1253 1257//1254 1228//1225
f 1228//1225 1257//1254 1229//1226
f 1257//1254 1258//1255 1229//1226
f 1229//1226 1258//1255 1230//1227
f 1258//1255 1259//1256 1230//1227
f 1230//1227 1259//1256 1231//1228
f 1259//1256 1260//1257 1231//1228
f 1231//1228 1260//1257 1232//1229
f 1260//1257 1261//1258 1232//1229
f 1232//1229 1261//1258 1233//1230
f 1261//1258 1262//1259 1233//1230
f 1233//1230 1262//1259 1234//1231
f 1262//1259 1263//1260 1234//1231
f 1234//1231 1263//1260 1235//1232
f 1263//1260 1264//1261 1235//1232
f 1235//1232 1264//1261 1236//1233
f 1264//1261 1265//1262 1236//1233
f 1236//1233 1265//1262 1237//1234
f 1265//1262 1266//1263 1237//1234
f 1237//1234 1266//1263 1238//1235
f 1266//1263 1267//1264 1238//1235
f 1238//1235 1267//1264 1239//1236
f 1267//1264 1268//1265 1239//1236
f 1239//1236 1268//1265 1240//1237
f 1268//1265 1269//1266 1240//1237
f 1240//1237 1269//1266 1241//1238
f 1269//1266 1270//1267 1241//1238
f 1241//1238 1270//1267 1242//1239
f 1270//1267 1271//1268 1242//1239
f 1242//1239 1271//1268 1243//1240
f 1271//1268 1272//1269 1243//1240
f 1243//1240 1272//1269 1244//1241
f 1272//1269 1273//1270 1244//1241
f 1244//1241 1273//1270 1245//1242
f 1273//1270 1274//1271 1245//1242
f 1245//1242 1274//1271 1246//1243
f 1274//1271 1275//1272 1246//1243
f 1246//1243 1275//1272 1247//1244
f 1275//1272 1276//1273 1247//1244
f 1247//1244 1276//1273 1248//1245
f 1276//1273 1277//1274 1248//1245
f 1248//1245 1277//1274 1249//1246
f 1277//1274 1278//1275 1249//1246
f 1249//1246 1278//1275 1250//1247
f 1278//1275 1279//1276 1250//1247
f 1250//1247 1279//1276 1251//1248
f 1279//1276 1280//1277 1251//1248
f 1252//1249 1281//1278 1253//1250
f 1281//1278 1282//1279 1253//1250
f 1253//1250 1282//1279 1254//1251
f 1282//1279 1283//1280 1254//1251
f 1254//1251 1283//1280 1255//1252
f 1283//1280 1284//1281 1255//1252
f 1255//1252 1284//1281 1256//1253
f 1284//1281 1285//1282 1256//1253
f 1256//1253 1285//1282 1257//1254
f 1285//1282 1286//1283 1257//1254
f 1257//1254 1286//1283 1258//1255
f 1286//1283 1287//1284 1258//1255
f 1258//1255 1287//1284 1259//1256
f 1287//1284 1288//1285 1259//1256
f 1259//1256 1288//1285 1260//1257
f 1288//1285 1289//1286 1260//1257
f 1260//1257 1289//1286 1261//1258
f 1289//1286 1290//1287 1261//1258
f 1261//1258 1290//1287 1262//1259
f 1290//1287 1291//1288 1262//1259
f 1262//1259 1291//1288 1263//1260
f 1291//1288 1292//1289 1263//1260
f 1263//1260 1292//1289 1264//1261
f 1292//1289 1293//1290 1264//1261
f 1264//1261 1293//1290 1265//1262
f 1293//1290 1294//1291 1265//1262
f 1265//1262 1294//1291 1266//1263
f 1294//1291 1295//1292 1266//1263
f 1266//1263 1295//1292 1267//1264
f 1295//1292 1296//1293 1267//1264
f 1267//1264 1296//1293 1268//1265
f 1296//1293 1297//1294 1268//1265
f 1268//1265 1297//1294 1269//1266
f 1297//1294 1298//1295 1269//1266
f 1269//1266 1298//1295 1270//1267
f 1298//1295 1299//1296 1270//1267
f 1270//1267 1299//1296 1271//1268
f 1299//1296 1300//1297 1271//1268
f 1271//1268 1300//1297 1272//1269
f 1300//1297 1301//1298 1272//1269
f 1272//1269 1301//1298 1273//1270
f 1301//1298 1302//1299 1273//1270
f 1273//1270 1302//1299 1274//1271
f 1302//1299 1303//1300 1274//1271
f 1274//1271 1303//1300 1275//1272
f 1303//1300 1304//1301 1275//1272
f 1275//1272 1304//1301 1276//1273
f 1304//1301 1305//1302 1276//1273
f 1276//1273 1305//1302 1277//1274
f 1305//1302 1306//1303 1277//1274
f 1277//1274 1306//1303 1278//1275
f 1306//1303 1307//1304 1278//1275
f 1278//1275 1307//1304 1279//1276
f 1307//1304 1308//1305 1279//1276
f 1279//1276 1308//1305 1280//1277
f 1308//1305 1309//1306 1280//1277
f 1281//1278 1310//1307 1282//1279
f 1310//1307 1311//1308 1282//1279
f 1282//1279 1311//1308 1283//1280
f 1311//1308 1312//1309 1283//1280
f 1283//1280 1312//1309 1284//1281
f 1312//1309 1313//1310 1284//1281
f 1284//1281 1313//1310 1285//1282
f 1313//1310 1314//1311 1285//1282
f 1285//1282 1314//1311 1286//1283
f 1314//1311 1315//1312 1286//1283
f 1286//1283 1315//1312 1287//1284
f 1315//1312 1316//1313 1287//1284
f 1287//1284 1316//1313 1288//1285
f 1316//1313 1317//1314 1288//1285
f 1288//1285 1317//1314 1289//1286
f 1317//1314 1318//1315 1289//1286
f 1289//1286 1318//1315 1290//1287
f 1318//1315 1319//1316 1290//1287
f 1290//1287 1319//1316 1291//1288
f 1319//1316 1320//1317 1291//1288
f 1291//1288 1320//1317 1292//1289
f 1320//1317 1321//1318 1292//1289
f 1292//1289 1321//1318 1293//1290
f 1321//1318 1322//1319 1293//1290
f 1293//1290 1322//1319 1294//1291
f 1322//1319 1323//1320 1294//1291
f 1294//1291 1323//1320 1295//1292
f 1323//1320 1324//1321 1295//1292
f 1295//1292 1324//1321 1296//1293
f 1324//1321 1325//1322 1296//1293
f 1296//1293 1325//1322 1297//1294
f 1325//1322 1326//1323 1297//1294
f 1297//1294 1326//1323 1298//1295
f 1326//1323 1327//1324 1298//1295
f 1298//1295 1327//1324 1299//1296
f 1327//1324 1328//1325 1299//1296
f 1299//1296 1328//1325 1300//1297
f 1328//1325 1329//1326 1300//1297
f 1300//1297 1329//1326 1301//1298
f 1329//1326 1330//1327 1301//1298
f 1301//1298 1330//1327 1302//1299
f 1330//1327 1331//1328 1302//1299
f 1302//1299 1331//1328 1303//1300
f 1331//1328 1332//1329 1303//1300
f 1303//1300 1332//1329 1304//1301
f 1332//1329 1333//1330 1304//1301
f 1304//1301 1333//1330 1305//1302
f 1333//1330 1334//1331 1305//1302
f 1305//1302 1334//1331 1306//1303
f 1334//1331 1335//1332 1306//1303
f 1306//1303 1335//1332 1307//1304
f 1335//1332 1336//1333 1307//1304
f 1307//1304 1336//1333 1308//1305
f 1336//1333 1337//1334 1308//1305
f 1308//1305 1337//1334 1309//1306
f 1337//1334 1338//1335 1309//1306
f 1310//1307 1339//1336 1311//1308
f 1339//1336 1340//1337 1311//1308
f 1311//1308 1340//1337 1312//1309
f 1340//1337 1341//1338 1312//1309
f 1312//1309 1341//1338 1313//1310
f 1341//1338 1342//1339 1313//1310
f 1313//1310 1342//1339 1314//1311
f 1342//1339 1343//1340 1314//1311
f 1314//1311 1343//1340 1315//1312
f 1343//1340 1344//1341 1315//1312
f 1315//1312 1344//1341 1316//1313
f 1344//1341 1345//1342 1316//1313
f 1316//1313 1345//1342 1317//1314
f 1345//1342 1346//1343 1317//1314
f 1317//1314 1346//1343 1318//1315
f 1346//1343 1347//1344 1318//1315
f 1318//1315 1347//1344 1319//1316
f 1347//1344 1348//1345 1319//1316
f 1319//1316 1348//1345 1320//1317
f 1348//1345 1349//1346 1320//1317
f 1320//1317 1349//1346 1321//1318
f 1349//1346 1350//1347 1321//1318
f 1321//1318 1350//1347 1322//1319
f 1350//1347 1351//1348 1322//1319
f 1322//1319 1351//1348 1323//1320
f 1351//1348 1352//1349 1323//1320
f 1323//1320 1352//1349 1324//1321
f 1352//1349 1353//1350 1324//1321
f 1324//1321 1353//1350 1325//1322
f 1353//1350 1354//1351 1325//1322
f 1325//1322 1354//1351 1326//1323
f 1354//1351 1355//1352 1326//1323
f 1326//1323 1355//1352 1327//1324
f 1355//1352 1356//1353 1327//1324
f 1327//1324 1356//1353 1328//1325
f 1356//1353 1357//1354 1328//1325
f 1328//1325 1357//1354 1329//1326
f 1357//1354 1358//1355 1329//1326
f 1329//1326 1358//1355 1330//1327
f 1358//1355 1359//1356 1330//1327
f 1330//1327 1359//1356 1331//1328
f 1359//1356 1360//1357 1331//1328
f 1331//1328 1360//1357 1332//1329
f 1360//1357 1361//1358 1332//1329
f 1332//1329 1361//1358 1333//1330
f 1361//1358 1362//1359 1333//1330
f 1333//1330 1362//1359 1334//1331
f 1362//1359 1363//1360 1334//1331
f 1334//1331 1363//1360 1335//1332
f 1363//1360 1364//1361 1335//1332
f 1335//1332 1364//1361 1336//1333
f 1364//1361 1365//1362 1336//1333
f 1336//1333 1365//1362 1337//1334
f 1365//1362 1366//1363 1337//1334
f 1337//1334 1366//1363 1338//1335
f 1366//1363 1367//1364 1338//1335
f 1339//1336 1368//1365 1340//1337
f 1368//1365 1369//1366 1340//1337
f 1340//1337 1369//1366 1341//1338
f 1369//1366 1370//1367 1341//1338
f 1341//1338 1370//1367 1342//1339
f 1370//1367 1371//1368 1342//1339
f 1342//1339 1371//1368 1343//1340
f 1371//1368 1372//1369 1343//1340
f 1343//1340 1372//1369 1344//1341
f 1372//1369 1373//1370 1344//1341
f 1344//1341 1373//1370 1345//1342
f 1373//1370 1374//1371 1345//1342
f 1345//1342 1374//1371 1346//1343
f 1374//1371 1375//1372 1346//1343
f 1346//1343 1375//1372 1347//1344
f 1375//1372 1376//1373 1347//1344
f 1347//1344 1376//1373 1348//1345
f 1376//1373 1377//1374 1348//1345
f 1348//1345 1377//1374 1349//1346
f 1377//1374 1378//1375 1349//1346
f 1349//1346 1378//1375 1350//1347
f 1378//1375 1379//1376 1350//1347
f 1350//1347 1379//1376 1351//1348
f 1379//1376 1380//1377 1351//1348
f 1351//1348 1380//1377 1352//1349
f 1380//1377 1381//1378 1352//1349
f 1352//1349 1381//1378 1353//1350
f 1381//1378 1382//1379 1353//1350
f 1353//1350 1382//1379 1354//1351
f 1382//1379 1383//1380 1354//1351
f 1354//1351 1383//1380 1355//1352
f 1383//1380 1384//1381 1355//1352
f 1355//1352 1384//1381 1356//1353
f 1384//1381 1385//1382 1356//1353
f 1356//1353 1385//1382 1357//1354
f 1385//1382 1386//1383 1357//1354
f 1357//1354 1386//1383 1358//1355
f 1386//1383 1387//1384 1358//1355
f 1358//1355 1387//1384 1359//1356
f 1387//1384 1388//1385 1359//1356
f 1359//1356 1388//1385 1360//1357
f 1388//1385 1389//1386 1360//1357
f 1360//1357 1389//1386 1361//1358
f 1389//1386 1390//1387 1361//1358
f 1361//1358 1390//1387 1362//1359
f 1390//1387 1391//1388 1362//1359
f 1362//1359 1391//1388 1363//1360
f 1391//1388 1392//1389 1363//1360
f 1363//1360 1392//1389 1364//1361
f 1392//1389 1393//1390 1364//1361
f 1364//1361 1393//1390 1365//1362
f 1393//1390 1394//1391 1365//1362
f 1365//1362 1394//1391 1366//1363
f 1394//1391 1395//1392 1366//1363
f 1366//1363 1395//1392 1367//1364
f 1395//1392 1396//1393 1367//1364
f 1368//1365 1397//1394 1369//1366
f 1397//1394 1398//1395 1369//1366
f 1369//1366 1398//1395 1370//1367
f 1398//1395 1399//1396 1370//1367
f 1370//1367 1399//1396 1371//1368
f 1399//1396 1400//1397 1371//1368
f 1371//1368 1400//1397 1372//1369
f 1400//1397 1401//1398 1372//1369
f 1372//1369 1401//1398 1373//1370
f 1401//1398 1402//1399 1373//1370
f 1373//1370 1402//1399 1374//1371
f 1402//1399 1403//1400 1374//1371
f 1374//1371 1403//1400 1375//1372
f 1403//1400 1404//1401 1375//1372
f 1375//1372 1404//1401 1376//1373
f 1404//1401 1405//1402 1376//1373
f 1376//1373 1405//1402 1377//1374
f 1405//1402 1406//1403 1377//1374
f 1377//1374 1406//1403 1378//1375
f 1406//1403 1407//1404 1378//1375
f 1378//1375 1407//1404 1379//1376
f 1407//1404 1408//1405 1379//1376
f 1379//1376 1408//1405 1380//1377
f 1408//1405 1409//1406 1380//1377
f 1380//1377 1409//1406 1381//1378
f 1409//1406 1410//1407 1381//1378
f 1381//1378 1410//1407 1382//1379
f 1410//1407 1411//1408 1382//1379
f 1382//1379 1411//1408 1383//1380
f 1411//1408 1412//1409 1383//1380
f 1383//1380 1412//1409 1384//1381
f 1412//1409 1413//1410 1384//1381
f 1384//1381 1413//1410 1385//1382
f 1413//1410 1414//1411 1385//1382
f 1385//1382 1414//1411 1386//1383
f 1414//1411 1415//1412 1386//1383
f 1386//1383 1415//1412 1387//1384
f 1415//1412 1416//1413 1387//1384
f 1387//1384 1416//1413 1388//1385
f 1416//1413 1417//1414 1388//1385
f 1388//1385 1417//1414 1389//1386
f 1417//1414 1418//1415 1389//1386
f 1389//1386 1418//1415 1390//1387
f 1418//1415 1419//1416 1390//1387
f 1390//1387 1419//1416 1391//1388
f 1419//1416 1420//1417 1391//1388
f 1391//1388 1420//1417 1392//1389
f 1420//1417 1421//1418 1392//1389
f 1392//1389 1421//1418 1393//1390
f 1421//1418 1422//1419 1393//1390
f 1393//1390 1422//1419 1394//1391
f 1422//1419 1423//1420 1394//1391
f 1394//1391 1423//1420 1395//1392
f 1423//1420 1424//1421 1395//1392
f 1395//1392 1424//1421 1396//1393
f 1424//1421 1425//1422 1396//1393
f 1397//1394 1426//1423 1398//1395
f 1426//1423 1427//1424 1398//1395
f 1398//1395 1427//1424 1399//1396
f 1427//1424 1428//1425 1399//1396
f 1399//1396 1428//1425 1400//1397
f 1428//1425 1429//1426 1400//1397
f 1400//1397 1429//1426 1401//1398
f 1429//1426 1430//1427 1401//1398
f 1401//1398 1430//1427 1402//1399
f 1430//1427 1431//1428 1402//1399
f 1402//1399 1431//1428 1403//1400
f 1431//1428 1432//1429 1403//1400
f 1403//1400 1432//1429 1404//1401
f 1432//1429 1433//1430 1404//1401
f 1404//1401 1433//1430 1405//1402
f 1433//1430 1434//1431 1405//1402
f 1405//1402 1434//1431 1406//1403
f 1434//1431 1435//1432 1406//1403
f 1406//1403 1435//1432 1407//1404
f 1435//1432 1436//1433 1407//1404
f 1407//1404 1436//1433 1408//1405
f 1436//1433 1437//1434 1408//1405
f 1408//1405 1437//1434 1409//1406
f 1437//1434 1438//1435 1409//1406
f 1409//1406 1438//1435 1410//1407
f 1438//1435 1439//1436 1410//1407
f 1410//1407 1439//1436 1411//1408
f 1439//1436 1440//1437 1411//1408
f 1411//1408 1440//1437 1412//1409
f 1440//1437 1441//1438 1412//1409
f 1412//1409 1441//1438 1413//1410
f 1441//1438 1442//1439 1413//1410
f 1413//1410 1442//1439 1414//1411
f 1442//1439 1443//1440 1414//1411
f 1414//1411 1443//1440 1415//1412
f 1443//1440 1444//1441 1415//1412
f 1415//1412 1444//1441 1416//1413
f 1444//1441 1445//1442 1416//1413
f 1416//1413 1445//1442 1417//1414
f 1445//1442 1446//1443 1417//1414
f 1417//1414 1446//1443 1418//1415
f 1446//1443 1447//1444 1418//1415
f 1418//1415 1447//1444 1419//1416
f 1447//1444 1448//1445 1419//1416
f 1419//1416 1448//1445 1420//1417
f 1448//1445 1449//1446 1420//1417
f 1420//1417 1449//1446 1421//1418
f 1449//1446 1450//1447 1421//1418
f 1421//1418 1450//1447 1422//1419
f 1450//1447 1451//1448 1422//1419
f 1422//1419 1451//1448 1423//1420
f 1451//1448 1452//1449 1423//1420
f 1423//1420 1452//1449 1424//1421
f 1452//1449 1453//1450 1424//1421
f 1424//1421 1453//1450 1425//1422
f 1453//1450 1454//1451 1425//1422
f 1426//1423 1455//1452 1427//1424
f 1455//1452 1456//1453 1427//1424
f 1427//1424 1456//1453 1428//1425
f 1456//1453 1457//1454 1428//1425
f 1428//1425 1457//1454 1429//1426
f 1457//1454 1458//1455 1429//1426
f 1429//1426 1458//1455 1430//1427
f 1458//1455 1459//1456 1430//1427
f 1430//1427 1459//1456 1431//1428
f 1459//1456 1460//1457 1431//1428
f 1431//1428 1460//1457 1432//1429
f 1460//1457 1461//1458 1432//1429
f 1432//1429 1461//1458 1433//1430
f 1461//1458 1462//1459 1433//1430
f 1433//1430 1462//1459 1434//1431
f 1462//1459 1463//1460 1434//1431
f 1434//1431 1463//1460 1435//1432
f 1463//1460 1464//1461 1435//1432
f 1435//1432 1464//1461 1436//1433
f 1464//1461 1465//1462 1436//1433
f 1436//1433 1465//1462 1437//1434
f 1465//1462 1466//1463 1437//1434
f 1437//1434 1466//1463 1438//1435
f 1466//1463 1467//1464 1438//1435
f 1438//1435 1467//1464 1439//1436
f 1467//1464 1468//1465 1439//1436
f 1439//1436 1468//1465 1440//1437
f 1468//1465 1469//1466 1440//1437
f 1440//1437 1469//1466 1441//1438
f 1469//1466 1470//1467 1441//1438
f 1441//1438 1470//1467 1442//1439
f 1470//1467 1471//1468 1442//1439
f 1442//1439 1471//1468 1443//1440
f 1471//1468 1472//1469 1443//1440
f 1443//1440 1472//1469 1444//1441
f 1472//1469 1473//1470 1444//1441
f 1444//1441 1473//1470 1445//1442
f 1473//1470 1474//1471 1445//1442
f 1445//1442 1474//1471 1446//1443
f 1474//1471 1475//1472 1446//1443
f 1446//1443 1475//1472 1447//1444
f 1475//1472 1476//1473 1447//1444
f 1447//1444 1476//1473 1448//1445
f 1476//1473 1477//1474 1448//1445
f 1448//1445 1477//1474 1449//1446
f 1477//1474 1478//1475 1449//1446
f 1449//1446 1478//1475 1450//1447
f 1478//1475 1479//1476 1450//1447
f 1450//1447 1479//1476 1451//1448
f 1479//1476 1480//1477 1451//1448
f 1451//1448 1480//1477 1452//1449
f 1480//1477 1481//1478 1452//1449
f 1452//1449 1481//1478 1453//1450
f 1481//1478 1482//1479 1453//1450
f 1453//1450 1482//1479 1454//1451
f 1482//1479 1483//1480 1454//1451
f 1455//1452 1484//1481 1456//1453
f 1484//1481 1485//1482 1456//1453
f 1456//1453 1485//1482 1457//1454
f 1485//1482 1486//1483 1457//1454
f 1457//1454 1486//1483 1458//1455
f 1486//1483 1487//1484 1458//1455
f 1458//1455 1487//1484 1459//1456
f 1487//1484 1488//1485 1459//1456
f 1459//1456 1488//1485 1460//1457
f 1488//1485 1489//1486 1460//1457
f 1460//1457 1489//1486 1461//1458
f 1489//1486 1490//1487 1461//1458
f 1461//1458 1490//1487 1462//1459
f 1490//1487 1491//1488 1462//1459
f 1462//1459 1491//1488 1463//1460
f 1491//1488 1492//1489 1463//1460
f 1463//1460 1492//1489 1464//1461
f 1492//1489 1493//1490 1464//1461
f 1464//1461 1493//1490 1465//1462
f 1493//1490 1494//1491 1465//1462
f 1465//1462 1494//1491 1466//1463
f 1494//1491 1495//1492 1466//1463
f 1466//1463 1495//1492 1467//1464
f 1495//1492 1496//1493 1467//1464
f 1467//1464 1496//1493 1468//1465
f 1496//1493 1497//1494 1468//1465
f 1468//1465 1497//1494 1469//1466
f 1497//1494 1498//1495 1469//1466
f 1469//1466 1498//1495 1470//1467
f 1498//1495 1499//1496 1470//1467
f 1470//1467 1499//1496 1471//1468
f 1499//1496 1500//1497 1471//1468
f 1471//1468 1500//1497 1472//1469
f 1500//1497 1501//1498 1472//1469
f 1472//1469 1501//1498 1473//1470
f 1501//1498 1502//1499 1473//1470
f 1473//1470 1502//1499 1474//1471
f 1502//1499 1503//1500 1474//1471
f 1474//1471 1503//1500 1475//1472
f 1503//1500 1504//1501 1475//1472
f 1475//1472 1504//1501 1476//1473
f 1504//1501 1505//1502 1476//1473
f 1476//1473 1505//1502 1477//1474
f 1505//1502 1506//1503 1477//1474
f 1477//1474 1506//1503 1478//1475
f 1506//1503 1507//1504 1478//1475
f 1478//1475 1507//1504 1479//1476
f 1507//1504 1508//1505 1479//1476
f 1479//1476 1508//1505 1480//1477
f 1508//1505 1509//1506 1480//1477
f 1480//1477 1509//1506 1481//1478
f 1509//1506 1510//1507 1481//1478
f 1481//1478 1510//1507 1482//1479
f 1510//1507 1511//1508 1482//1479
f 1482//1479 1511//1508 1483//1480
f 1511//1508 1512//1509 1483//1480
f 1484//1481 1513//1510 1485//1482
f 1513//1510 1514//1511 1485//1482
f 1485//1482 1514//1511 1486//1483
f 1514//1511 1515//1512 1486//1483
f 1486//1483 1515//1512 1487//1484
f 1515//1512 1516//1513 1487//1484
f 1487//1484 1516//1513 1488//1485
f 1516//1513 1517//1514 1488//1485
f 1488//1485 1517//1514 1489//1486
f 1517//1514 1518//1515 1489//1486
f 1489//1486 1518//1515 1490//1487
f 1518//1515 1519//1516 1490//1487
f 1490//1487 1519//1516 1491//1488
f 1519//1516 1520//1517 1491//1488
f 1491//1488 1520//1517 1492//1489
f 1520//1517 1521//1518 1492//1489
f 1492//1489 1521//1518 1493//1490
f 1521//1518 1522//1519 1493//1490
f 1493//1490 1522//1519 1494//1491
f 1522//1519 1523//1520 1494//1491
f 1494//1491 1523//1520 1495//1492
f 1523//1520 1524//1521 1495//1492
f 1495//1492 1524//1521 1496//1493
f 1524//1521 1525//1522 1496//1493
f 1496//1493 1525//1522 1497//1494
f 1525//1522 1526//1523 1497//1494
f 1497//1494 1526//1523 1498//1495
f 1526//1523 1527//1524 1498//1495
f 1498//1495 1527//1524 1499//1496
f 1527//1524 1528//1525 1499//1496
f 1499//1496 1528//1525 1500//1497
f 1528//1525 1529//1526 1500//1497
f 1500//1497 1529//1526 1501//1498
f 1529//1526 1530//1527 1501//1498
f 1501//1498 1530//1527 1502//1499
f 1530//1527 1531//1528 1502//1499
f 1502//1499 1531//1528 1503//1500
f 1531//1528 1532//1529 1503//1500
f 1503//1500 1532//1529 1504//1501
f 1532//1529 1533//1530 1504//1501
f 1504//1501 1533//1530 1505//1502
f 1533//1530 1534//1531 1505//1502
f 1505//1502 1534//1531 1506//1503
f 1534//1531 1535//1532 1506//1503
f 1506//1503 1535//1532 1507//1504
f 1535//1532 1536//1533 1507//1504
f 1507//1504 1536//1533 1508//1505
f 1536//1533 1537//1534 1508//1505
f 1508//1505 1537//1534 1509//1506
f 1537//1534 1538//1535 1509//1506
f 1509//1506 1538//1535 1510//1507
f 1538//1535 1539//1536 1510//1507
f 1510//1507 1539//1536 1511//1508
f 1539//1536 1540//1537 1511//1508
f 1511//1508 1540//1537 1512//1509
f 1540//1537 1541//1538 1512//1509
f 1513//1510 1542//1539 1514//1511
f 1542//1539 1543//1540 1514//1511
f 1514//1511 1543//1540 1515//1512
f 1543//1540 1544//1541 1515//1512
f 1515//1512 1544//1541 1516//1513
f 1544//1541 1545//1542 1516//1513
f 1516//1513 1545//1542 1517//1514
f 1545//1542 1546//1543 1517//1514
f 1517//1514 1546//1543 1518//1515
f 1546//1543 1547//1544 1518//1515
f 1518//1515 1547//1544 1519//1516
f 1547//1544 1548//1545 1519//1516
f 1519//1516 1548//1545 1520//1517
f 1548//1545 1549//1546 1520//1517
f 1520//1517 1549//1546 1521//1518
f 1549//1546 1550//1547 1521//1518
f 1521//1518 1550//1547 1522//1519
f 1550//1547 1551//1548 1522//1519
f 1522//1519 1551//1548 1523//1520
f 1551//1548 1552//1549 1523//1520
f 1523//1520 1552//1549 1524//1521
f 1552//1549 1553//1550 1524//1521
f 1524//1521 1553//1550 1525//1522
f 1553//1550 1554//1551 1525//1522
f 1525//1522 1554//1551 1526//1523
f 1554//1551 1555//1552 1526//1523
f 1526//1523 1555//1552 1527//1524
f 1555//1552 1556//1553 1527//1524
f 1527//1524 1556//1553 1528//1525
f 1556//1553 1557//1554 1528//1525
f 1528//1525 1557//1554 1529//1526
f 1557//1554 1558//1555 1529//1526
f 1529//1526 1558//1555 1530//1527
f 1558//1555 1559//1556 1530//1527
f 1530//1527 1559//1556 1531//1528
f 1559//1556 1560//1557 1531//1528
f 1531//1528 1560//1557 1532//1529
f 1560//1557 1561//1558 1532//1529
f 1532//1529 1561//1558 1533//1530
f 1561//1558 1562//1559 1533//1530
f 1533//1530 1562//1559 1534//1531
f 1562//1559 1563//1560 1534//1531
f 1534//1531 1563//1560 1535//1532
f 1563//1560 1564//1561 1535//1532
f 1535//1532 1564//1561 1536//1533
f 1564//1561 1565//1562 1536//1533
f 1536//1533 1565//1562 1537//1534
f 1565//1562 1566//1563 1537//1534
f 1537//1534 1566//1563 1538//1535
f 1566//1563 1567//1564 1538//1535
f 1538//1535 1567//1564 1539//1536
f 1567//1564 1568//1565 1539//1536
f 1539//1536 1568//1565 1540//1537
f 1568//1565 1569//1566 1540//1537
f 1540//1537 1569//1566 1541//1538
f 1569//1566 1570//1567 1541//1538
f 1542//1539 1571//1568 1543//1540
f 1571//1568 1572//1569 1543//1540
f 1543//1540 1572//1569 1544//1541
f 1572//1569 1573//1570 1544//1541
f 1544//1541 1573//1570 1545//1542
f 1573//1570 1574//1571 1545//1542
f 1545//1542 1574//1571 1546//1543
f 1574//1571 1575//1572 1546//1543
f 1546//1543 1575//1572 1547//1544
f 1575//1572 1576//1573 1547//1544
f 1547//1544 1576//1573 1548//1545
f 1576//1573 1577//1574 1548//1545
f 1548//1545 1577//1574 1549//1546
f 1577//1574 1578//1575 1549//1546
f 1549//1546 1578//1575 1550//1547
f 1578//1575 1579//1576 1550//1547
f 1550//1547 1579//1576 1551//1548
f 1579//1576 1580//1577 1551//1548
f 1551//1548 1580//1577 1552//1549
f 1580//1577 1581//1578 1552//1549
f 1552//1549 1581//1578 1553//1550
f 1581//1578 1582//1579 1553//1550
f 1553//1550 1582//1579 1554//1551
f 1582//1579 1583//1580 1554//1551
f 1554//1551 1583//1580 1555//1552
f 1583//1580 1584//1581 1555//1552
f 1555//1552 1584//1581 1556//1553
f 1584//1581 1585//1582 1556//1553
f 1556//1553 1585//1582 1557//1554
f 1585//1582 1586//1583 1557//1554
f 1557//1554 1586//1583 1558//1555
f 1586//1583 1587//1584 1558//1555
f 1558//1555 1587//1584 1559//1556
f 1587//1584 1588//1585 1559//1556
f 1559//1556 1588//1585 1560//1557
f 1588//1585 1589//1586 1560//1557
f 1560//1557 1589//1586 1561//1558
f 1589//1586 1590//1587 1561//1558
f 1561//1558 1590//1587 1562//1559
f 1590//1587 1591//1588 1562//1559
f 1562//1559 1591//1588 1563//1560
f 1591//1588 1592//1589 1563//1560
f 1563//1560 1592//1589 1564//1561
f 1592//1589 1593//1590 1564//1561
f 1564//1561 1593//1590 1565//1562
f 1593//1590 1594//1591 1565//1562
f 1565//1562 1594//1591 1566//1563
f 1594//1591 1595//1592 1566//1563
f 1566//1563 1595//1592 1567//1564
f 1595//1592 1596//1593 1567//1564
f 1567//1564 1596//1593 1568//1565
f 1596//1593 1597//1594 1568//1565
f 1568//1565 1597//1594 1569//1566
f 1597//1594 1598//1595 1569//1566
f 1569//1566 1598//1595 1570//1567
f 1598//1595 1599//1596 1570//1567
f 1571//1568 1600//1597 1572//1569
f 1600//1597 1601//1598 1572//1569
f 1572//1569 1601//1598 1573//1570
f 1601//1598 1602//1599 1573//1570
f 1573//1570 1602//1599 1574//1571
f 1602//1599 1603//1600 1574//1571
f 1574//1571 1603//1600 1575//1572
f 1603//1600 1604//1601 1575//1572
f 1575//1572 1604//1601 1576//1573
f 1604//1601 1605//1602 1576//1573
f 1576//1573 1605//1602 1577//1574
f 1605//1602 1606//1603 1577//1574
f 1577//1574 1606//1603 1578//1575
f 1606//1603 1607//1604 1578//1575
f 1578//1575 1607//1604 1579//1576
f 1607//1604 1608//1605 1579//1576
f 1579//1576 1608//1605 1580//1577
f 1608//1605 1609//1606 1580//1577
f 1580//1577 1609//1606 1581//1578
f 1609//1606 1610//1607 1581//1578
f 1581//1578 1610//1607 1582//1579
f 1610//1607 1611//1608 1582//1579
f 1582//1579 1611//1608 1583//1580
f 1611//1608 1612//1609 1583//1580
f 1583//1580 1612//1609 1584//1581
f 1612//1609 1613//1610 1584//1581
f 1584//1581 1613//1610 1585//1582
f 1613//1610 1614//1611 1585//1582
f 1585//1582 1614//1611 1586//1583
f 1614//1611 1615//1612 1586//1583
f 1586//1583 1615//1612 1587//1584
f 1615//1612 1616//1613 1587//1584
f 1587//1584 1616//1613 1588//1585
f 1616//1613 1617//1614 1588//1585
f 1588//1585 1617//1614 1589//1586
f 1617//1614 1618//1615 1589//1586
f 1589//1586 1618//1615 1590//1587
f 1618//1615 1619//1616 1590//1587
f 1590//1587 1619//1616 1591//1588
f 1619//1616 1620//1617 1591//1588
f 1591//1588 1620//1617 1592//1589
f 1620//1617 1621//1618 1592//1589
f 1592//1589 1621//1618 1593//1590
f 1621//1618 1622//1619 1593//1590
f 1593//1590 1622//1619 1594//1591
f 1622//1619 1623//1620 1594//1591
f 1594//1591 1623//1620 1595//1592
f 1623//1620 1624//1621 1595//1592
f 1595//1592 1624//1621 1596//1593
f 1624//1621 1625//1622 1596//1593
f 1596//1593 1625//1622 1597//1594
f 1625//1622 1626//1623 1597//1594
f 1597//1594 1626//1623 1598//1595
f 1626//1623 1627//1624 1598//1595
f 1598//1595 1627//1624 1599//1596
f 1627//1624 1628//1625 1599//1596
f 1600//1597 1629//1626 1601//1598
f 1629//1626 1630//1627 1601//1598
f 1601//1598 1630//1627 1602//1599
f 1630//1627 1631//1628 1602//1599
f 1602//1599 1631//1628 1603//1600
f 1631//1628 1632//1629 1603//1600
f 1603//1600 1632//1629 1604//1601
f 1632//1629 1633//1630 1604//1601
f 1604//1601 1633//1630 1605//1602
f 1633//1630 1634//1631 1605//1602
f 1605//1602 1634//1631 1606//1603
f 1634//1631 1635//1632 1606//1603
f 1606//1603 1635//1632 1607//1604
f 1635//1632 1636//1633 1607//1604
f 1607//1604 1636//1633 1608//1605
f 1636//1633 1637//1634 1608//1605
f 1608//1605 1637//1634 1609//1606
f 1637//1634 1638//1635 1609//1606
f 1609//1606 1638//1635 1610//1607
f 1638//1635 1639//1636 1610//1607
f 1610//1607 1639//1636 1611//1608
f 1639//1636 1640//1637 1611//1608
f 1611//1608 1640//1637 1612//1609
f 1640//1637 1641//1638 1612//1609
f 1612//1609 1641//1638 1613//1610
f 1641//1638 1642//1639 1613//1610
f 1613//1610 1642//1639 1614//1611
f 1642//1639 1643//1640 1614//1611
f 1614//1611 1643//1640 1615//1612
f 1643//1640 1644//1641 1615//1612
f 1615//1612 1644//1641 1616//1613
f 1644//1641 1645//1642 1616//1613
f 1616//1613 1645//1642 1617//1614
f 1645//1642 1646//1643 1617//1614
f 1617//1614 1646//1643 1618//1615
f 1646//1643 1647//1644 1618//1615
f 1618//1615 1647//1644 1619//1616
f 1647//1644 1648//1645 1619//1616
f 1619//1616 1648//1645 1620//1617
f 1648//1645 1649//1646 1620//1617
f 1620//1617 1649//1646 1621//1618
f 1649//1646 1650//1647 1621//1618
f 1621//1618 1650//1647 1622//1619
f 1650//1647 1651//1648 1622//1619
f 1622//1619 1651//1648 1623//1620
f 1651//1648 1652//1649 1623//1620
f 1623//1620 1652//1649 1624//1621
f 1652//1649 1653//1650 1624//1621
f 1624//1621 1653//1650 1625//1622
f 1653//1650 1654//1651 1625//1622
f 1625//1622 1654//1651 1626//1623
f 1654//1651 1655//1652 1626//1623
f 1626//1623 1655//1652 1627//1624
f 1655//1652 1656//1653 1627//1624
f 1627//1624 1656//1653 1628//1625
f 1656//1653 1657//1654 1628//1625
f 1629//1626 1658//1655 1630//1627
f 1658//1655 1659//1656 1630//1627
f 1630//1627 1659//1656 1631//1628
f 1659//1656 1660//1657 1631//1628
f 1631//1628 1660//1657 1632//1629
f 1660//1657 1661//1658 1632//1629
f 1632//1629 1661//1658 1633//1630
f 1661//1658 1662//1659 1633//1630
f 1633//1630 1662//1659 1634//1631
f 1662//1659 1663//1660 1634//1631
f 1634//1631 1663//1660 1635//1632
f 1663//1660 1664//1661 1635//1632
f 1635//1632 1664//1661 1636//1633
f 1664//1661 1665//1662 1636//1633
f 1636//1633 1665//1662 1637//1634
f 1665//1662 1666//1663 1637//1634
f 1637//1634 1666//1663 1638//1635
f 1666//1663 1667//1664 1638//1635
f 1638//1635 1667//1664 1639//1636
f 1667//1664 1668//1665 1639//1636
f 1639//1636 1668//1665 1640//1637
f 1668//1665 1669//1666 1640//1637
f 1640//1637 1669//1666 1641//1638
f 1669//1666 1670//1667 1641//1638
f 1641//1638 1670//1667 1642//1639
f 1670//1667 1671//1668 1642//1639
f 1642//1639 1671//1668 1643//1640
f 1671//1668 1672//1669 1643//1640
f 1643//1640 1672//1669 1644//1641
f 1672//1669 1673//1670 1644//1641
f 1644//1641 1673//1670 1645//1642
f 1673//1670 1674//1671 1645//1642
f 1645//1642 1674//1671 1646//1643
f 1674//1671 1675//1672 1646//1643
f 1646//1643 1675//1672 1647//1644
f 1675//1672 1676//1673 1647//1644
f 1647//1644 1676//1673 1648//1645
f 1676//1673 1677//1674 1648//1645
f 1648//1645 1677//1674 1649//1646
f 1677//1674 1678//1675 1649//1646
f 1649//1646 1678//1675 1650//1647
f 1678//1675 1679//1676 1650//1647
f 1650//1647 1679//1676 1651//1648
f 1679//1676 1680//1677 1651//1648
f 1651//1648 1680//1677 1652//1649
f 1680//1677 1681//1678 1652//1649
f 1652//1649 1681//1678 1653//1650
f 1681//1678 1682//1679 1653//1650
f 1653//1650 1682//1679 1654//1651
f 1682//1679 1683//1680 1654//1651
f 1654//1651 1683//1680 1655//1652
f 1683//1680 1684//1681 1655//1652
f 1655//1652 1684//1681 1656//1653
f 1684//1681 1685//1682 1656//1653
f 1656//1653 1685//1682 1657//1654
f 1685//1682 1686//1683 1657//1654
f 1658//1655 1687//1684 1659//1656
f 1687//1684 1688//1685 1659//1656
f 1659//1656 1688//1685 1660//1657
f 1688//1685 1689//1686 1660//1657
f 1660//1657 1689//1686 1661//1658
f 1689//1686 1690//1687 1661//1658
f 1661//1658 1690//1687 1662//1659
f 1690//1687 1691//1688 1662//1659
f 1662//1659 1691//1688 1663//1660
f 1691//1688 1692//1689 1663//1660
f 1663//1660 1692//1689 1664//1661
f 1692//1689 1693//1690 1664//1661
f 1664//1661 1693//1690 1665//1662
f 1693//1690 1694//1691 1665//1662
f 1665//1662 1694//1691 1666//1663
f 1694//1691 1695//1692 1666//1663
f 1666//1663 1695//1692 1667//1664
f 1695//1692 1696//1693 1667//1664
f 1667//1664 1696//1693 1668//1665
f 1696//1693 1697//1694 1668//1665
f 1668//1665 1697//1694 1669//1666
f 1697//1694 1698//1695 1669//1666
f 1669//1666 1698//1695 1670//1667
f 1698//1695 1699//1696 1670//1667
f 1670//1667 1699//1696 1671//1668
f 1699//1696 1700//1697 1671//1668
f 1671//1668 1700//1697 1672//1669
f 1700//1697 1701//1698 1672//1669
f 1672//1669 1701//1698 1673//1670
f 1701//1698 1702//1699 1673//1670
f 1673//1670 1702//1699 1674//1671
f 1702//1699 1703//1700 1674//1671
f 1674//1671 1703//1700 1675//1672
f 1703//1700 1704//1701 1675//1672
f 1675//1672 1704//1701 1676//1673
f 1704//1701 1705//1702 1676//1673
f 1676//1673 1705//1702 1677//1674
f 1705//1702 1706//1703 1677//1674
f 1677//1674 1706//1703 1678//1675
f 1706//1703 1707//1704 1678//1675
f 1678//1675 1707//1704 1679//1676
f 1707//1704 1708//1705 1679//1676
f 1679//1676 1708//1705 1680//1677
f 1708//1705 1709//1706 1680//1677
f 1680//1677 1709//1706 1681//1678
f 1709//1706 1710//1707 1681//1678
f 1681//1678 1710//1707 1682//1679
f 1710//1707 1711//1708 1682//1679
f 1682//1679 1711//1708 1683//1680
f 1711//1708 1712//1709 1683//1680
f 1683//1680 1712//1709 1684//1681
f 1712//1709 1713//1710 1684//1681
f 1684//1681 1713//1710 1685//1682
f 1713//1710 1714//1711 1685//1682
f 1685//1682 1714//1711 1686//1683
f 1714//1711 1715//1712 1686//1683
f 1687//1684 1716//1713 1688//1685
f 1716//1713 1717//1714 1688//1685
f 1688//1685 1717//1714 1689//1686
f 1717//1714 1718//1715 1689//1686
f 1689//1686 1718//1715 1690//1687
f 1718//1715 1719//1716 1690//1687
f 1690//1687 1719//1716 1691//1688
f 1719//1716 1720//1717 1691//1688
f 1691//1688 1720//1717 1692//1689
f 1720//1717 1721//1718 1692//1689
f 1692//1689 1721//1718 1693//1690
f 1721//1718 1722//1719 1693//1690
f 1693//1690 1722//1719 1694//1691
f 1722//1719 1723//1720 1694//1691
f 1694//1691 1723//1720 1695//1692
f 1723//1720 1724//1721 1695//1692
f 1695//1692 1724//1721 1696//1693
f 1724//1721 1725//1722 1696//1693
f 1696//1693 1725//1722 1697//1694
f 1725//1722 1726//1723 1697//1694
f 1697//1694 1726//1723 1698//1695
f 1726//1723 1727//1724 1698//1695
f 1698//1695 1727//1724 1699//1696
f 1727//1724 1728//1725 1699//1696
f 1699//1696 1728//1725 1700//1697
f 1728//1725 1729//1726 1700//1697
f 1700//1697 1729//1726 1701//1698
f 1729//1726 1730//1727 1701//1698
f 1701//1698 1730//1727 1702//1699
f 1730//1727 1731//1728 1702//1699
f 1702//1699 1731//1728 1703//1700
f 1731//1728 1732//1729 1703//1700
f 1703//1700 1732//1729 1704//1701
f 1732//1729 1733//1730 1704//1701
f 1704//1701 1733//1730 1705//1702
f 1733//1730 1734//1731 1705//1702
f 1705//1702 1734//1731 1706//1703
f 1734//1731 1735//1732 1706//1703
f 1706//1703 1735//1732 1707//1704
f 1735//1732 1736//1733 1707//1704
f 1707//1704 1736//1733 1708//1705
f 1736//1733 1737//1734 1708//1705
f 1708//1705 1737//1734 1709//1706
f 1737//1734 1738//1735 1709//1706
f 1709//1706 1738//1735 1710//1707
f 1738//1735 1739//1736 1710//1707
f 1710//1707 1739//1736 1711//1708
f 1739//1736 1740//1737 1711//1708
f 1711//1708 1740//1737 1712//1709
f 1740//1737 1741//1738 1712//1709
f 1712//1709 1741//1738 1713//1710
f 1741//1738 1742//1739 1713//1710
f 1713//1710 1742//1739 1714//1711
f 1742//1739 1743//1740 1714//1711
f 1714//1711 1743//1740 1715//1712
f 1743//1740 1744//1741 1715//1712
f 1716//1713 1745//1742 1717//1714
f 1745//1742 1746//1743 1717//1714
f 1717//1714 1746//1743 1718//1715
f 1746//1743 1747//1744 1718//1715
f 1718//1715 1747//1744 1719//1716
f 1747//1744 1748//1745 1719//1716
f 1719//1716 1748//1745 1720//1717
f 1748//1745 1749//1746 1720//1717
f 1720//1717 1749//1746 1721//1718
f 1749//1746 1750//1747 1721//1718
f 1721//1718 1750//1747 1722//1719
f 1750//1747 1751//1748 1722//1719
f 1722//1719 1751//1748 1723//1720
f 1751//1748 1752//1749 1723//1720
f 1723//1720 1752//1749 1724//1721
f 1752//1749 1753//1750 1724//1721
f 1724//1721 1753//1750 1725//1722
f 1753//1750 1754//1751 1725//1722
f 1725//1722 1754//1751 1726//1723
f 1754//1751 1755//1752 1726//1723
f 1726//1723 1755//1752 1727//1724
f 1755//1752 1756//1753 1727//1724
f 1727//1724 1756//1753 1728//1725
f 1756//1753 1757//1754 1728//1725
f 1728//1725 1757//1754 1729//1726
f 1757//1754 1758//1755 1729//1726
f 1729//1726 1758//1755 1730//1727
f 1758//1755 1759//1756 1730//1727
f 1730//1727 1759//1756 1731//1728
f 1759//1756 1760//1757 1731//1728
f 1731//1728 1760//1757 1732//1729
f 1760//1757 1761//1758 1732//1729
f 1732//1729 1761//1758 1733//1730
f 1761//1758 1762//1759 1733//1730
f 1733//1730 1762//1759 1734//1731
f 1762//1759 1763//1760 1734//1731
f 1734//1731 1763//1760 1735//1732
f 1763//1760 1764//1761 1735//1732
f 1735//1732 1764//1761 1736//1733
f 1764//1761 1765//1762 1736//1733
f 1736//1733 1765//1762 1737//1734
f 1765//1762 1766//1763 1737//1734
f 1737//1734 1766//1763 1738//1735
f 1766//1763 1767//1764 1738//1735
f 1738//1735 1767//1764 1739//1736
f 1767//1764 1768//1765 1739//1736
f 1739//1736 1768//1765 1740//1737
f 1768//1765 1769//1766 1740//1737
f 1740//1737 1769//1766 1741//1738
f 1769//1766 1770//1767 1741//1738
f 1741//1738 1770//1767 1742//1739
f 1770//1767 1771//1768 1742//1739
f 1742//1739 1771//1768 1743//1740
f 1771//1768 1772//1769 1743//1740
f 1743//1740 1772//1769 1744//1741
f 1772//1769 1773//1770 1744//1741
f 1745//1742 1774//1771 1746//1743
f 1774//1771 1775//1772 1746//1743
f 1746//1743 1775//1772 1747//1744
f 1775//1772 1776//1773 1747//1744
f 1747//1744 1776//1773 1748//1745
f 1776//1773 1777//1774 1748//1745
f 1748//1745 1777//1774 1749//1746
f 1777//1774 1778//1775 1749//1746
f 1749//1746 1778//1775 1750//1747
f 1778//1775 1779//1776 1750//1747
f 1750//1747 1779//1776 1751//1748
f 1779//1776 1780//1777 1751//1748
f 1751//1748 1780//1777 1752//1749
f 1780//1777 1781//1778 1752//1749
f 1752//1749 1781//1778 1753//1750
f 1781//1778 1782//1779 1753//1750
f 1753//1750 1782//1779 1754//1751
f 1782//1779 1783//1780 1754//1751
f 1754//1751 1783//1780 1755//1752
f 1783//1780 1784//1781 1755//1752
f 1755//1752 1784//1781 1756//1753
f 1784//1781 1785//1782 1756//1753
f 1756//1753 1785//1782 1757//1754
f 1785//1782 1786//1783 1757//1754
f 1757//1754 1786//1783 1758//1755
f 1786//1783 1787//1784 1758//1755
f 1758//1755 1787//1784 1759//1756
f 1787//1784 1788//1785 1759//1756
f 1759//1756 1788//1785 1760//1757
f 1788//1785 1789//1786 1760//1757
f 1760//1757 1789//1786 1761//1758
f 1789//1786 1790//1787 1761//1758
f 1761//1758 1790//1787 1762//1759
f 1790//1787 1791//1788 1762//1759
f 1762//1759 1791//1788 1763//1760
f 1791//1788 1792//1789 1763//1760
f 1763//1760 1792//1789 1764//1761
f 1792//1789 1793//1790 1764//1761
f 1764//1761 1793//1790 1765//1762
f 1793//1790 1794//1791 1765//1762
f 1765//1762 1794//1791 1766//1763
f 1794//1791 1795//1792 1766//1763
f 1766//1763 1795//1792 1767//1764
f 1795//1792 1796//1793 1767//1764
f 1767//1764 1796//1793 1768//1765
f 1796//1793 1797//1794 1768//1765
f 1768//1765 1797//1794 1769//1766
f 1797//1794 1798//1795 1769//1766
f 1769//1766 1798//1795 1770//1767
f 1798//1795 1799//1796 1770//1767
f 1770//1767 1799//1796 1771//1768
f 1799//1796 1800//1797 1771//1768
f 1771//1768 1800//1797 1772//1769
f 1800//1797 1801//1798 1772//1769
f 1772//1769 1801//1798 1773//1770
f 1801//1798 1802//1799 1773//1770
f 1774//1771 1803//1800 1775//1772
f 1803//1800 1804//1801 1775//1772
f 1775//1772 1804//1801 1776//1773
f 1804//1801 1805//1802 1776//1773
f 1776//1773 1805//1802 1777//1774
f 1805//1802 1806//1803 1777//1774
f 1777//1774 1806//1803 1778//1775
f 1806//1803 1807//1804 1778//1775
f 1778//1775 1807//1804 1779//1776
f 1807//1804 1808//1805 1779//1776
f 1779//1776 1808//1805 1780//1777
f 1808//1805 1809//1806 1780//1777
f 1780//1777 1809//1806 1781//1778
f 1809//1806 1810//1807 1781//1778
f 1781//1778 1810//1807 1782//1779
f 1810//1807 1811//1808 1782//1779
f 1782//1779 1811//1808 1783//1780
f 1811//1808 1812//1809 1783//1780
f 1783//1780 1812//1809 1784//1781
f 1812//1809 1813//1810 1784//1781
f 1784//1781 1813//1810 1785//1782
f 1813//1810 1814//1811 1785//1782
f 1785//1782 1814//1811 1786//1783
f 1814//1811 1815//1812 1786//1783
f 1786//1783 1815//1812 1787//1784
f 1815//1812 1816//1813 1787//1784
f 1787//1784 1816//1813 1788//1785
f 1816//1813 1817//1814 1788//1785
f 1788//1785 1817//1814 1789//1786
f 1817//1814 1818//1815 1789//1786
f 1789//1786 1818//1815 1790//1787
f 1818//1815 1819//1816 1790//1787
f 1790//1787 1819//1816 1791//1788
f 1819//1816 1820//1817 1791//1788
f 1791//1788 1820//1817 1792//1789
f 1820//1817 1821//1818 1792//1789
f 1792//1789 1821//1818 1793//1790
f 1821//1818 1822//1819 1793//1790
f 1793//1790 1822//1819 1794//1791
f 1822//1819 1823//1820 1794//1791
f 1794//1791 1823//1820 1795//1792
f 1823//1820 1824//1821 1795//1792
f 1795//1792 1824//1821 1796//1793
f 1824//1821 1825//1822 1796//1793
f 1796//1793 1825//1822 1797//1794
f 1825//1822 1826//1823 1797//1794
f 1797//1794 1826//1823 1798//1795
f 1826//1823 1827//1824 1798//1795
f 1798//1795 1827//1824 1799//1796
f 1827//1824 1828//1825 1799//1796
f 1799//1796 1828//1825 1800//1797
f 1828//1825 1829//1826 1800//1797
f 1800//1797 1829//1826 1801//1798
f 1829//1826 1830//1827 1801//1798
f 1801//1798 1830//1827 1802//1799
f 1830//1827 1831//1828 1802//1799
f 1803//1800 1832//1829 1804//1801
f 1832//1829 1833//1830 1804//1801
f 1804//1801 1833//1830 1805//1802
f 1833//1830 1834//1831 1805//1802
f 1805//1802 1834//1831 1806//1803
f 1834//1831 1835//1832 1806//1803
f 1806//1803 1835//1832 1807//1804
f 1835//1832 1836//1833 1807//1804
f 1807//1804 1836//1833 1808//1805
f 1836//1833 1837//1834 1808//1805
f 1808//1805 1837//1834 1809//1806
f 1837//1834 1838//1835 1809//1806
f 1809//1806 1838//1835 1810//1807
f 1838//1835 1839//1836 1810//1807
f 1810//1807 1839//1836 1811//1808
f 1839//1836 1840//1837 1811//1808
f 1811//1808 1840//1837 1812//1809
f 1840//1837 1841//1838 1812//1809
f 1812//1809 1841//1838 1813//1810
f 1841//1838 1842//1839 1813//1810
f 1813//1810 1842//1839 1814//1811
f 1842//1839 1843//1840 1814//1811
f 1814//1811 1843//1840 1815//1812
f 1843//1840 1844//1841 1815//1812
f 1815//1812 1844//1841 1816//1813
f 1844//1841 1845//1842 1816//1813
f 1816//1813 1845//1842 1817//1814
f 1845//1842 1846//1843 1817//1814
f 1817//1814 1846//1843 1818//1815
f 1846//1843 1847//1844 1818//1815
f 1818//1815 1847//1844 1819//1816
f 1847//1844 1848//1845 1819//1816
f 1819//1816 1848//1845 1820//1817
f 1848//1845 1849//1846 1820//1817
f 1820//1817 1849//1846 1821//1818
f 1849//1846 1850//1847 1821//1818
f 1821//1818 1850//1847 1822//1819
f 1850//1847 1851//1848 1822//1819
f 1822//1819 1851//1848 1823//1820
f 1851//1848 1852//1849 1823//1820
f 1823//1820 1852//1849 1824//1821
f 1852//1849 1853//1850 1824//1821
f 1824//1821 1853//1850 1825//1822
f 1853//1850 1854//1851 1825//1822
f 1825//1822 1854//1851 1826//1823
f 1854//1851 1855//1852 1826//1823
f 1826//1823 1855//1852 1827//1824
f 1855//1852 1856//1853 1827//1824
f 1827//1824 1856//1853 1828//1825
f 1856//1853 1857//1854 1828//1825
f 1828//1825 1857//1854 1829//1826
f 1857//1854 1858//1855 1829//1826
f 1829//1826 1858//1855 1830//1827
f 1858//1855 1859//1856 1830//1827
f 1830//1827 1859//1856 1831//1828
f 1859//1856 1860//1857 1831//1828
f 1832//1829 1861//1858 1833//1830
f 1861//1858 1862//1859 1833//1830
f 1833//1830 1862//1859 1834//1831
f 1862//1859 1863//1860 1834//1831
f 1834//1831 1863//1860 1835//1832
f 1863//1860 1864//1861 1835//1832
f 1835//1832 1864//1861 1836//1833
f 1864//1861 1865//1862 1836//1833
f 1836//1833 1865//1862 1837//1834
f 1865//1862 1866//1863 1837//1834
f 1837//1834 1866//1863 1838//1835
f 1866//1863 1867//1864 1838//1835
f 1838//1835 1867//1864 1839//1836
f 1867//1864 1868//1865 1839//1836
f 1839//1836 1868//1865 1840//1837
f 1868//1865 1869//1866 1840//1837
f 1840//1837 1869//1866 1841//1838
f 1869//1866 1870//1867 1841//1838
f 1841//1838 1870//1867 1842//1839
f 1870//1867 1871//1868 1842//1839
f 1842//1839 1871//1868 1843//1840
f 1871//1868 1872//1869 1843//1840
f 1843//1840 1872//1869 1844//1841
f 1872//1869 1873//1870 1844//1841
f 1844//1841 1873//1870 1845//1842
f 1873//1870 1874//1871 1845//1842
f 1845//1842 1874//1871 1846//1843
f 1874//1871 1875//1872 1846//1843
f 1846//1843 1875//1872 1847//1844
f 1875//1872 1876//1873 1847//1844
f 1847//1844 1876//1873 1848//1845
f 1876//1873 1877//1874 1848//1845
f 1848//1845 1877//1874 1849//1846
f 1877//1874 1878//1875 1849//1846
f 1849//1846 1878//1875 1850//1847
f 1878//1875 1879//1876 1850//1847
f 1850//1847 1879//1876 1851//1848
f 1879//1876 1880//1877 1851//1848
f 1851//1848 1880//1877 1852//1849
f 1880//1877 1881//1878 1852//1849
f 1852//1849 1881//1878 1853//1850
f 1881//1878 1882//1879 1853//1850
f 1853//1850 1882//1879 1854//1851
f 1882//1879 1883//1880 1854//1851
f 1854//1851 1883//1880 1855//1852
f 1883//1880 1884//1881 1855//1852
f 1855//1852 1884//1881 1856//1853
f 1884//1881 1885//1882 1856//1853
f 1856//1853 1885//1882 1857//1854
f 1885//1882 1886//1883 1857//1854
f 1857//1854 1886//1883 1858//1855
f 1886//1883 1887//1884 1858//1855
f 1858//1855 1887//1884 1859//1856
f 1887//1884 1888//1885 1859//1856
f 1859//1856 1888//1885 1860//1857
f 1888//1885 1889//1886 1860//1857
usemtl ivory
f 1931//1928 1932//1929 1891//1888
f 1932//1929 1933//1930 1892//1889
f 1933//1930 1934//1931 1893//1890
f 1934//1931 1935//1932 1894//1891
f 1935//1932 1936//1933 1895//1892
f 1936//1933 1937//1934 1896//1893
f 1937//1934 1938//1935 1897//1894
f 1938//1935 1939//1936 1898//1895
f 1939//1936 1940//1937 1899//1896
f 1940//1937 1941//1938 1900//1897
f 1941//1938 1942//1939 1901//1898
f 1942//1939 1943//1940 1902//1899
f 1943//1940 1944//1941 1903//1900
f 1944//1941 1945//1942 1904//1901
f 1945//1942 1946//1943 1905//1902
f 1946//1943 1947//1944 1906//1903
f 1947//1944 1948//1945 1907//1904
f 1948//1945 1949//1946 1908//1905
f 1949//1946 1950//1947 1909//1906
f 1950//1947 1951//1948 1910//1907
f 1951//1948 1952//1949 1911//1908
f 1952//1949 1953//1950 1912//1909
f 1953//1950 1954//1951 1913//1910
f 1954//1951 1955//1952 1914//1911
f 1955//1952 1956//1953 1915//1912
f 1956//1953 1957//1954 1916//1913
f 1957//1954 1958//1955 1917//1914
f 1958//1955 1959//1956 1918//1915
f 1959//1956 1960//1957 1919//1916
f 1960//1957 1961//1958 1920//1917
f 1961//1958 1962//1959 1921//1918
f 1962//1959 1963//1960 1922//1919
f 1963//1960 1964//1961 1923//1920
f 1964//1961 1965//1962 1924//1921
f 1965//1962 1966//1963 1925//1922
f 1966//1963 1967//1964 1926//1923
f 1967//1964 1968//1965 1927//1924
f 1968//1965 1969//1966 1928//1925
f 1969//1966 1970//1967 1929//1926
f 1970//1967 1971//1968 1930//1927
f 1931//1928 1972//1969 1932//1929
f 1972//1969 1973//1970 1932//1929
f 1932//1929 1973//1970 1933//1930
f 1973//1970 1974//1971 1933//1930
f 1933//1930 1974//1971 1934//1931
f 1974//1971 1975//1972 1934//1931
f 1934//1931 1975//1972 1935//1932
f 1975//1972 1976//1973 1935//1932
f 1935//1932 1976//1973 1936//1933
f 1976//1973 1977//1974 1936//1933
f 1936//1933 1977//1974 1937//1934
f 1977//1974 1978//1975 1937//1934
f 1937//1934 1978//1975 1938//1935
f 1978//1975 1979//1976 1938//1935
f 1938//1935 1979//1976 1939//1936
f 1979//1976 1980//1977 1939//1936
f 1939//1936 1980//1977 1940//1937
f 1980//1977 1981//1978 1940//1937
f 1940//1937 1981//1978 1941//1938
f 1981//1978 1982//1979 1941//1938
f 1941//1938 1982//1979 1942//1939
f 1982//1979 1983//1980 1942//1939
f 1942//1939 1983//1980 1943//1940
f 1983//1980 1984//1981 1943//1940
f 1943//1940 1984//1981 1944//1941
f 1984//1981 1985//1982 1944//1941
f 1944//1941 1985//1982 1945//1942
f 1985//1982 1986//1983 1945//1942
f 1945//1942 1986//1983 1946//1943
f 1986//1983 1987//1984 1946//1943
f 1946//1943 1987//1984 1947//1944
f 1987//1984 1988//1985 1947//1944
f 1947//1944 1988//1985 1948//1945
f 1988//1985 1989//1986 1948//1945
f 1948//1945 1989//1986 1949//1946
f 1989//1986 1990//1987 1949//1946
f 1949//1946 1990//1987 1950//1947
f 1990//1987 1991//1988 1950//1947
f 1950//1947 1991//1988 1951//1948
f 1991//1988 1992//1989 1951//1948
f 1951//1948 1992//1989 1952//1949
f 1992//1989 1993//1990 1952//1949
f 1952//1949 1993//1990 1953//1950
f 1993//1990 1994//1991 1953//1950
f 1953//1950 1994//1991 1954//1951
f 1994//1991 1995//1992 1954//1951
f 1954//1951 1995//1992 1955//1952
f 1995//1992 1996//1993 1955//1952
f 1955//1952 1996//1993 1956//1953
f 1996//1993 1997//1994 1956//1953
f 1956//1953 1997//1994 1957//1954
f 1997//1994 1998//1995 1957//1954
f 1957//1954 1998//1995 1958//1955
f 1998//1995 1999//1996 1958//1955
f 1958//1955 1999//1996 1959//1956
f 1999//1996 2000//1997 1959//1956
f 1959//1956 2000//1997 1960//1957
f 2000//1997 2001//1998 1960//1957
f 1960//1957 2001//1998 1961//1958
f 2001//1998 2002//1999 1961//1958
f 1961//1958 2002//1999 1962//1959
f 2002//1999 2003//2000 1962//1959
f 1962//1959 2003//2000 1963//1960
f 2003//2000 2004//2001 1963//1960
f 1963//1960 2004//2001 1964//1961
f 2004//2001 2005//2002 1964//1961
f 1964//1961 2005//2002 1965//1962
f 2005//2002 2006//2003 1965//1962
f 1965//1962 2006//2003 1966//1963
f 2006//2003 2007//2004 1966//1963
f 1966//1963 2007//2004 1967//1964
f 2007//2004 2008//2005 1967//1964
f 1967//1964 2008//2005 1968//1965
f 2008//2005 2009//2006 1968//1965
f 1968//1965 2009//2006 1969//1966
f 2009//2006 2010//2007 1969//1966
f 1969//1966 2010//2007 1970//1967
f 2010//2007 2011//2008 1970//1967
f 1970//1967 2011//2008 1971//1968
f 2011//2008 2012//2009 1971//1968
f 1972//1969 2013//2010 1973//1970
f 2013//2010 2014//2011 1973//1970
f 1973//1970 2014//2011 1974//1971
f 2014//2011 2015//2012 1974//1971
f 1974//1971 2015//2012 1975//1972
f 2015//2012 2016//2013 1975//1972
f 1975//1972 2016//2013 1976//1973
f 2016//2013 2017//2014 1976//1973
f 1976//1973 2017//2014 1977//1974
f 2017//2014 2018//2015 1977//1974
f 1977//1974 2018//2015 1978//1975
f 2018//2015 2019//2016 1978//1975
f 1978//1975 2019//2016 1979//1976
f 2019//2016 2020//2017 1979//1976
f 1979//1976 2020//2017 1980//1977
f 2020//2017 2021//2018 1980//1977
f 1980//1977 2021//2018 1981//1978
f 2021//2018 2022//2019 1981//1978
f 1981//1978 2022//2019 1982//1979
f 2022//2019 2023//2020 1982//1979
f 1982//1979 2023//2020 1983//1980
f 2023//2020 2024//2021 1983//1980
f 1983//1980 2024//2021 1984//1981
f 2024//2021 2025//2022 1984//1981
f 1984//1981 2025//2022 1985//1982
f 2025//2022 2026//2023 1985//1982
f 1985//1982 2026//2023 1986//1983
f 2026//2023 2027//2024 1986//1983
f 1986//1983 2027//2024 1987//1984
f 2027//2024 2028//2025 1987//1984
f 1987//1984 2028//2025 1988//1985
f 2028//2025 2029//2026 1988//1985
f 1988//1985 2029//2026 1989//1986
f 2029//2026 2030//2027 1989//1986
f 1989//1986 2030//2027 1990//1987
f 2030//2027 2031//2028 1990//1987
f 1990//1987 2031//2028 1991//1988
f 2031//2028 2032//2029 1991//1988
f 1991//1988 2032//2029 1992//1989
f 2032//2029 2033//2030 1992//1989
f 1992//1989 2033//2030 1993//1990
f 2033//2030 2034//2031 1993//1990
f 1993//1990 2034//2031 1994//1991
f 2034//2031 2035//2032 1994//1991
f 1994//1991 2035//2032 1995//1992
f 2035//2032 2036//2033 1995//1992
f 1995//1992 2036//2033 1996//1993
f 2036//2033 2037//2034 1996//1993
f 1996//1993 2037//2034 1997//1994
f 2037//2034 2038//2035 1997//1994
f 1997//1994 2038//2035 1998//1995
f 2038//2035 2039//2036 1998//1995
f 1998//1995 2039//2036 1999//1996
f 2039//2036 2040//2037 1999//1996
f 1999//1996 2040//2037 2000//1997
f 2040//2037 2041//2038 2000//1997
f 2000//1997 2041//2038 2001//1998
f 2041//2038 2042//2039 2001//1998
f 2001//1998 2042//2039 2002//1999
f 2042//2039 2043//2040 2002//1999
f 2002//1999 2043//2040 2003//2000
f 2043//2040 2044//2041 2003//2000
f 2003//2000 2044//2041 2004//2001
f 2044//2041 2045//2042 2004//2001
f 2004//2001 2045//2042 2005//2002
f 2045//2042 2046//2043 2005//2002
f 2005//2002 2046//2043 2006//2003
f 2046//2043 2047//2044 2006//2003
f 2006//2003 2047//2044 2007//2004
f 2047//2044 2048//2045 2007//2004
f 2007//2004 2048//2045 2008//2005
f 2048//2045 2049//2046 2008//2005
f 2008//2005 2049//2046 2009//2006
f 2049//2046 2050//2047 2009//2006
f 2009//2006 2050//2047 2010//2007
f 2050//2047 2051//2048 2010//2007
f 2010//2007 2051//2048 2011//2008
f 2051//2048 2052//2049 2011//2008
f 2011//2008 2052//2049 2012//2009
f 2052//2049 2053//2050 2012//2009
f 2013//2010 2054//2051 2014//2011
f 2054//2051 2055//2052 2014//2011
f 2014//2011 2055//2052 2015//2012
f 2055//2052 2056//2053 2015//2012
f 2015//2012 2056//2053 2016//2013
f 2056//2053 2057//2054 2016//2013
f 2016//2013 2057//2054 2017//2014
f 2057//2054 2058//2055 2017//2014
f 2017//2014 2058//2055 2018//2015
f 2058//2055 2059//2056 2018//2015
f 2018//2015 2059//2056 2019//2016
f 2059//2056 2060//2057 2019//2016
f 2019//2016 2060//2057 2020//2017
f 2060//2057 2061//2058 2020//2017
f 2020//2017 2061//2058 2021//2018
f 2061//2058 2062//2059 2021//2018
f 2021//2018 2062//2059 2022//2019
f 2062//2059 2063//2060 2022//2019
f 2022//2019 2063//2060 2023//2020
f 2063//2060 2064//2061 2023//2020
f 2023//2020 2064//2061 2024//2021
f 2064//2061 2065//2062 2024//2021
f 2024//2021 2065//2062 2025//2022
f 2065//2062 2066//2063 2025//2022
f 2025//2022 2066//2063 2026//2023
f 2066//2063 2067//2064 2026//2023
f 2026//2023 2067//2064 2027//2024
f 2067//2064 2068//2065 2027//2024
f 2027//2024 2068//2065 2028//2025
f 2068//2065 2069//2066 2028//2025
f 2028//2025 2069//2066 2029//2026
f 2069//2066 2070//2067 2029//2026
f 2029//2026 2070//2067 2030//2027
f 2070//2067 2071//2068 2030//2027
f 2030//2027 2071//2068 2031//2028
f 2071//2068 2072//2069 2031//2028
f 2031//2028 2072//2069 2032//2029
f 2072//2069 2073//2070 2032//2029
f 2032//2029 2073//2070 2033//2030
f 2073//2070 2074//2071 2033//2030
f 2033//2030 2074//2071 2034//2031
f 2074//2071 2075//2072 2034//2031
f 2034//2031 2075//2072 2035//2032
f 2075//2072 2076//2073 2035//2032
f 2035//2032 2076//2073 2036//2033
f 2076//2073 2077//2074 2036//2033
f 2036//2033 2077//2074 2037//2034
f 2077//2074 2078//2075 2037//2034
f 2037//2034 2078//2075 2038//2035
f 2078//2075 2079//2076 2038//2035
f 2038//2035 2079//2076 2039//2036
f 2079//2076 2080//2077 2039//2036
f 2039//2036 2080//2077 2040//2037
f 2080//2077 2081//2078 2040//2037
f 2040//2037 2081//2078 2041//2038
f 2081//2078 2082//2079 2041//2038
f 2041//2038 2082//2079 2042//2039
f 2082//2079 2083//2080 2042//2039
f 2042//2039 2083//2080 2043//2040
f 2083//2080 2084//2081 2043//2040
f 2043//2040 2084//2081 2044//2041
f 2084//2081 2085//2082 2044//2041
f 2044//2041 2085//2082 2045//2042
f 2085//2082 2086//2083 2045//2042
f 2045//2042 2086//2083 2046//2043
f 2086//2083 2087//2084 2046//2043
f 2046//2043 2087//2084 2047//2044
f 2087//2084 2088//2085 2047//2044
f 2047//2044 2088//2085 2048//2045
f 2088//2085 2089//2086 2048//2045
f 2048//2045 2089//2086 2049//2046
f 2089//2086 2090//2087 2049//2046
f 2049//2046 2090//2087 2050//2047
f 2090//2087 2091//2088 2050//2047
f 2050//2047 2091//2088 2051//2048
f 2091//2088 2092//2089 2051//2048
f 2051//2048 2092//2089 2052//2049
f 2092//2089 2093//2090 2052//2049
f 2052//2049 2093//2090 2053//2050
f 2093//2090 2094//2091 2053//2050
f 2054//2051 2095//2092 2055//2052
f 2095//2092 2096//2093 2055//2052
f 2055//2052 2096//2093 2056//2053
f 2096//2093 2097//2094 2056//2053
f 2056//2053 2097//2094 2057//2054
f 2097//2094 2098//2095 2057//2054
f 2057//2054 2098//2095 2058//2055
f 2098//2095 2099//2096 2058//2055
f 2058//2055 2099//2096 2059//2056
f 2099//2096 2100//2097 2059//2056
f 2059//2056 2100//2097 2060//2057
f 2100//2097 2101//2098 2060//2057
f 2060//2057 2101//2098 2061//2058
f 2101//2098 2102//2099 2061//2058
f 2061//2058 2102//2099 2062//2059
f 2102//2099 2103//2100 2062//2059
f 2062//2059 2103//2100 2063//2060
f 2103//2100 2104//2101 2063//2060
f 2063//2060 2104//2101 2064//2061
f 2104//2101 2105//2102 2064//2061
f 2064//2061 2105//2102 2065//2062
f 2105//2102 2106//2103 2065//2062
f 2065//2062 2106//2103 2066//2063
f 2106//2103 2107//2104 2066//2063
f 2066//2063 2107//2104 2067//2064
f 2107//2104 2108//2105 2067//2064
f 2067//2064 2108//2105 2068//2065
f 2108//2105 2109//2106 2068//2065
f 2068//2065 2109//2106 2069//2066
f 2109//2106 2110//2107 2069//2066
f 2069//2066 2110//2107 2070//2067
f 2110//2107 2111//2108 2070//2067
f 2070//2067 2111//2108 2071//2068
f 2111//2108 2112//2109 2071//2068
f 2071//2068 2112//2109 2072//2069
f 2112//2109 2113//2110 2072//2069
f 2072//2069 2113//2110 2073//2070
f 2113//2110 2114//2111 2073//2070
f 2073//2070 2114//2111 2074//2071
f 2114//2111 2115//2112 2074//2071
f 2074//2071 2115//2112 2075//2072
f 2115//2112 2116//2113 2075//2072
f 2075//2072 2116//2113 2076//2073
f 2116//2113 2117//2114 2076//2073
f 2076//2073 2117//2114 2077//2074
f 2117//2114 2118//2115 2077//2074
f 2077//2074 2118//2115 2078//2075
f 2118//2115 2119//2116 2078//2075
f 2078//2075 2119//2116 2079//2076
f 2119//2116 2120//2117 2079//2076
f 2079//2076 2120//2117 2080//2077
f 2120//2117 2121//2118 2080//2077
f 2080//2077 2121//2118 2081//2078
f 2121//2118 2122//2119 2081//2078
f 2081//2078 2122//2119 2082//2079
f 2122//2119 2123//2120 2082//2079
f 2082//2079 2123//2120 2083//2080
f 2123//2120 2124//2121 2083//2080
f 2083//2080 2124//2121 2084//2081
f 2124//2121 2125//2122 2084//2081
f 2084//2081 2125//2122 2085//2082
f 2125//2122 2126//2123 2085//2082
f 2085//2082 2126//2123 2086//2083
f 2126//2123 2127//2124 2086//2083
f 2086//2083 2127//2124 2087//2084
f 2127//2124 2128//2125 2087//2084
f 2087//2084 2128//2125 2088//2085
f 2128//2125 2129//2126 2088//2085
f 2088//2085 2129//2126 2089//2086
f 2129//2126 2130//2127 2089//2086
f 2089//2086 2130//2127 2090//2087
f 2130//2127 2131//2128 2090//2087
f 2090//2087 2131//2128 2091//2088
f 2131//2128 2132//2129 2091//2088
f 2091//2088 2132//2129 2092//2089
f 2132//2129 2133//2130 2092//2089
f 2092//2089 2133//2130 2093//2090
f 2133//2130 2134//2131 2093//2090
f 2093//2090 2134//2131 2094//2091
f 2134//2131 2135//2132 2094//2091
f 2095//2092 2136//2133 2096//2093
f 2136//2133 2137//2134 2096//2093
f 2096//2093 2137//2134 2097//2094
f 2137//2134 2138//2135 2097//2094
f 2097//2094 2138//2135 2098//2095
f 2138//2135 2139//2136 2098//2095
f 2098//2095 2139//2136 2099//2096
f 2139//2136 2140//2137 2099//2096
f 2099//2096 2140//2137 2100//2097
f 2140//2137 2141//2138 2100//2097
f 2100//2097 2141//2138 2101//2098
f 2141//2138 2142//2139 2101//2098
f 2101//2098 2142//2139 2102//2099
f 2142//2139 2143//2140 2102//2099
f 2102//2099 2143//2140 2103//2100
f 2143//2140 2144//2141 2103//2100
f 2103//2100 2144//2141 2104//2101
f 2144//2141 2145//2142 2104//2101
f 2104//2101 2145//2142 2105//2102
f 2145//2142 2146//2143 2105//2102
f 2105//2102 2146//2143 2106//2103
f 2146//2143 2147//2144 2106//2103
f 2106//2103 2147//2144 2107//2104
f 2147//2144 2148//2145 2107//2104
f 2107//2104 2148//2145 2108//2105
f 2148//2145 2149//2146 2108//2105
f 2108//2105 2149//2146 2109//2106
f 2149//2146 2150//2147 2109//2106
f 2109//2106 2150//2147 2110//2107
f 2150//2147 2151//2148 2110//2107
f 2110//2107 2151//2148 2111//2108
f 2151//2148 2152//2149 2111//2108
f 2111//2108 2152//2149 2112//2109
f 2152//2149 2153//2150 2112//2109
f 2112//2109 2153//2150 2113//2110
f 2153//2150 2154//2151 2113//2110
f 2113//2110 2154//2151 2114//2111
f 2154//2151 2155//2152 2114//2111
f 2114//2111 2155//2152 2115//2112
f 2155//2152 2156//2153 2115//2112
f 2115//2112 2156//2153 2116//2113
f 2156//2153 2157//2154 2116//2113
f 2116//2113 2157//2154 2117//2114
f 2157//2154 2158//2155 2117//2114
f 2117//2114 2158//2155 2118//2115
f 2158//2155 2159//2156 2118//2115
f 2118//2115 2159//2156 2119//2116
f 2159//2156 2160//2157 2119//2116
f 2119//2116 2160//2157 2120//2117
f 2160//2157 2161//2158 2120//2117
f 2120//2117 2161//2158 2121//2118
f 2161//2158 2162//2159 2121//2118
f 2121//2118 2162//2159 2122//2119
f 2162//2159 2163//2160 2122//2119
f 2122//2119 2163//2160 2123//2120
f 2163//2160 2164//2161 2123//2120
f 2123//2120 2164//2161 2124//2121
f 2164//2161 2165//2162 2124//2121
f 2124//2121 2165//2162 2125//2122
f 2165//2162 2166//2163 2125//2122
f 2125//2122 2166//2163 2126//2123
f 2166//2163 2167//2164 2126//2123
f 2126//2123 2167//2164 2127//2124
f 2167//2164 2168//2165 2127//2124
f 2127//2124 2168//2165 2128//2125
f 2168//2165 2169//2166 2128//2125
f 2128//2125 2169//2166 2129//2126
f 2169//2166 2170//2167 2129//2126
f 2129//2126 2170//2167 2130//2127
f 2170//2167 2171//2168 2130//2127
f 2130//2127 2171//2168 2131//2128
f 2171//2168 2172//2169 2131//2128
f 2131//2128 2172//2169 2132//2129
f 2172//2169 2173//2170 2132//2129
f 2132//2129 2173//2170 2133//2130
f 2173//2170 2174//2171 2133//2130
f 2133//2130 2174//2171 2134//2131
f 2174//2171 2175//2172 2134//2131
f 2134//2131 2175//2172 2135//2132
f 2175//2172 2176//2173 2135//2132
f 2136//2133 2177//2174 2137//2134
f 2177//2174 2178//2175 2137//2134
f 2137//2134 2178//2175 2138//2135
f 2178//2175 2179//2176 2138//2135
f 2138//2135 2179//2176 2139//2136
f 2179//2176 2180//2177 2139//2136
f 2139//2136 2180//2177 2140//2137
f 2180//2177 2181//2178 2140//2137
f 2140//2137 2181//2178 2141//2138
f 2181//2178 2182//2179 2141//2138
f 2141//2138 2182//2179 2142//2139
f 2182//2179 2183//2180 2142//2139
f 2142//2139 2183//2180 2143//2140
f 2183//2180 2184//2181 2143//2140
f 2143//2140 2184//2181 2144//2141
f 2184//2181 2185//2182 2144//2141
f 2144//2141 2185//2182 2145//2142
f 2185//2182 2186//2183 2145//2142
f 2145//2142 2186//2183 2146//2143
f 2186//2183 2187//2184 2146//2143
f 2146//2143 2187//2184 2147//2144
f 2187//2184 2188//2185 2147//2144
f 2147//2144 2188//2185 2148//2145
f 2188//2185 2189//2186 2148//2145
f 2148//2145 2189//2186 2149//2146
f 2189//2186 2190//2187 2149//2146
f 2149//2146 2190//2187 2150//2147
f 2190//2187 2191//2188 2150//2147
f 2150//2147 2191//2188 2151//2148
f 2191//2188 2192//2189 2151//2148
f 2151//2148 2192//2189 2152//2149
f 2192//2189 2193//2190 2152//2149
f 2152//2149 2193//2190 2153//2150
f 2193//2190 2194//2191 2153//2150
f 2153//2150 2194//2191 2154//2151
f 2194//2191 2195//2192 2154//2151
f 2154//2151 2195//2192 2155//2152
f 2195//2192 2196//2193 2155//2152
f 2155//2152 2196//2193 2156//2153
f 2196//2193 2197//2194 2156//2153
f 2156//2153 2197//2194 2157//2154
f 2197//2194 2198//2195 2157//2154
f 2157//2154 2198//2195 2158//2155
f 2198//2195 2199//2196 2158//2155
f 2158//2155 2199//2196 2159//2156
f 2199//2196 2200//2197 2159//2156
f 2159//2156 2200//2197 2160//2157
f 2200//2197 2201//2198 2160//2157
f 2160//2157 2201//2198 2161//2158
f 2201//2198 2202//2199 2161//2158
f 2161//2158 2202//2199 2162//2159
f 2202//2199 2203//2200 2162//2159
f 2162//2159 2203//2200 2163//2160
f 2203//2200 2204//2201 2163//2160
f 2163//2160 2204//2201 2164//2161
f 2204//2201 2205//2202 2164//2161
f 2164//2161 2205//2202 2165//2162
f 2205//2202 2206//2203 2165//2162
f 2165//2162 2206//2203 2166//2163
f 2206//2203 2207//2204 2166//2163
f 2166//2163 2207//2204 2167//2164
f 2207//2204 2208//2205 2167//2164
f 2167//2164 2208//2205 2168//2165
f 2208//2205 2209//2206 2168//2165
f 2168//2165 2209//2206 2169//2166
f 2209//2206 2210//2207 2169//2166
f 2169//2166 2210//2207 2170//2167
f 2210//2207 2211//2208 2170//2167
f 2170//2167 2211//2208 2171//2168
f 2211//2208 2212//2209 2171//2168
f 2171//2168 2212//2209 2172//2169
f 2212//2209 2213//2210 2172//2169
f 2172//2169 2213//2210 2173//2170
f 2213//2210 2214//2211 2173//2170
f 2173//2170 2214//2211 2174//2171
f 2214//2211 2215//2212 2174//2171
f 2174//2171 2215//2212 2175//2172
f 2215//2212 2216//2213 2175//2172
f 2175//2172 2216//2213 2176//2173
f 2216//2213 2217//2214 2176//2173
f 2177//2174 2218//2215 2178//2175
f 2218//2215 2219//2216 2178//2175
f 2178//2175 2219//2216 2179//2176
f 2219//2216 2220//2217 2179//2176
f 2179//2176 2220//2217 2180//2177
f 2220//2217 2221//2218 2180//2177
f 2180//2177 2221//2218 2181//2178
f 2221//2218 2222//2219 2181//2178
f 2181//2178 2222//2219 2182//2179
f 2222//2219 2223//2220 2182//2179
f 2182//2179 2223//2220 2183//2180
f 2223//2220 2224//2221 2183//2180
f 2183//2180 2224//2221 2184//2181
f 2224//2221 2225//2222 2184//2181
f 2184//2181 2225//2222 2185//2182
f 2225//2222 2226//2223 2185//2182
f 2185//2182 2226//2223 2186//2183
f 2226//2223 2227//2224 2186//2183
f 2186//2183 2227//2224 2187//2184
f 2227//2224 2228//2225 2187//2184
f 2187//2184 2228//2225 2188//2185
f 2228//2225 2229//2226 2188//2185
f 2188//2185 2229//2226 2189//2186
f 2229//2226 2230//2227 2189//2186
f 2189//2186 2230//2227 2190//2187
f 2230//2227 2231//2228 2190//2187
f 2190//2187 2231//2228 2191//2188
f 2231//2228 2232//2229 2191//2188
f 2191//2188 2232//2229 2192//2189
f 2232//2229 2233//2230 2192//2189
f 2192//2189 2233//2230 2193//2190
f 2233//2230 2234//2231 2193//2190
f 2193//2190 2234//2231 2194//2191
f 2234//2231 2235//2232 2194//2191
f 2194//2191 2235//2232 2195//2192
f 2235//2232 2236//2233 2195//2192
f 2195//2192 2236//2233 2196//2193
f 2236//2233 2237//2234 2196//2193
f 2196//2193 2237//2234 2197//2194
f 2237//2234 2238//2235 2197//2194
f 2197//2194 2238//2235 2198//2195
f 2238//2235 2239//2236 2198//2195
f 2198//2195 2239//2236 2199//2196
f 2239//2236 2240//2237 2199//2196
f 2199//2196 2240//2237 2200//2197
f 2240//2237 2241//2238 2200//2197
f 2200//2197 2241//2238 2201//2198
f 2241//2238 2242//2239 2201//2198
f 2201//2198 2242//2239 2202//2199
f 2242//2239 2243//2240 2202//2199
f 2202//2199 2243//2240 2203//2200
f 2243//2240 2244//2241 2203//2200
f 2203//2200 2244//2241 2204//2201
f 2244//2241 2245//2242 2204//2201
f 2204//2201 2245//2242 2205//2202
f 2245//2242 2246//2243 2205//2202
f 2205//2202 2246//2243 2206//2203
f 2246//2243 2247//2244 2206//2203
f 2206//2203 2247//2244 2207//2204
f 2247//2244 2248//2245 2207//2204
f 2207//2204 2248//2245 2208//2205
f 2248//2245 2249//2246 2208//2205
f 2208//2205 2249//2246 2209//2206
f 2249//2246 2250//2247 2209//2206
f 2209//2206 2250//2247 2210//2207
f 2250//2247 2251//2248 2210//2207
f 2210//2207 2251//2248 2211//2208
f 2251//2248 2252//2249 2211//2208
f 2211//2208 2252//2249 2212//2209
f 2252//2249 2253//2250 2212//2209
f 2212//2209 2253//2250 2213//2210
f 2253//2250 2254//2251 2213//2210
f 2213//2210 2254//2251 2214//2211
f 2254//2251 2255//2252 2214//2211
f 2214//2211 2255//2252 2215//2212
f 2255//2252 2256//2253 2215//2212
f 2215//2212 2256//2253 2216//2213
f 2256//2253 2257//2254 2216//2213
f 2216//2213 2257//2254 2217//2214
f 2257//2254 2258//2255 2217//2214
f 2218//2215 2259//2256 2219//2216
f 2259//2256 2260//2257 2219//2216
f 2219//2216 2260//2257 2220//2217
f 2260//2257 2261//2258 2220//2217
f 2220//2217 2261//2258 2221//2218
f 2261//2258 2262//2259 2221//2218
f 2221//2218 2262//2259 2222//2219
f 2262//2259 2263//2260 2222//2219
f 2222//2219 2263//2260 2223//2220
f 2263//2260 2264//2261 2223//2220
f 2223//2220 2264//2261 2224//2221
f 2264//2261 2265//2262 2224//2221
f 2224//2221 2265//2262 2225//2222
f 2265//2262 2266//2263 2225//2222
f 2225//2222 2266//2263 2226//2223
f 2266//2263 2267//2264 2226//2223
f 2226//2223 2267//2264 2227//2224
f 2267//2264 2268//2265 2227//2224
f 2227//2224 2268//2265 2228//2225
f 2268//2265 2269//2266 2228//2225
f 2228//2225 2269//2266 2229//2226
f 2269//2266 2270//2267 2229//2226
f 2229//2226 2270//2267 2230//2227
f 2270//2267 2271//2268 2230//2227
f 2230//2227 2271//2268 2231//2228
f 2271//2268 2272//2269 2231//2228
f 2231//2228 2272//2269 2232//2229
f 2272//2269 2273//2270 2232//2229
f 2232//2229 2273//2270 2233//2230
f 2273//2270 2274//2271 2233//2230
f 2233//2230 2274//2271 2234//2231
f 2274//2271 2275//2272 2234//2231
f 2234//2231 2275//2272 2235//2232
f 2275//2272 2276//2273 2235//2232
f 2235//2232 2276//2273 2236//2233
f 2276//2273 2277//2274 2236//2233
f 2236//2233 2277//2274 2237//2234
f 2277//2274 2278//2275 2237//2234
f 2237//2234 2278//2275 2238//2235
f 2278//2275 2279//2276 2238//2235
f 2238//2235 2279//2276 2239//2236
f 2279//2276 2280//2277 2239//2236
f 2239//2236 2280//2277 2240//2237
f 2280//2277 2281//2278 2240//2237
f 2240//2237 2281//2278 2241//2238
f 2281//2278 2282//2279 2241//2238
f 2241//2238 2282//2279 2242//2239
f 2282//2279 2283//2280 2242//2239
f 2242//2239 2283//2280 2243//2240
f 2283//2280 2284//2281 2243//2240
f 2243//2240 2284//2281 2244//2241
f 2284//2281 2285//2282 2244//2241
f 2244//2241 2285//2282 2245//2242
f 2285//2282 2286//2283 2245//2242
f 2245//2242 2286//2283 2246//2243
f 2286//2283 2287//2284 2246//2243
f 2246//2243 2287//2284 2247//2244
f 2287//2284 2288//2285 2247//2244
f 2247//2244 2288//2285 2248//2245
f 2288//2285 2289//2286 2248//2245
f 2248//2245 2289//2286 2249//2246
f 2289//2286 2290//2287 2249//2246
f 2249//2246 2290//2287 2250//2247
f 2290//2287 2291//2288 2250//2247
f 2250//2247 2291//2288 2251//2248
f 2291//2288 2292//2289 2251//2248
f 2251//2248 2292//2289 2252//2249
f 2292//2289 2293//2290 2252//2249
f 2252//2249 2293//2290 2253//2250
f 2293//2290 2294//2291 2253//2250
f 2253//2250 2294//2291 2254//2251
f 2294//2291 2295//2292 2254//2251
f 2254//2251 2295//2292 2255//2252
f 2295//2292 2296//2293 2255//2252
f 2255//2252 2296//2293 2256//2253
f 2296//2293 2297//2294 2256//2253
f 2256//2253 2297//2294 2257//2254
f 2297//2294 2298//2295 2257//2254
f 2257//2254 2298//2295 2258//2255
f 2298//2295 2299//2296 2258//2255
f 2259//2256 2300//2297 2260//2257
f 2300//2297 2301//2298 2260//2257
f 2260//2257 2301//2298 2261//2258
f 2301//2298 2302//2299 2261//2258
f 2261//2258 2302//2299 2262//2259
f 2302//2299 2303//2300 2262//2259
f 2262//2259 2303//2300 2263//2260
f 2303//2300 2304//2301 2263//2260
f 2263//2260 2304//2301 2264//2261
f 2304//2301 2305//2302 2264//2261
f 2264//2261 2305//2302 2265//2262
f 2305//2302 2306//2303 2265//2262
f 2265//2262 2306//2303 2266//2263
f 2306//2303 2307//2304 2266//2263
f 2266//2263 2307//2304 2267//2264
f 2307//2304 2308//2305 2267//2264
f 2267//2264 2308//2305 2268//2265
f 2308//2305 2309//2306 2268//2265
f 2268//2265 2309//2306 2269//2266
f 2309//2306 2310//2307 2269//2266
f 2269//2266 2310//2307 2270//2267
f 2310//2307 2311//2308 2270//2267
f 2270//2267 2311//2308 2271//2268
f 2311//2308 2312//2309 2271//2268
f 2271//2268 2312//2309 2272//2269
f 2312//2309 2313//2310 2272//2269
f 2272//2269 2313//2310 2273//2270
f 2313//2310 2314//2311 2273//2270
f 2273//2270 2314//2311 2274//2271
f 2314//2311 2315//2312 2274//2271
f 2274//2271 2315//2312 2275//2272
f 2315//2312 2316//2313 2275//2272
f 2275//2272 2316//2313 2276//2273
f 2316//2313 2317//2314 2276//2273
f 2276//2273 2317//2314 2277//2274
f 2317//2314 2318//2315 2277//2274
f 2277//2274 2318//2315 2278//2275
f 2318//2315 2319//2316 2278//2275
f 2278//2275 2319//2316 2279//2276
f 2319//2316 2320//2317 2279//2276
f 2279//2276 2320//2317 2280//2277
f 2320//2317 2321//2318 2280//2277
f 2280//2277 2321//2318 2281//2278
f 2321//2318 2322//2319 2281//2278
f 2281//2278 2322//2319 2282//2279
f 2322//2319 2323//2320 2282//2279
f 2282//2279 2323//2320 2283//2280
f 2323//2320 2324//2321 2283//2280
f 2283//2280 2324//2321 2284//2281
f 2324//2321 2325//2322 2284//2281
f 2284//2281 2325//2322 2285//2282
f 2325//2322 2326//2323 2285//2282
f 2285//2282 2326//2323 2286//2283
f 2326//2323 2327//2324 2286//2283
f 2286//2283 2327//2324 2287//2284
f 2327//2324 2328//2325 2287//2284
f 2287//2284 2328//2325 2288//2285
f 2328//2325 2329//2326 2288//2285
f 2288//2285 2329//2326 2289//2286
f 2329//2326 2330//2327 2289//2286
f 2289//2286 2330//2327 2290//2287
f 2330//2327 2331//2328 2290//2287
f 2290//2287 2331//2328 2291//2288
f 2331//2328 2332//2329 2291//2288
f 2291//2288 2332//2329 2292//2289
f 2332//2329 2333//2330 2292//2289
f 2292//2289 2333//2330 2293//2290
f 2333//2330 2334//2331 2293//2290
f 2293//2290 2334//2331 2294//2291
f 2334//2331 2335//2332 2294//2291
f 2294//2291 2335//2332 2295//2292
f 2335//2332 2336//2333 2295//2292
f 2295//2292 2336//2333 2296//2293
f 2336//2333 2337//2334 2296//2293
f 2296//2293 2337//2334 2297//2294
f 2337//2334 2338//2335 2297//2294
f 2297//2294 2338//2335 2298//2295
f 2338//2335 2339//2336 2298//2295
f 2298//2295 2339//2336 2299//2296
f 2339//2336 2340//2337 2299//2296
f 2300//2297 2341//2338 2301//2298
f 2341//2338 2342//2339 2301//2298
f 2301//2298 2342//2339 2302//2299
f 2342//2339 2343//2340 2302//2299
f 2302//2299 2343//2340 2303//2300
f 2343//2340 2344//2341 2303//2300
f 2303//2300 2344//2341 2304//2301
f 2344//2341 2345//2342 2304//2301
f 2304//2301 2345//2342 2305//2302
f 2345//2342 2346//2343 2305//2302
f 2305//2302 2346//2343 2306//2303
f 2346//2343 2347//2344 2306//2303
f 2306//2303 2347//2344 2307//2304
f 2347//2344 2348//2345 2307//2304
f 2307//2304 2348//2345 2308//2305
f 2348//2345 2349//2346 2308//2305
f 2308//2305 2349//2346 2309//2306
f 2349//2346 2350//2347 2309//2306
f 2309//2306 2350//2347 2310//2307
f 2350//2347 2351//2348 2310//2307
f 2310//2307 2351//2348 2311//2308
f 2351//2348 2352//2349 2311//2308
f 2311//2308 2352//2349 2312//2309
f 2352//2349 2353//2350 2312//2309
f 2312//2309 2353//2350 2313//2310
f 2353//2350 2354//2351 2313//2310
f 2313//2310 2354//2351 2314//2311
f 2354//2351 2355//2352 2314//2311
f 2314//2311 2355//2352 2315//2312
f 2355//2352 2356//2353 2315//2312
f 2315//2312 2356//2353 2316//2313
f 2356//2353 2357//2354 2316//2313
f 2316//2313 2357//2354 2317//2314
f 2357//2354 2358//2355 2317//2314
f 2317//2314 2358//2355 2318//2315
f 2358//2355 2359//2356 2318//2315
f 2318//2315 2359//2356 2319//2316
f 2359//2356 2360//2357 2319//2316
f 2319//2316 2360//2357 2320//2317
f 2360//2357 2361//2358 2320//2317
f 2320//2317 2361//2358 2321//2318
f 2361//2358 2362//2359 2321//2318
f 2321//2318 2362//2359 2322//2319
f 2362//2359 2363//2360 2322//2319
f 2322//2319 2363//2360 2323//2320
f 2363//2360 2364//2361 2323//2320
f 2323//2320 2364//2361 2324//2321
f 2364//2361 2365//2362 2324//2321
f 2324//2321 2365//2362 2325//2322
f 2365//2362 2366//2363 2325//2322
f 2325//2322 2366//2363 2326//2323
f 2366//2363 2367//2364 2326//2323
f 2326//2323 2367//2364 2327//2324
f 2367//2364 2368//2365 2327//2324
f 2327//2324 2368//2365 2328//2325
f 2368//2365 2369//2366 2328//2325
f 2328//2325 2369//2366 2329//2326
f 2369//2366 2370//2367 2329//2326
f 2329//2326 2370//2367 2330//2327
f 2370//2367 2371//2368 2330//2327
f 2330//2327 2371//2368 2331//2328
f 2371//2368 2372//2369 2331//2328
f 2331//2328 2372//2369 2332//2329
f 2372//2369 2373//2370 2332//2329
f 2332//2329 2373//2370 2333//2330
f 2373//2370 2374//2371 2333//2330
f 2333//2330 2374//2371 2334//2331
f 2374//2371 2375//2372 2334//2331
f 2334//2331 2375//2372 2335//2332
f 2375//2372 2376//2373 2335//2332
f 2335//2332 2376//2373 2336//2333
f 2376//2373 2377//2374 2336//2333
f 2336//2333 2377//2374 2337//2334
f 2377//2374 2378//2375 2337//2334
f 2337//2334 2378//2375 2338//2335
f 2378//2375 2379//2376 2338//2335
f 2338//2335 2379//2376 2339//2336
f 2379//2376 2380//2377 2339//2336
f 2339//2336 2380//2377 2340//2337
f 2380//2377 2381//2378 2340//2337
f 2341//2338 2382//2379 2342//2339
f 2382//2379 2383//2380 2342//2339
f 2342//2339 2383//2380 2343//2340
f 2383//2380 2384//2381 2343//2340
f 2343//2340 2384//2381 2344//2341
f 2384//2381 2385//2382 2344//2341
f 2344//2341 2385//2382 2345//2342
f 2385//2382 2386//2383 2345//2342
f 2345//2342 2386//2383 2346//2343
f 2386//2383 2387//2384 2346//2343
f 2346//2343 2387//2384 2347//2344
f 2387//2384 2388//2385 2347//2344
f 2347//2344 2388//2385 2348//2345
f 2388//2385 2389//2386 2348//2345
f 2348//2345 2389//2386 2349//2346
f 2389//2386 2390//2387 2349//2346
f 2349//2346 2390//2387 2350//2347
f 2390//2387 2391//2388 2350//2347
f 2350//2347 2391//2388 2351//2348
f 2391//2388 2392//2389 2351//2348
f 2351//2348 2392//2389 2352//2349
f 2392//2389 2393//2390 2352//2349
f 2352//2349 2393//2390 2353//2350
f 2393//2390 2394//2391 2353//2350
f 2353//2350 2394//2391 2354//2351
f 2394//2391 2395//2392 2354//2351
f 2354//2351 2395//2392 2355//2352
f 2395//2392 2396//2393 2355//2352
f 2355//2352 2396//2393 2356//2353
f 2396//2393 2397//2394 2356//2353
f 2356//2353 2397//2394 2357//2354
f 2397//2394 2398//2395 2357//2354
f 2357//2354 2398//2395 2358//2355
f 2398//2395 2399//2396 2358//2355
f 2358//2355 2399//2396 2359//2356
f 2399//2396 2400//2397 2359//2356
f 2359//2356 2400//2397 2360//2357
f 2400//2397 2401//2398 2360//2357
f 2360//2357 2401//2398 2361//2358
f 2401//2398 2402//2399 2361//2358
f 2361//2358 2402//2399 2362//2359
f 2402//2399 2403//2400 2362//2359
f 2362//2359 2403//2400 2363//2360
f 2403//2400 2404//2401 2363//2360
f 2363//2360 2404//2401 2364//2361
f 2404//2401 2405//2402 2364//2361
f 2364//2361 2405//2402 2365//2362
f 2405//2402 2406//2403 2365//2362
f 2365//2362 2406//2403 2366//2363
f 2406//2403 2407//2404 2366//2363
f 2366//2363 2407//2404 2367//2364
f 2407//2404 2408//2405 2367//2364
f 2367//2364 2408//2405 2368//2365
f 2408//2405 2409//2406 2368//2365
f 2368//2365 2409//2406 2369//2366
f 2409//2406 2410//2407 2369//2366
f 2369//2366 2410//2407 2370//2367
f 2410//2407 2411//2408 2370//2367
f 2370//2367 2411//2408 2371//2368
f 2411//2408 2412//2409 2371//2368
f 2371//2368 2412//2409 2372//2369
f 2412//2409 2413//2410 2372//2369
f 2372//2369 2413//2410 2373//2370
f 2413//2410 2414//2411 2373//2370
f 2373//2370 2414//2411 2374//2371
f 2414//2411 2415//2412 2374//2371
f 2374//2371 2415//2412 2375//2372
f 2415//2412 2416//2413 2375//2372
f 2375//2372 2416//2413 2376//2373
f 2416//2413 2417//2414 2376//2373
f 2376//2373 2417//2414 2377//2374
f 2417//2414 2418//2415 2377//2374
f 2377//2374 2418//2415 2378//2375
f 2418//2415 2419//2416 2378//2375
f 2378//2375 2419//2416 2379//2376
f 2419//2416 2420//2417 2379//2376
f 2379//2376 2420//2417 2380//2377
f 2420//2417 2421//2418 2380//2377
f 2380//2377 2421//2418 2381//2378
f 2421//2418 2422//2419 2381//2378
f 2382//2379 2423//2420 2383//2380
f 2423//2420 2424//2421 2383//2380
f 2383//2380 2424//2421 2384//2381
f 2424//2421 2425//2422 2384//2381
f 2384//2381 2425//2422 2385//2382
f 2425//2422 2426//2423 2385//2382
f 2385//2382 2426//2423 2386//2383
f 2426//2423 2427//2424 2386//2383
f 2386//2383 2427//2424 2387//2384
f 2427//2424 2428//2425 2387//2384
f 2387//2384 2428//2425 2388//2385
f 2428//2425 2429//2426 2388//2385
f 2388//2385 2429//2426 2389//2386
f 2429//2426 2430//2427 2389//2386
f 2389//2386 2430//2427 2390//2387
f 2430//2427 2431//2428 2390//2387
f 2390//2387 2431//2428 2391//2388
f 2431//2428 2432//2429 2391//2388
f 2391//2388 2432//2429 2392//2389
f 2432//2429 2433//2430 2392//2389
f 2392//2389 2433//2430 2393//2390
f 2433//2430 2434//2431 2393//2390
f 2393//2390 2434//2431 2394//2391
f 2434//2431 2435//2432 2394//2391
f 2394//2391 2435//2432 2395//2392
f 2435//2432 2436//2433 2395//2392
f 2395//2392 2436//2433 2396//2393
f 2436//2433 2437//2434 2396//2393
f 2396//2393 2437//2434 2397//2394
f 2437//2434 2438//2435 2397//2394
f 2397//2394 2438//2435 2398//2395
f 2438//2435 2439//2436 2398//2395
f 2398//2395 2439//2436 2399//2396
f 2439//2436 2440//2437 2399//2396
f 2399//2396 2440//2437 2400//2397
f 2440//2437 2441//2438 2400//2397
f 2400//2397 2441//2438 2401//2398
f 2441//2438 2442//2439 2401//2398
f 2401//2398 2442//2439 2402//2399
f 2442//2439 2443//2440 2402//2399
f 2402//2399 2443//2440 2403//2400
f 2443//2440 2444//2441 2403//2400
f 2403//2400 2444//2441 2404//2401
f 2444//2441 2445//2442 2404//2401
f 2404//2401 2445//2442 2405//2402
f 2445//2442 2446//2443 2405//2402
f 2405//2402 2446//2443 2406//2403
f 2446//2443 2447//2444 2406//2403
f 2406//2403 2447//2444 2407//2404
f 2447//2444 2448//2445 2407//2404
f 2407//2404 2448//2445 2408//2405
f 2448//2445 2449//2446 2408//2405
f 2408//2405 2449//2446 2409//2406
f 2449//2446 2450//2447 2409//2406
f 2409//2406 2450//2447 2410//2407
f 2450//2447 2451//2448 2410//2407
f 2410//2407 2451//2448 2411//2408
f 2451//2448 2452//2449 2411//2408
f 2411//2408 2452//2449 2412//2409
f 2452//2449 2453//2450 2412//2409
f 2412//2409 2453//2450 2413//2410
f 2453//2450 2454//2451 2413//2410
f 2413//2410 2454//2451 2414//2411
f 2454//2451 2455//2452 2414//2411
f 2414//2411 2455//2452 2415//2412
f 2455//2452 2456//2453 2415//2412
f 2415//2412 2456//2453 2416//2413
f 2456//2453 2457//2454 2416//2413
f 2416//2413 2457//2454 2417//2414
f 2457//2454 2458//2455 2417//2414
f 2417//2414 2458//2455 2418//2415
f 2458//2455 2459//2456 2418//2415
f 2418//2415 2459//2456 2419//2416
f 2459//2456 2460//2457 2419//2416
f 2419//2416 2460//2457 2420//2417
f 2460//2457 2461//2458 2420//2417
f 2420//2417 2461//2458 2421//2418
f 2461//2458 2462//2459 2421//2418
f 2421//2418 2462//2459 2422//2419
f 2462//2459 2463//2460 2422//2419
f 2423//2420 2464//2461 2424//2421
f 2464//2461 2465//2462 2424//2421
f 2424//2421 2465//2462 2425//2422
f 2465//2462 2466//2463 2425//2422
f 2425//2422 2466//2463 2426//2423
f 2466//2463 2467//2464 2426//2423
f 2426//2423 2467//2464 2427//2424
f 2467//2464 2468//2465 2427//2424
f 2427//2424 2468//2465 2428//2425
f 2468//2465 2469//2466 2428//2425
f 2428//2425 2469//2466 2429//2426
f 2469//2466 2470//2467 2429//2426
f 2429//2426 2470//2467 2430//2427
f 2470//2467 2471//2468 2430//2427
f 2430//2427 2471//2468 2431//2428
f 2471//2468 2472//2469 2431//2428
f 2431//2428 2472//2469 2432//2429
f 2472//2469 2473//2470 2432//2429
f 2432//2429 2473//2470 2433//2430
f 2473//2470 2474//2471 2433//2430
f 2433//2430 2474//2471 2434//2431
f 2474//2471 2475//2472 2434//2431
f 2434//2431 2475//2472 2435//2432
f 2475//2472 2476//2473 2435//2432
f 2435//2432 2476//2473 2436//2433
f 2476//2473 2477//2474 2436//2433
f 2436//2433 2477//2474 2437//2434
f 2477//2474 2478//2475 2437//2434
f 2437//2434 2478//2475 2438//2435
f 2478//2475 2479//2476 2438//2435
f 2438//2435 2479//2476 2439//2436
f 2479//2476 2480//2477 2439//2436
f 2439//2436 2480//2477 2440//2437
f 2480//2477 2481//2478 2440//2437
f 2440//2437 2481//2478 2441//2438
f 2481//2478 2482//2479 2441//2438
f 2441//2438 2482//2479 2442//2439
f 2482//2479 2483//2480 2442//2439
f 2442//2439 2483//2480 2443//2440
f 2483//2480 2484//2481 2443//2440
f 2443//2440 2484//2481 2444//2441
f 2484//2481 2485//2482 2444//2441
f 2444//2441 2485//2482 2445//2442
f 2485//2482 2486//2483 2445//2442
f 2445//2442 2486//2483 2446//2443
f 2486//2483 2487//2484 2446//2443
f 2446//2443 2487//2484 2447//2444
f 2487//2484 2488//2485 2447//2444
f 2447//2444 2488//2485 2448//2445
f 2488//2485 2489//2486 2448//2445
f 2448//2445 2489//2486 2449//2446
f 2489//2486 2490//2487 2449//2446
f 2449//2446 2490//2487 2450//2447
f 2490//2487 2491//2488 2450//2447
f 2450//2447 2491//2488 2451//2448
f 2491//2488 2492//2489 2451//2448
f 2451//2448 2492//2489 2452//2449
f 2492//2489 2493//2490 2452//2449
f 2452//2449 2493//2490 2453//2450
f 2493//2490 2494//2491 2453//2450
f 2453//2450 2494//2491 2454//2451
f 2494//2491 2495//2492 2454//2451
f 2454//2451 2495//2492 2455//2452
f 2495//2492 2496//2493 2455//2452
f 2455//2452 2496//2493 2456//2453
f 2496//2493 2497//2494 2456//2453
f 2456//2453 2497//2494 2457//2454
f 2497//2494 2498//2495 2457//2454
f 2457//2454 2498//2495 2458//2455
f 2498//2495 2499//2496 2458//2455
f 2458//2455 2499//2496 2459//2456
f 2499//2496 2500//2497 2459//2456
f 2459//2456 2500//2497 2460//2457
f 2500//2497 2501//2498 2460//2457
f 2460//2457 2501//2498 2461//2458
f 2501//2498 2502//2499 2461//2458
f 2461//2458 2502//2499 2462//2459
f 2502//2499 2503//2500 2462//2459
f 2462//2459 2503//2500 2463//2460
f 2503//2500 2504//2501 2463//2460
f 2464//2461 2505//2502 2465//2462
f 2505//2502 2506//2503 2465//2462
f 2465//2462 2506//2503 2466//2463
f 2506//2503 2507//2504 2466//2463
f 2466//2463 2507//2504 2467//2464
f 2507//2504 2508//2505 2467//2464
f 2467//2464 2508//2505 2468//2465
f 2508//2505 2509//2506 2468//2465
f 2468//2465 2509//2506 2469//2466
f 2509//2506 2510//2507 2469//2466
f 2469//2466 2510//2507 2470//2467
f 2510//2507 2511//2508 2470//2467
f 2470//2467 2511//2508 2471//2468
f 2511//2508 2512//2509 2471//2468
f 2471//2468 2512//2509 2472//2469
f 2512//2509 2513//2510 2472//2469
f 2472//2469 2513//2510 2473//2470
f 2513//2510 2514//2511 2473//2470
f 2473//2470 2514//2511 2474//2471
f 2514//2511 2515//2512 2474//2471
f 2474//2471 2515//2512 2475//2472
f 2515//2512 2516//2513 2475//2472
f 2475//2472 2516//2513 2476//2473
f 2516//2513 2517//2514 2476//2473
f 2476//2473 2517//2514 2477//2474
f 2517//2514 2518//2515 2477//2474
f 2477//2474 2518//2515 2478//2475
f 2518//2515 2519//2516 2478//2475
f 2478//2475 2519//2516 2479//2476
f 2519//2516 2520//2517 2479//2476
f 2479//2476 2520//2517 2480//2477
f 2520//2517 2521//2518 2480//2477
f 2480//2477 2521//2518 2481//2478
f 2521//2518 2522//2519 2481//2478
f 2481//2478 2522//2519 2482//2479
f 2522//2519 2523//2520 2482//2479
f 2482//2479 2523//2520 2483//2480
f 2523//2520 2524//2521 2483//2480
f 2483//2480 2524//2521 2484//2481
f 2524//2521 2525//2522 2484//2481
f 2484//2481 2525//2522 2485//2482
f 2525//2522 2526//2523 2485//2482
f 2485//2482 2526//2523 2486//2483
f 2526//2523 2527//2524 2486//2483
f 2486//2483 2527//2524 2487//2484
f 2527//2524 2528//2525 2487//2484
f 2487//2484 2528//2525 2488//2485
f 2528//2525 2529//2526 2488//2485
f 2488//2485 2529//2526 2489//2486
f 2529//2526 2530//2527 2489//2486
f 2489//2486 2530//2527 2490//2487
f 2530//2527 2531//2528 2490//2487
f 2490//2487 2531//2528 2491//2488
f 2531//2528 2532//2529 2491//2488
f 2491//2488 2532//2529 2492//2489
f 2532//2529 2533//2530 2492//2489
f 2492//2489 2533//2530 2493//2490
f 2533//2530 2534//2531 2493//2490
f 2493//2490 2534//2531 2494//2491
f 2534//2531 2535//2532 2494//2491
f 2494//2491 2535//2532 2495//2492
f 2535//2532 2536//2533 2495//2492
f 2495//2492 2536//2533 2496//2493
f 2536//2533 2537//2534 2496//2493
f 2496//2493 2537//2534 2497//2494
f 2537//2534 2538//2535 2497//2494
f 2497//2494 2538//2535 2498//2495
f 2538//2535 2539//2536 2498//2495
f 2498//2495 2539//2536 2499//2496
f 2539//2536 2540//2537 2499//2496
f 2499//2496 2540//2537 2500//2497
f 2540//2537 2541//2538 2500//2497
f 2500//2497 2541//2538 2501//2498
f 2541//2538 2542//2539 2501//2498
f 2501//2498 2542//2539 2502//2499
f 2542//2539 2543//2540 2502//2499
f 2502//2499 2543//2540 2503//2500
f 2543//2540 2544//2541 2503//2500
f 2503//2500 2544//2541 2504//2501
f 2544//2541 2545//2542 2504//2501
f 2505//2502 2546//2543 2506//2503
f 2546//2543 2547//2544 2506//2503
f 2506//2503 2547//2544 2507//2504
f 2547//2544 2548//2545 2507//2504
f 2507//2504 2548//2545 2508//2505
f 2548//2545 2549//2546 2508//2505
f 2508//2505 2549//2546 2509//2506
f 2549//2546 2550//2547 2509//2506
f 2509//2506 2550//2547 2510//2507
f 2550//2547 2551//2548 2510//2507
f 2510//2507 2551//2548 2511//2508
f 2551//2548 2552//2549 2511//2508
f 2511//2508 2552//2549 2512//2509
f 2552//2549 2553//2550 2512//2509
f 2512//2509 2553//2550 2513//2510
f 2553//2550 2554//2551 2513//2510
f 2513//2510 2554//2551 2514//2511
f 2554//2551 2555//2552 2514//2511
f 2514//2511 2555//2552 2515//2512
f 2555//2552 2556//2553 2515//2512
f 2515//2512 2556//2553 2516//2513
f 2556//2553 2557//2554 2516//2513
f 2516//2513 2557//2554 2517//2514
f 2557//2554 2558//2555 2517//2514
f 2517//2514 2558//2555 2518//2515
f 2558//2555 2559//2556 2518//2515
f 2518//2515 2559//2556 2519//2516
f 2559//2556 2560//2557 2519//2516
f 2519//2516 2560//2557 2520//2517
f 2560//2557 2561//2558 2520//2517
f 2520//2517 2561//2558 2521//2518
f 2561//2558 2562//2559 2521//2518
f 2521//2518 2562//2559 2522//2519
f 2562//2559 2563//2560 2522//2519
f 2522//2519 2563//2560 2523//2520
f 2563//2560 2564//2561 2523//2520
f 2523//2520 2564//2561 2524//2521
f 2564//2561 2565//2562 2524//2521
f 2524//2521 2565//2562 2525//2522
f 2565//2562 2566//2563 2525//2522
f 2525//2522 2566//2563 2526//2523
f 2566//2563 2567//2564 2526//2523
f 2526//2523 2567//2564 2527//2524
f 2567//2564 2568//2565 2527//2524
f 2527//2524 2568//2565 2528//2525
f 2568//2565 2569//2566 2528//2525
f 2528//2525 2569//2566 2529//2526
f 2569//2566 2570//2567 2529//2526
f 2529//2526 2570//2567 2530//2527
f 2570//2567 2571//2568 2530//2527
f 2530//2527 2571//2568 2531//2528
f 2571//2568 2572//2569 2531//2528
f 2531//2528 2572//2569 2532//2529
f 2572//2569 2573//2570 2532//2529
f 2532//2529 2573//2570 2533//2530
f 2573//2570 2574//2571 2533//2530
f 2533//2530 2574//2571 2534//2531
f 2574//2571 2575//2572 2534//2531
f 2534//2531 2575//2572 2535//2532
f 2575//2572 2576//2573 2535//2532
f 2535//2532 2576//2573 2536//2533
f 2576//2573 2577//2574 2536//2533
f 2536//2533 2577//2574 2537//2534
f 2577//2574 2578//2575 2537//2534
f 2537//2534 2578//2575 2538//2535
f 2578//2575 2579//2576 2538//2535
f 2538//2535 2579//2576 2539//2536
f 2579//2576 2580//2577 2539//2536
f 2539//2536 2580//2577 2540//2537
f 2580//2577 2581//2578 2540//2537
f 2540//2537 2581//2578 2541//2538
f 2581//2578 2582//2579 2541//2538
f 2541//2538 2582//2579 2542//2539
f 2582//2579 2583//2580 2542//2539
f 2542//2539 2583//2580 2543//2540
f 2583//2580 2584//2581 2543//2540
f 2543//2540 2584//2581 2544//2541
f 2584//2581 2585//2582 2544//2541
f 2544//2541 2585//2582 2545//2542
f 2585//2582 2586//2583 2545//2542
f 2546//2543 2587//2584 2547//2544
f 2587//2584 2588//2585 2547//2544
f 2547//2544 2588//2585 2548//2545
f 2588//2585 2589//2586 2548//2545
f 2548//2545 2589//2586 2549//2546
f 2589//2586 2590//2587 2549//2546
f 2549//2546 2590//2587 2550//2547
f 2590//2587 2591//2588 2550//2547
f 2550//2547 2591//2588 2551//2548
f 2591//2588 2592//2589 2551//2548
f 2551//2548 2592//2589 2552//2549
f 2592//2589 2593//2590 2552//2549
f 2552//2549 2593//2590 2553//2550
f 2593//2590 2594//2591 2553//2550
f 2553//2550 2594//2591 2554//2551
f 2594//2591 2595//2592 2554//2551
f 2554//2551 2595//2592 2555//2552
f 2595//2592 2596//2593 2555//2552
f 2555//2552 2596//2593 2556//2553
f 2596//2593 2597//2594 2556//2553
f 2556//2553 2597//2594 2557//2554
f 2597//2594 2598//2595 2557//2554
f 2557//2554 2598//2595 2558//2555
f 2598//2595 2599//2596 2558//2555
f 2558//2555 2599//2596 2559//2556
f 2599//2596 2600//2597 2559//2556
f 2559//2556 2600//2597 2560//2557
f 2600//2597 2601//2598 2560//2557
f 2560//2557 2601//2598 2561//2558
f 2601//2598 2602//2599 2561//2558
f 2561//2558 2602//2599 2562//2559
f 2602//2599 2603//2600 2562//2559
f 2562//2559 2603//2600 2563//2560
f 2603//2600 2604//2601 2563//2560
f 2563//2560 2604//2601 2564//2561
f 2604//2601 2605//2602 2564//2561
f 2564//2561 2605//2602 2565//2562
f 2605//2602 2606//2603 2565//2562
f 2565//2562 2606//2603 2566//2563
f 2606//2603 2607//2604 2566//2563
f 2566//2563 2607//2604 2567//2564
f 2607//2604 2608//2605 2567//2564
f 2567//2564 2608//2605 2568//2565
f 2608//2605 2609//2606 2568//2565
f 2568//2565 2609//2606 2569//2566
f 2609//2606 2610//2607 2569//2566
f 2569//2566 2610//2607 2570//2567
f 2610//2607 2611//2608 2570//2567
f 2570//2567 2611//2608 2571//2568
f 2611//2608 2612//2609 2571//2568
f 2571//2568 2612//2609 2572//2569
f 2612//2609 2613//2610 2572//2569
f 2572//2569 2613//2610 2573//2570
f 2613//2610 2614//2611 2573//2570
f 2573//2570 2614//2611 2574//2571
f 2614//2611 2615//2612 2574//2571
f 2574//2571 2615//2612 2575//2572
f 2615//2612 2616//2613 2575//2572
f 2575//2572 2616//2613 2576//2573
f 2616//2613 2617//2614 2576//2573
f 2576//2573 2617//2614 2577//2574
f 2617//2614 2618//2615 2577//2574
f 2577//2574 2618//2615 2578//2575
f 2618//2615 2619//2616 2578//2575
f 2578//2575 2619//2616 2579//2576
f 2619//2616 2620//2617 2579//2576
f 2579//2576 2620//2617 2580//2577
f 2620//2617 2621//2618 2580//2577
f 2580//2577 2621//2618 2581//2578
f 2621//2618 2622//2619 2581//2578
f 2581//2578 2622//2619 2582//2579
f 2622//2619 2623//2620 2582//2579
f 2582//2579 2623//2620 2583//2580
f 2623//2620 2624//2621 2583//2580
f 2583//2580 2624//2621 2584//2581
f 2624//2621 2625//2622 2584//2581
f 2584//2581 2625//2622 2585//2582
f 2625//2622 2626//2623 2585//2582
f 2585//2582 2626//2623 2586//2583
f 2626//2623 2627//2624 2586//2583
f 2587//2584 2628//2625 2588//2585
f 2628//2625 2629//2626 2588//2585
f 2588//2585 2629//2626 2589//2586
f 2629//2626 2630//2627 2589//2586
f 2589//2586 2630//2627 2590//2587
f 2630//2627 2631//2628 2590//2587
f 2590//2587 2631//2628 2591//2588
f 2631//2628 2632//2629 2591//2588
f 2591//2588 2632//2629 2592//2589
f 2632//2629 2633//2630 2592//2589
f 2592//2589 2633//2630 2593//2590
f 2633//2630 2634//2631 2593//2590
f 2593//2590 2634//2631 2594//2591
f 2634//2631 2635//2632 2594//2591
f 2594//2591 2635//2632 2595//2592
f 2635//2632 2636//2633 2595//2592
f 2595//2592 2636//2633 2596//2593
f 2636//2633 2637//2634 2596//2593
f 2596//2593 2637//2634 2597//2594
f 2637//2634 2638//2635 2597//2594
f 2597//2594 2638//2635 2598//2595
f 2638//2635 2639//2636 2598//2595
f 2598//2595 2639//2636 2599//2596
f 2639//2636 2640//2637 2599//2596
f 2599//2596 2640//2637 2600//2597
f 2640//2637 2641//2638 2600//2597
f 2600//2597 2641//2638 2601//2598
f 2641//2638 2642//2639 2601//2598
f 2601//2598 2642//2639 2602//2599
f 2642//2639 2643//2640 2602//2599
f 2602//2599 2643//2640 2603//2600
f 2643//2640 2644//2641 2603//2600
f 2603//2600 2644//2641 2604//2601
f 2644//2641 2645//2642 2604//2601
f 2604//2601 2645//2642 2605//2602
f 2645//2642 2646//2643 2605//2602
f 2605//2602 2646//2643 2606//2603
f 2646//2643 2647//2644 2606//2603
f 2606//2603 2647//2644 2607//2604
f 2647//2644 2648//2645 2607//2604
f 2607//2604 2648//2645 2608//2605
f 2648//2645 2649//2646 2608//2605
f 2608//2605 2649//2646 2609//2606
f 2649//2646 2650//2647 2609//2606
f 2609//2606 2650//2647 2610//2607
f 2650//2647 2651//2648 2610//2607
f 2610//2607 2651//2648 2611//2608
f 2651//2648 2652//2649 2611//2608
f 2611//2608 2652//2649 2612//2609
f 2652//2649 2653//2650 2612//2609
f 2612//2609 2653//2650 2613//2610
f 2653//2650 2654//2651 2613//2610
f 2613//2610 2654//2651 2614//2611
f 2654//2651 2655//2652 2614//2611
f 2614//2611 2655//2652 2615//2612
f 2655//2652 2656//2653 2615//2612
f 2615//2612 2656//2653 2616//2613
f 2656//2653 2657//2654 2616//2613
f 2616//2613 2657//2654 2617//2614
f 2657//2654 2658//2655 2617//2614
f 2617//2614 2658//2655 2618//2615
f 2658//2655 2659//2656 2618//2615
f 2618//2615 2659//2656 2619//2616
f 2659//2656 2660//2657 2619//2616
f 2619//2616 2660//2657 2620//2617
f 2660//2657 2661//2658 2620//2617
f 2620//2617 2661//2658 2621//2618
f 2661//2658 2662//2659 2621//2618
f 2621//2618 2662//2659 2622//2619
f 2662//2659 2663//2660 2622//2619
f 2622//2619 2663//2660 2623//2620
f 2663//2660 2664//2661 2623//2620
f 2623//2620 2664//2661 2624//2621
f 2664//2661 2665//2662 2624//2621
f 2624//2621 2665//2662 2625//2622
f 2665//2662 2666//2663 2625//2622
f 2625//2622 2666//2663 2626//2623
f 2666//2663 2667//2664 2626//2623
f 2626//2623 2667//2664 2627//2624
f 2667//2664 2668//2665 2627//2624
f 2628//2625 2669//2666 2629//2626
f 2669//2666 2670//2667 2629//2626
f 2629//2626 2670//2667 2630//2627
f 2670//2667 2671//2668 2630//2627
f 2630//2627 2671//2668 2631//2628
f 2671//2668 2672//2669 2631//2628
f 2631//2628 2672//2669 2632//2629
f 2672//2669 2673//2670 2632//2629
f 2632//2629 2673//2670 2633//2630
f 2673//2670 2674//2671 2633//2630
f 2633//2630 2674//2671 2634//2631
f 2674//2671 2675//2672 2634//2631
f 2634//2631 2675//2672 2635//2632
f 2675//2672 2676//2673 2635//2632
f 2635//2632 2676//2673 2636//2633
f 2676//2673 2677//2674 2636//2633
f 2636//2633 2677//2674 2637//2634
f 2677//2674 2678//2675 2637//2634
f 2637//2634 2678//2675 2638//2635
f 2678//2675 2679//2676 2638//2635
f 2638//2635 2679//2676 2639//2636
f 2679//2676 2680//2677 2639//2636
f 2639//2636 2680//2677 2640//2637
f 2680//2677 2681//2678 2640//2637
f 2640//2637 2681//2678 2641//2638
f 2681//2678 2682//2679 2641//2638
f 2641//2638 2682//2679 2642//2639
f 2682//2679 2683//2680 2642//2639
f 2642//2639 2683//2680 2643//2640
f 2683//2680 2684//2681 2643//2640
f 2643//2640 2684//2681 2644//2641
f 2684//2681 2685//2682 2644//2641
f 2644//2641 2685//2682 2645//2642
f 2685//2682 2686//2683 2645//2642
f 2645//2642 2686//2683 2646//2643
f 2686//2683 2687//2684 2646//2643
f 2646//2643 2687//2684 2647//2644
f 2687//2684 2688//2685 2647//2644
f 2647//2644 2688//2685 2648//2645
f 2688//2685 2689//2686 2648//2645
f 2648//2645 2689//2686 2649//2646
f 2689//2686 2690//2687 2649//2646
f 2649//2646 2690//2687 2650//2647
f 2690//2687 2691//2688 2650//2647
f 2650//2647 2691//2688 2651//2648
f 2691//2688 2692//2689 2651//2648
f 2651//2648 2692//2689 2652//2649
f 2692//2689 2693//2690 2652//2649
f 2652//2649 2693//2690 2653//2650
f 2693//2690 2694//2691 2653//2650
f 2653//2650 2694//2691 2654//2651
f 2694//2691 2695//2692 2654//2651
f 2654//2651 2695//2692 2655//2652
f 2695//2692 2696//2693 2655//2652
f 2655//2652 2696//2693 2656//2653
f 2696//2693 2697//2694 2656//2653
f 2656//2653 2697//2694 2657//2654
f 2697//2694 2698//2695 2657//2654
f 2657//2654 2698//2695 2658//2655
f 2698//2695 2699//2696 2658//2655
f 2658//2655 2699//2696 2659//2656
f 2699//2696 2700//2697 2659//2656
f 2659//2656 2700//2697 2660//2657
f 2700//2697 2701//2698 2660//2657
f 2660//2657 2701//2698 2661//2658
f 2701//2698 2702//2699 2661//2658
f 2661//2658 2702//2699 2662//2659
f 2702//2699 2703//2700 2662//2659
f 2662//2659 2703//2700 2663//2660
f 2703//2700 2704//2701 2663//2660
f 2663//2660 2704//2701 2664//2661
f 2704//2701 2705//2702 2664//2661
f 2664//2661 2705//2702 2665//2662
f 2705//2702 2706//2703 2665//2662
f 2665//2662 2706//2703 2666//2663
f 2706//2703 2707//2704 2666//2663
f 2666//2663 2707//2704 2667//2664
f 2707//2704 2708//2705 2667//2664
f 2667//2664 2708//2705 2668//2665
f 2708//2705 2709//2706 2668//2665
f 2669//2666 2710//2707 2670//2667
f 2670//2667 2711//2708 2671//2668
f 2671//2668 2712//2709 2672//2669
f 2672//2669 2713//2710 2673//2670
f 2673//2670 2714//2711 2674//2671
f 2674//2671 2715//2712 2675//2672
f 2675//2672 2716//2713 2676//2673
f 2676//2673 2717//2714 2677//2674
f 2677//2674 2718//2715 2678//2675
f 2678//2675 2719//2716 2679//2676
f 2679//2676 2720//2717 2680//2677
f 2680//2677 2721//2718 2681//2678
f 2681//2678 2722//2719 2682//2679
f 2682//2679 2723//2720 2683//2680
f 2683//2680 2724//2721 2684//2681
f 2684//2681 2725//2722 2685//2682
f 2685//2682 2726//2723 2686//2683
f 2686//2683 2727//2724 2687//2684
f 2687//2684 2728//2725 2688//2685
f 2688//2685 2729//2726 2689//2686
f 2689//2686 2730//2727 2690//2687
f 2690//2687 2731//2728 2691//2688
f 2691//2688 2732//2729 2692//2689
f 2692//2689 2733//2730 2693//2690
f 2693//2690 2734//2731 2694//2691
f 2694//2691 2735//2732 2695//2692
f 2695//2692 2736//2733 2696//2693
f 2696//2693 2737//2734 2697//2694
f 2697//2694 2738//2735 2698//2695
f 2698//2695 2739//2736 2699//2696
f 2699//2696 2740//2737 2700//2697
f 2700//2697 2741//2738 2701//2698
f 2701//2698 2742//2739 2702//2699
f 2702//2699 2743//2740 2703//2700
f 2703//2700 2744//2741 2704//2701
f 2704//2701 2745//2742 2705//2702
f 2705//2702 2746//2743 2706//2703
f 2706//2703 2747//2744 2707//2704
f 2707//2704 2748//2745 2708//2705
f 2708//2705 2749//2746 2709//2706
usemtl crystal
f 2792//2789 2793//2790 2752//2749
f 2793//2790 2794//2791 2753//2750
f 2794//2791 2795//2792 2754//2751
f 2795//2792 2796//2793 2755//2752
f 2796//2793 2797//2794 2756//2753
f 2797//2794 2798//2795 2757//2754
f 2798//2795 2799//2796 2758//2755
f 2799//2796 2800//2797 2759//2756
f 2800//2797 2801//2798 2760//2757
f 2801//2798 2802//2799 2761//2758
f 2802//2799 2803//2800 2762//2759
f 2803//2800 2804//2801 2763//2760
f 2804//2801 2805//2802 2764//2761
f 2805//2802 2806//2803 2765//2762
f 2806//2803 2807//2804 2766//2763
f 2807//2804 2808//2805 2767//2764
f 2808//2805 2809//2806 2768//2765
f 2809//2806 2810//2807 2769//2766
f 2810//2807 2811//2808 2770//2767
f 2811//2808 2812//2809 2771//2768
f 2812//2809 2813//2810 2772//2769
f 2813//2810 2814//2811 2773//2770
f 2814//2811 2815//2812 2774//2771
f 2815//2812 2816//2813 2775//2772
f 2816//2813 2817//2814 2776//2773
f 2817//2814 2818//2815 2777//2774
f 2818//2815 2819//2816 2778//2775
f 2819//2816 2820//2817 2779//2776
f 2820//2817 2821//2818 2780//2777
f 2821//2818 2822//2819 2781//2778
f 2822//2819 2823//2820 2782//2779
f 2823//2820 2824//2821 2783//2780
f 2824//2821 2825//2822 2784//2781
f 2825//2822 2826//2823 2785//2782
f 2826//2823 2827//2824 2786//2783
f 2827//2824 2828//2825 2787//2784
f 2828//2825 2829//2826 2788//2785
f 2829//2826 2830//2827 2789//2786
f 2830//2827 2831//2828 2790//2787
f 2831//2828 2832//2829 2791//2788
f 2792//2789 2833//2830 2793//2790
f 2833//2830 2834//2831 2793//2790
f 2793//2790 2834//2831 2794//2791
f 2834//2831 2835//2832 2794//2791
f 2794//2791 2835//2832 2795//2792
f 2835//2832 2836//2833 2795//2792
f 2795//2792 2836//2833 2796//2793
f 2836//2833 2837//2834 2796//2793
f 2796//2793 2837//2834 2797//2794
f 2837//2834 2838//2835 2797//2794
f 2797//2794 2838//2835 2798//2795
f 2838//2835 2839//2836 2798//2795
f 2798//2795 2839//2836 2799//2796
f 2839//2836 2840//2837 2799//2796
f 2799//2796 2840//2837 2800//2797
f 2840//2837 2841//2838 2800//2797
f 2800//2797 2841//2838 2801//2798
f 2841//2838 2842//2839 2801//2798
f 2801//2798 2842//2839 2802//2799
f 2842//2839 2843//2840 2802//2799
f 2802//2799 2843//2840 2803//2800
f 2843//2840 2844//2841 2803//2800
f 2803//2800 2844//2841 2804//2801
f 2844//2841 2845//2842 2804//2801
f 2804//2801 2845//2842 2805//2802
f 2845//2842 2846//2843 2805//2802
f 2805//2802 2846//2843 2806//2803
f 2846//2843 2847//2844 2806//2803
f 2806//2803 2847//2844 2807//2804
f 2847//2844 2848//2845 2807//2804
f 2807//2804 2848//2845 2808//2805
f 2848//2845 2849//2846 2808//2805
f 2808//2805 2849//2846 2809//2806
f 2849//2846 2850//2847 2809//2806
f 2809//2806 2850//2847 2810//2807
f 2850//2847 2851//2848 2810//2807
f 2810//2807 2851//2848 2811//2808
f 2851//2848 2852//2849 2811//2808
f 2811//2808 2852//2849 2812//2809
f 2852//2849 2853//2850 2812//2809
f 2812//2809 2853//2850 2813//2810
f 2853//2850 2854//2851 2813//2810
f 2813//2810 2854//2851 2814//2811
f 2854//2851 2855//2852 2814//2811
f 2814//2811 2855//2852 2815//2812
f 2855//2852 2856//2853 2815//2812
f 2815//2812 2856//2853 2816//2813
f 2856//2853 2857//2854 2816//2813
f 2816//2813 2857//2854 2817//2814
f 2857//2854 2858//2855 2817//2814
f 2817//2814 2858//2855 2818//2815
f 2858//2855 2859//2856 2818//2815
f 2818//2815 2859//2856 2819//2816
f 2859//2856 2860//2857 2819//2816
f 2819//2816 2860//2857 2820//2817
f 2860//2857 2861//2858 2820//2817
f 2820//2817 2861//2858 2821//2818
f 2861//2858 2862//2859 2821//2818
f 2821//2818 2862//2859 2822//2819
f 2862//2859 2863//2860 2822//2819
f 2822//2819 2863//2860 2823//2820
f 2863//2860 2864//2861 2823//2820
f 2823//2820 2864//2861 2824//2821
f 2864//2861 2865//2862 2824//2821
f 2824//2821 2865//2862 2825//2822
f 2865//2862 2866//2863 2825//2822
f 2825//2822 2866//2863 2826//2823
f 2866//2863 2867//2864 2826//2823
f 2826//2823 2867//2864 2827//2824
f 2867//2864 2868//2865 2827//2824
f 2827//2824 2868//2865 2828//2825
f 2868//2865 2869//2866 2828//2825
f 2828//2825 2869//2866 2829//2826
f 2869//2866 2870//2867 2829//2826
f 2829//2826 2870//2867 2830//2827
f 2870//2867 2871//2868 2830//2827
f 2830//2827 2871//2868 2831//2828
f 2871//2868 2872//2869 2831//2828
f 2831//2828 2872//2869 2832//2829
f 2872//2869 2873//2870 2832//2829
f 2833//2830 2874//2871 2834//2831
f 2874//2871 2875//2872 2834//2831
f 2834//2831 2875//2872 2835//2832
f 2875//2872 2876//2873 2835//2832
f 2835//2832 2876//2873 2836//2833
f 2876//2873 2877//2874 2836//2833
f 2836//2833 2877//2874 2837//2834
f 2877//2874 2878//2875 2837//2834
f 2837//2834 2878//2875 2838//2835
f 2878//2875 2879//2876 2838//2835
f 2838//2835 2879//2876 2839//2836
f 2879//2876 2880//2877 2839//2836
f 2839//2836 2880//2877 2840//2837
f 2880//2877 2881//2878 2840//2837
f 2840//2837 2881//2878 2841//2838
f 2881//2878 2882//2879 2841//2838
f 2841//2838 2882//2879 2842//2839
f 2882//2879 2883//2880 2842//2839
f 2842//2839 2883//2880 2843//2840
f 2883//2880 2884//2881 2843//2840
f 2843//2840 2884//2881 2844//2841
f 2884//2881 2885//2882 2844//2841
f 2844//2841 2885//2882 2845//2842
f 2885//2882 2886//2883 2845//2842
f 2845//2842 2886//2883 2846//2843
f 2886//2883 2887//2884 2846//2843
f 2846//2843 2887//2884 2847//2844
f 2887//2884 2888//2885 2847//2844
f 2847//2844 2888//2885 2848//2845
f 2888//2885 2889//2886 2848//2845
f 2848//2845 2889//2886 2849//2846
f 2889//2886 2890//2887 2849//2846
f 2849//2846 2890//2887 2850//2847
f 2890//2887 2891//2888 2850//2847
f 2850//2847 2891//2888 2851//2848
f 2891//2888 2892//2889 2851//2848
f 2851//2848 2892//2889 2852//2849
f 2892//2889 2893//2890 2852//2849
f 2852//2849 2893//2890 2853//2850
f 2893//2890 2894//2891 2853//2850
f 2853//2850 2894//2891 2854//2851
f 2894//2891 2895//2892 2854//2851
f 2854//2851 2895//2892 2855//2852
f 2895//2892 2896//2893 2855//2852
f 2855//2852 2896//2893 2856//2853
f 2896//2893 2897//2894 2856//2853
f 2856//2853 2897//2894 2857//2854
f 2897//2894 2898//2895 2857//2854
f 2857//2854 2898//2895 2858//2855
f 2898//2895 2899//2896 2858//2855
f 2858//2855 2899//2896 2859//2856
f 2899//2896 2900//2897 2859//2856
f 2859//2856 2900//2897 2860//2857
f 2900//2897 2901//2898 2860//2857
f 2860//2857 2901//2898 2861//2858
f 2901//2898 2902//2899 2861//2858
f 2861//2858 2902//2899 2862//2859
f 2902//2899 2903//2900 2862//2859
f 2862//2859 2903//2900 2863//2860
f 2903//2900 2904//2901 2863//2860
f 2863//2860 2904//2901 2864//2861
f 2904//2901 2905//2902 2864//2861
f 2864//2861 2905//2902 2865//2862
f 2905//2902 2906//2903 2865//2862
f 2865//2862 2906//2903 2866//2863
f 2906//2903 2907//2904 2866//2863
f 2866//2863 2907//2904 2867//2864
f 2907//2904 2908//2905 2867//2864
f 2867//2864 2908//2905 2868//2865
f 2908//2905 2909//2906 2868//2865
f 2868//2865 2909//2906 2869//2866
f 2909//2906 2910//2907 2869//2866
f 2869//2866 2910//2907 2870//2867
f 2910//2907 2911//2908 2870//2867
f 2870//2867 2911//2908 2871//2868
f 2911//2908 2912//2909 2871//2868
f 2871//2868 2912//2909 2872//2869
f 2912//2909 2913//2910 2872//2869
f 2872//2869 2913//2910 2873//2870
f 2913//2910 2914//2911 2873//2870
f 2874//2871 2915//2912 2875//2872
f 2915//2912 2916//2913 2875//2872
f 2875//2872 2916//2913 2876//2873
f 2916//2913 2917//2914 2876//2873
f 2876//2873 2917//2914 2877//2874
f 2917//2914 2918//2915 2877//2874
f 2877//2874 2918//2915 2878//2875
f 2918//2915 2919//2916 2878//2875
f 2878//2875 2919//2916 2879//2876
f 2919//2916 2920//2917 2879//2876
f 2879//2876 2920//2917 2880//2877
f 2920//2917 2921//2918 2880//2877
f 2880//2877 2921//2918 2881//2878
f 2921//2918 2922//2919 2881//2878
f 2881//2878 2922//2919 2882//2879
f 2922//2919 2923//2920 2882//2879
f 2882//2879 2923//2920 2883//2880
f 2923//2920 2924//2921 2883//2880
f 2883//2880 2924//2921 2884//2881
f 2924//2921 2925//2922 2884//2881
f 2884//2881 2925//2922 2885//2882
f 2925//2922 2926//2923 2885//2882
f 2885//2882 2926//2923 2886//2883
f 2926//2923 2927//2924 2886//2883
f 2886//2883 2927//2924 2887//2884
f 2927//2924 2928//2925 2887//2884
f 2887//2884 2928//2925 2888//2885
f 2928//2925 2929//2926 2888//2885
f 2888//2885 2929//2926 2889//2886
f 2929//2926 2930//2927 2889//2886
f 2889//2886 2930//2927 2890//2887
f 2930//2927 2931//2928 2890//2887
f 2890//2887 2931//2928 2891//2888
f 2931//2928 2932//2929 2891//2888
f 2891//2888 2932//2929 2892//2889
f 2932//2929 2933//2930 2892//2889
f 2892//2889 2933//2930 2893//2890
f 2933//2930 2934//2931 2893//2890
f 2893//2890 2934//2931 2894//2891
f 2934//2931 2935//2932 2894//2891
f 2894//2891 2935//2932 2895//2892
f 2935//2932 2936//2933 2895//2892
f 2895//2892 2936//2933 2896//2893
f 2936//2933 2937//2934 2896//2893
f 2896//2893 2937//2934 2897//2894
f 2937//2934 2938//2935 2897//2894
f 2897//2894 2938//2935 2898//2895
f 2938//2935 2939//2936 2898//2895
f 2898//2895 2939//2936 2899//2896
f 2939//2936 2940//2937 2899//2896
f 2899//2896 2940//2937 2900//2897
f 2940//2937 2941//2938 2900//2897
f 2900//2897 2941//2938 2901//2898
f 2941//2938 2942//2939 2901//2898
f 2901//2898 2942//2939 2902//2899
f 2942//2939 2943//2940 2902//2899
f 2902//2899 2943//2940 2903//2900
f 2943//2940 2944//2941 2903//2900
f 2903//2900 2944//2941 2904//2901
f 2944//2941 2945//2942 2904//2901
f 2904//2901 2945//2942 2905//2902
f 2945//2942 2946//2943 2905//2902
f 2905//2902 2946//2943 2906//2903
f 2946//2943 2947//2944 2906//2903
f 2906//2903 2947//2944 2907//2904
f 2947//2944 2948//2945 2907//2904
f 2907//2904 2948//2945 2908//2905
f 2948//2945 2949//2946 2908//2905
f 2908//2905 2949//2946 2909//2906
f 2949//2946 2950//2947 2909//2906
f 2909//2906 2950//2947 2910//2907
f 2950//2947 2951//2948 2910//2907
f 2910//2907 2951//2948 2911//2908
f 2951//2948 2952//2949 2911//2908
f 2911//2908 2952//2949 2912//2909
f 2952//2949 2953//2950 2912//2909
f 2912//2909 2953//2950 2913//2910
f 2953//2950 2954//2951 2913//2910
f 2913//2910 2954//2951 2914//2911
f 2954//2951 2955//2952 2914//2911
f 2915//2912 2956//2953 2916//2913
f 2956//2953 2957//2954 2916//2913
f 2916//2913 2957//2954 2917//2914
f 2957//2954 2958//2955 2917//2914
f 2917//2914 2958//2955 2918//2915
f 2958//2955 2959//2956 2918//2915
f 2918//2915 2959//2956 2919//2916
f 2959//2956 2960//2957 2919//2916
f 2919//2916 2960//2957 2920//2917
f 2960//2957 2961//2958 2920//2917
f 2920//2917 2961//2958 2921//2918
f 2961//2958 2962//2959 2921//2918
f 2921//2918 2962//2959 2922//2919
f 2962//2959 2963//2960 2922//2919
f 2922//2919 2963//2960 2923//2920
f 2963//2960 2964//2961 2923//2920
f 2923//2920 2964//2961 2924//2921
f 2964//2961 2965//2962 2924//2921
f 2924//2921 2965//2962 2925//2922
f 2965//2962 2966//2963 2925//2922
f 2925//2922 2966//2963 2926//2923
f 2966//2963 2967//2964 2926//2923
f 2926//2923 2967//2964 2927//2924
f 2967//2964 2968//2965 2927//2924
f 2927//2924 2968//2965 2928//2925
f 2968//2965 2969//2966 2928//2925
f 2928//2925 2969//2966 2929//2926
f 2969//2966 2970//2967 2929//2926
f 2929//2926 2970//2967 2930//2927
f 2970//2967 2971//2968 2930//2927
f 2930//2927 2971//2968 2931//2928
f 2971//2968 2972//2969 2931//2928
f 2931//2928 2972//2969 2932//2929
f 2972//2969 2973//2970 2932//2929
f 2932//2929 2973//2970 2933//2930
f 2973//2970 2974//2971 2933//2930
f 2933//2930 2974//2971 2934//2931
f 2974//2971 2975//2972 2934//2931
f 2934//2931 2975//2972 2935//2932
f 2975//2972 2976//2973 2935//2932
f 2935//2932 2976//2973 2936//2933
f 2976//2973 2977//2974 2936//2933
f 2936//2933 2977//2974 2937//2934
f 2977//2974 2978//2975 2937//2934
f 2937//2934 2978//2975 2938//2935
f 2978//2975 2979//2976 2938//2935
f 2938//2935 2979//2976 2939//2936
f 2979//2976 2980//2977 2939//2936
f 2939//2936 2980//2977 2940//2937
f 2980//2977 2981//2978 2940//2937
f 2940//2937 2981//2978 2941//2938
f 2981//2978 2982//2979 2941//2938
f 2941//2938 2982//2979 2942//2939
f 2982//2979 2983//2980 2942//2939
f 2942//2939 2983//2980 2943//2940
f 2983//2980 2984//2981 2943//2940
f 2943//2940 2984//2981 2944//2941
f 2984//2981 2985//2982 2944//2941
f 2944//2941 2985//2982 2945//2942
f 2985//2982 2986//2983 2945//2942
f 2945//2942 2986//2983 2946//2943
f 2986//2983 2987//2984 2946//2943
f 2946//2943 2987//2984 2947//2944
f 2987//2984 2988//2985 2947//2944
f 2947//2944 2988//2985 2948//2945
f 2988//2985 2989//2986 2948//2945
f 2948//2945 2989//2986 2949//2946
f 2989//2986 2990//2987 2949//2946
f 2949//2946 2990//2987 2950//2947
f 2990//2987 2991//2988 2950//2947
f 2950//2947 2991//2988 2951//2948
f 2991//2988 2992//2989 2951//2948
f 2951//2948 2992//2989 2952//2949
f 2992//2989 2993//2990 2952//2949
f 2952//2949 2993//2990 2953//2950
f 2993//2990 2994//2991 2953//2950
f 2953//2950 2994//2991 2954//2951
f 2994//2991 2995//2992 2954//2951
f 2954//2951 2995//2992 2955//2952
f 2995//2992 2996//2993 2955//2952
f 2956//2953 2997//2994 2957//2954
f 2997//2994 2998//2995 2957//2954
f 2957//2954 2998//2995 2958//2955
f 2998//2995 2999//2996 2958//2955
f 2958//2955 2999//2996 2959//2956
f 2999//2996 3000//2997 2959//2956
f 2959//2956 3000//2997 2960//2957
f 3000//2997 3001//2998 2960//2957
f 2960//2957 3001//2998 2961//2958
f 3001//2998 3002//2999 2961//2958
f 2961//2958 3002//2999 2962//2959
f 3002//2999 3003//3000 2962//2959
f 2962//2959 3003//3000 2963//2960
f 3003//3000 3004//3001 2963//2960
f 2963//2960 3004//3001 2964//2961
f 3004//3001 3005//3002 2964//2961
f 2964//2961 3005//3002 2965//2962
f 3005//3002 3006//3003 2965//2962
f 2965//2962 3006//3003 2966//2963
f 3006//3003 3007//3004 2966//2963
f 2966//2963 3007//3004 2967//2964
f 3007//3004 3008//3005 2967//2964
f 2967//2964 3008//3005 2968//2965
f 3008//3005 3009//3006 2968//2965
f 2968//2965 3009//3006 2969//2966
f 3009//3006 3010//3007 2969//2966
f 2969//2966 3010//3007 2970//2967
f 3010//3007 3011//3008 2970//2967
f 2970//2967 3011//3008 2971//2968
f 3011//3008 3012//3009 2971//2968
f 2971//2968 3012//3009 2972//2969
f 3012//3009 3013//3010 2972//2969
f 2972//2969 3013//3010 2973//2970
f 3013//3010 3014//3011 2973//2970
f 2973//2970 3014//3011 2974//2971
f 3014//3011 3015//3012 2974//2971
f 2974//2971 3015//3012 2975//2972
f 3015//3012 3016//3013 2975//2972
f 2975//2972 3016//3013 2976//2973
f 3016//3013 3017//3014 2976//2973
f 2976//2973 3017//3014 2977//2974
f 3017//3014 3018//3015 2977//2974
f 2977//2974 3018//3015 2978//2975
f 3018//3015 3019//3016 2978//2975
f 2978//2975 3019//3016 2979//2976
f 3019//3016 3020//3017 2979//2976
f 2979//2976 3020//3017 2980//2977
f 3020//3017 3021//3018 2980//2977
f 2980//2977 3021//3018 2981//2978
f 3021//3018 3022//3019 2981//2978
f 2981//2978 3022//3019 2982//2979
f 3022//3019 3023//3020 2982//2979
f 2982//2979 3023//3020 2983//2980
f 3023//3020 3024//3021 2983//2980
f 2983//2980 3024//3021 2984//2981
f 3024//3021 3025//3022 2984//2981
f 2984//2981 3025//3022 2985//2982
f 3025//3022 3026//3023 2985//2982
f 2985//2982 3026//3023 2986//2983
f 3026//3023 3027//3024 2986//2983
f 2986//2983 3027//3024 2987//2984
f 3027//3024 3028//3025 2987//2984
f 2987//2984 3028//3025 2988//2985
f 3028//3025 3029//3026 2988//2985
f 2988//2985 3029//3026 2989//2986
f 3029//3026 3030//3027 2989//2986
f 2989//2986 3030//3027 2990//2987
f 3030//3027 3031//3028 2990//2987
f 2990//2987 3031//3028 2991//2988
f 3031//3028 3032//3029 2991//2988
f 2991//2988 3032//3029 2992//2989
f 3032//3029 3033//3030 2992//2989
f 2992//2989 3033//3030 2993//2990
f 3033//3030 3034//3031 2993//2990
f 2993//2990 3034//3031 2994//2991
f 3034//3031 3035//3032 2994//2991
f 2994//2991 3035//3032 2995//2992
f 3035//3032 3036//3033 2995//2992
f 2995//2992 3036//3033 2996//2993
f 3036//3033 3037//3034 2996//2993
f 2997//2994 3038//3035 2998//2995
f 3038//3035 3039//3036 2998//2995
f 2998//2995 3039//3036 2999//2996
f 3039//3036 3040//3037 2999//2996
f 2999//2996 3040//3037 3000//2997
f 3040//3037 3041//3038 3000//2997
f 3000//2997 3041//3038 3001//2998
f 3041//3038 3042//3039 3001//2998
f 3001//2998 3042//3039 3002//2999
f 3042//3039 3043//3040 3002//2999
f 3002//2999 3043//3040 3003//3000
f 3043//3040 3044//3041 3003//3000
f 3003//3000 3044//3041 3004//3001
f 3044//3041 3045//3042 3004//3001
f 3004//3001 3045//3042 3005//3002
f 3045//3042 3046//3043 3005//3002
f 3005//3002 3046//3043 3006//3003
f 3046//3043 3047//3044 3006//3003
f 3006//3003 3047//3044 3007//3004
f 3047//3044 3048//3045 3007//3004
f 3007//3004 3048//3045 3008//3005
f 3048//3045 3049//3046 3008//3005
f 3008//3005 3049//3046 3009//3006
f 3049//3046 3050//3047 3009//3006
f 3009//3006 3050//3047 3010//3007
f 3050//3047 3051//3048 3010//3007
f 3010//3007 3051//3048 3011//3008
f 3051//3048 3052//3049 3011//3008
f 3011//3008 3052//3049 3012//3009
f 3052//3049 3053//3050 3012//3009
f 3012//3009 3053//3050 3013//3010
f 3053//3050 3054//3051 3013//3010
f 3013//3010 3054//3051 3014//3011
f 3054//3051 3055//3052 3014//3011
f 3014//3011 3055//3052 3015//3012
f 3055//3052 3056//3053 3015//3012
f 3015//3012 3056//3053 3016//3013
f 3056//3053 3057//3054 3016//3013
f 3016//3013 3057//3054 3017//3014
f 3057//3054 3058//3055 3017//3014
f 3017//3014 3058//3055 3018//3015
f 3058//3055 3059//3056 3018//3015
f 3018//3015 3059//3056 3019//3016
f 3059//3056 3060//3057 3019//3016
f 3019//3016 3060//3057 3020//3017
f 3060//3057 3061//3058 3020//3017
f 3020//3017 3061//3058 3021//3018
f 3061//3058 3062//3059 3021//3018
f 3021//3018 3062//3059 3022//3019
f 3062//3059 3063//3060 3022//3019
f 3022//3019 3063//3060 3023//3020
f 3063//3060 3064//3061 3023//3020
f 3023//3020 3064//3061 3024//3021
f 3064//3061 3065//3062 3024//3021
f 3024//3021 3065//3062 3025//3022
f 3065//3062 3066//3063 3025//3022
f 3025//3022 3066//3063 3026//3023
f 3066//3063 3067//3064 3026//3023
f 3026//3023 3067//3064 3027//3024
f 3067//3064 3068//3065 3027//3024
f 3027//3024 3068//3065 3028//3025
f 3068//3065 3069//3066 3028//3025
f 3028//3025 3069//3066 3029//3026
f 3069//3066 3070//3067 3029//3026
f 3029//3026 3070//3067 3030//3027
f 3070//3067 3071//3068 3030//3027
f 3030//3027 3071//3068 3031//3028
f 3071//3068 3072//3069 3031//3028
f 3031//3028 3072//3069 3032//3029
f 3072//3069 3073//3070 3032//3029
f 3032//3029 3073//3070 3033//3030
f 3073//3070 3074//3071 3033//3030
f 3033//3030 3074//3071 3034//3031
f 3074//3071 3075//3072 3034//3031
f 3034//3031 3075//3072 3035//3032
f 3075//3072 3076//3073 3035//3032
f 3035//3032 3076//3073 3036//3033
f 3076//3073 3077//3074 3036//3033
f 3036//3033 3077//3074 3037//3034
f 3077//3074 3078//3075 3037//3034
f 3038//3035 3079//3076 3039//3036
f 3079//3076 3080//3077 3039//3036
f 3039//3036 3080//3077 3040//3037
f 3080//3077 3081//3078 3040//3037
f 3040//3037 3081//3078 3041//3038
f 3081//3078 3082//3079 3041//3038
f 3041//3038 3082//3079 3042//3039
f 3082//3079 3083//3080 3042//3039
f 3042//3039 3083//3080 3043//3040
f 3083//3080 3084//3081 3043//3040
f 3043//3040 3084//3081 3044//3041
f 3084//3081 3085//3082 3044//3041
f 3044//3041 3085//3082 3045//3042
f 3085//3082 3086//3083 3045//3042
f 3045//3042 3086//3083 3046//3043
f 3086//3083 3087//3084 3046//3043
f 3046//3043 3087//3084 3047//3044
f 3087//3084 3088//3085 3047//3044
f 3047//3044 3088//3085 3048//3045
f 3088//3085 3089//3086 3048//3045
f 3048//3045 3089//3086 3049//3046
f 3089//3086 3090//3087 3049//3046
f 3049//3046 3090//3087 3050//3047
f 3090//3087 3091//3088 3050//3047
f 3050//3047 3091//3088 3051//3048
f 3091//3088 3092//3089 3051//3048
f 3051//3048 3092//3089 3052//3049
f 3092//3089 3093//3090 3052//3049
f 3052//3049 3093//3090 3053//3050
f 3093//3090 3094//3091 3053//3050
f 3053//3050 3094//3091 3054//3051
f 3094//3091 3095//3092 3054//3051
f 3054//3051 3095//3092 3055//3052
f 3095//3092 3096//3093 3055//3052
f 3055//3052 3096//3093 3056//3053
f 3096//3093 3097//3094 3056//3053
f 3056//3053 3097//3094 3057//3054
f 3097//3094 3098//3095 3057//3054
f 3057//3054 3098//3095 3058//3055
f 3098//3095 3099//3096 3058//3055
f 3058//3055 3099//3096 3059//3056
f 3099//3096 3100//3097 3059//3056
f 3059//3056 3100//3097 3060//3057
f 3100//3097 3101//3098 3060//3057
f 3060//3057 3101//3098 3061//3058
f 3101//3098 3102//3099 3061//3058
f 3061//3058 3102//3099 3062//3059
f 3102//3099 3103//3100 3062//3059
f 3062//3059 3103//3100 3063//3060
f 3103//3100 3104//3101 3063//3060
f 3063//3060 3104//3101 3064//3061
f 3104//3101 3105//3102 3064//3061
f 3064//3061 3105//3102 3065//3062
f 3105//3102 3106//3103 3065//3062
f 3065//3062 3106//3103 3066//3063
f 3106//3103 3107//3104 3066//3063
f 3066//3063 3107//3104 3067//3064
f 3107//3104 3108//3105 3067//3064
f 3067//3064 3108//3105 3068//3065
f 3108//3105 3109//3106 3068//3065
f 3068//3065 3109//3106 3069//3066
f 3109//3106 3110//3107 3069//3066
f 3069//3066 3110//3107 3070//3067
f 3110//3107 3111//3108 3070//3067
f 3070//3067 3111//3108 3071//3068
f 3111//3108 3112//3109 3071//3068
f 3071//3068 3112//3109 3072//3069
f 3112//3109 3113//3110 3072//3069
f 3072//3069 3113//3110 3073//3070
f 3113//3110 3114//3111 3073//3070
f 3073//3070 3114//3111 3074//3071
f 3114//3111 3115//3112 3074//3071
f 3074//3071 3115//3112 3075//3072
f 3115//3112 3116//3113 3075//3072
f 3075//3072 3116//3113 3076//3073
f 3116//3113 3117//3114 3076//3073
f 3076//3073 3117//3114 3077//3074
f 3117//3114 3118//3115 3077//3074
f 3077//3074 3118//3115 3078//3075
f 3118//3115 3119//3116 3078//3075
f 3079//3076 3120//3117 3080//3077
f 3120//3117 3121//3118 3080//3077
f 3080//3077 3121//3118 3081//3078
f 3121//3118 3122//3119 3081//3078
f 3081//3078 3122//3119 3082//3079
f 3122//3119 3123//3120 3082//3079
f 3082//3079 3123//3120 3083//3080
f 3123//3120 3124//3121 3083//3080
f 3083//3080 3124//3121 3084//3081
f 3124//3121 3125//3122 3084//3081
f 3084//3081 3125//3122 3085//3082
f 3125//3122 3126//3123 3085//3082
f 3085//3082 3126//3123 3086//3083
f 3126//3123 3127//3124 3086//3083
f 3086//3083 3127//3124 3087//3084
f 3127//3124 3128//3125 3087//3084
f 3087//3084 3128//3125 3088//3085
f 3128//3125 3129//3126 3088//3085
f 3088//3085 3129//3126 3089//3086
f 3129//3126 3130//3127 3089//3086
f 3089//3086 3130//3127 3090//3087
f 3130//3127 3131//3128 3090//3087
f 3090//3087 3131//3128 3091//3088
f 3131//3128 3132//3129 3091//3088
f 3091//3088 3132//3129 3092//3089
f 3132//3129 3133//3130 3092//3089
f 3092//3089 3133//3130 3093//3090
f 3133//3130 3134//3131 3093//3090
f 3093//3090 3134//3131 3094//3091
f 3134//3131 3135//3132 3094//3091
f 3094//3091 3135//3132 3095//3092
f 3135//3132 3136//3133 3095//3092
f 3095//3092 3136//3133 3096//3093
f 3136//3133 3137//3134 3096//3093
f 3096//3093 3137//3134 3097//3094
f 3137//3134 3138//3135 3097//3094
f 3097//3094 3138//3135 3098//3095
f 3138//3135 3139//3136 3098//3095
f 3098//3095 3139//3136 3099//3096
f 3139//3136 3140//3137 3099//3096
f 3099//3096 3140//3137 3100//3097
f 3140//3137 3141//3138 3100//3097
f 3100//3097 3141//3138 3101//3098
f 3141//3138 3142//3139 3101//3098
f 3101//3098 3142//3139 3102//3099
f 3142//3139 3143//3140 3102//3099
f 3102//3099 3143//3140 3103//3100
f 3143//3140 3144//3141 3103//3100
f 3103//3100 3144//3141 3104//3101
f 3144//3141 3145//3142 3104//3101
f 3104//3101 3145//3142 3105//3102
f 3145//3142 3146//3143 3105//3102
f 3105//3102 3146//3143 3106//3103
f 3146//3143 3147//3144 3106//3103
f 3106//3103 3147//3144 3107//3104
f 3147//3144 3148//3145 3107//3104
f 3107//3104 3148//3145 3108//3105
f 3148//3145 3149//3146 3108//3105
f 3108//3105 3149//3146 3109//3106
f 3149//3146 3150//3147 3109//3106
f 3109//3106 3150//3147 3110//3107
f 3150//3147 3151//3148 3110//3107
f 3110//3107 3151//3148 3111//3108
f 3151//3148 3152//3149 3111//3108
f 3111//3108 3152//3149 3112//3109
f 3152//3149 3153//3150 3112//3109
f 3112//3109 3153//3150 3113//3110
f 3153//3150 3154//3151 3113//3110
f 3113//3110 3154//3151 3114//3111
f 3154//3151 3155//3152 3114//3111
f 3114//3111 3155//3152 3115//3112
f 3155//3152 3156//3153 3115//3112
f 3115//3112 3156//3153 3116//3113
f 3156//3153 3157//3154 3116//3113
f 3116//3113 3157//3154 3117//3114
f 3157//3154 3158//3155 3117//3114
f 3117//3114 3158//3155 3118//3115
f 3158//3155 3159//3156 3118//3115
f 3118//3115 3159//3156 3119//3116
f 3159//3156 3160//3157 3119//3116
f 3120//3117 3161//3158 3121//3118
f 3161//3158 3162//3159 3121//3118
f 3121//3118 3162//3159 3122//3119
f 3162//3159 3163//3160 3122//3119
f 3122//3119 3163//3160 3123//3120
f 3163//3160 3164//3161 3123//3120
f 3123//3120 3164//3161 3124//3121
f 3164//3161 3165//3162 3124//3121
f 3124//3121 3165//3162 3125//3122
f 3165//3162 3166//3163 3125//3122
f 3125//3122 3166//3163 3126//3123
f 3166//3163 3167//3164 3126//3123
f 3126//3123 3167//3164 3127//3124
f 3167//3164 3168//3165 3127//3124
f 3127//3124 3168//3165 3128//3125
f 3168//3165 3169//3166 3128//3125
f 3128//3125 3169//3166 3129//3126
f 3169//3166 3170//3167 3129//3126
f 3129//3126 3170//3167 3130//3127
f 3170//3167 3171//3168 3130//3127
f 3130//3127 3171//3168 3131//3128
f 3171//3168 3172//3169 3131//3128
f 3131//3128 3172//3169 3132//3129
f 3172//3169 3173//3170 3132//3129
f 3132//3129 3173//3170 3133//3130
f 3173//3170 3174//3171 3133//3130
f 3133//3130 3174//3171 3134//3131
f 3174//3171 3175//3172 3134//3131
f 3134//3131 3175//3172 3135//3132
f 3175//3172 3176//3173 3135//3132
f 3135//3132 3176//3173 3136//3133
f 3176//3173 3177//3174 3136//3133
f 3136//3133 3177//3174 3137//3134
f 3177//3174 3178//3175 3137//3134
f 3137//3134 3178//3175 3138//3135
f 3178//3175 3179//3176 3138//3135
f 3138//3135 3179//3176 3139//3136
f 3179//3176 3180//3177 3139//3136
f 3139//3136 3180//3177 3140//3137
f 3180//3177 3181//3178 3140//3137
f 3140//3137 3181//3178 3141//3138
f 3181//3178 3182//3179 3141//3138
f 3141//3138 3182//3179 3142//3139
f 3182//3179 3183//3180 3142//3139
f 3142//3139 3183//3180 3143//3140
f 3183//3180 3184//3181 3143//3140
f 3143//3140 3184//3181 3144//3141
f 3184//3181 3185//3182 3144//3141
f 3144//3141 3185//3182 3145//3142
f 3185//3182 3186//3183 3145//3142
f 3145//3142 3186//3183 3146//3143
f 3186//3183 3187//3184 3146//3143
f 3146//3143 3187//3184 3147//3144
f 3187//3184 3188//3185 3147//3144
f 3147//3144 3188//3185 3148//3145
f 3188//3185 3189//3186 3148//3145
f 3148//3145 3189//3186 3149//3146
f 3189//3186 3190//3187 3149//3146
f 3149//3146 3190//3187 3150//3147
f 3190//3187 3191//3188 3150//3147
f 3150//3147 3191//3188 3151//3148
f 3191//3188 3192//3189 3151//3148
f 3151//3148 3192//3189 3152//3149
f 3192//3189 3193//3190 3152//3149
f 3152//3149 3193//3190 3153//3150
f 3193//3190 3194//3191 3153//3150
f 3153//3150 3194//3191 3154//3151
f 3194//3191 3195//3192 3154//3151
f 3154//3151 3195//3192 3155//3152
f 3195//3192 3196//3193 3155//3152
f 3155//3152 3196//3193 3156//3153
f 3196//3193 3197//3194 3156//3153
f 3156//3153 3197//3194 3157//3154
f 3197//3194 3198//3195 3157//3154
f 3157//3154 3198//3195 3158//3155
f 3198//3195 3199//3196 3158//3155
f 3158//3155 3199//3196 3159//3156
f 3199//3196 3200//3197 3159//3156
f 3159//3156 3200//3197 3160//3157
f 3200//3197 3201//3198 3160//3157
f 3161//3158 3202//3199 3162//3159
f 3202//3199 3203//3200 3162//3159
f 3162//3159 3203//3200 3163//3160
f 3203//3200 3204//3201 3163//3160
f 3163//3160 3204//3201 3164//3161
f 3204//3201 3205//3202 3164//3161
f 3164//3161 3205//3202 3165//3162
f 3205//3202 3206//3203 3165//3162
f 3165//3162 3206//3203 3166//3163
f 3206//3203 3207//3204 3166//3163
f 3166//3163 3207//3204 3167//3164
f 3207//3204 3208//3205 3167//3164
f 3167//3164 3208//3205 3168//3165
f 3208//3205 3209//3206 3168//3165
f 3168//3165 3209//3206 3169//3166
f 3209//3206 3210//3207 3169//3166
f 3169//3166 3210//3207 3170//3167
f 3210//3207 3211//3208 3170//3167
f 3170//3167 3211//3208 3171//3168
f 3211//3208 3212//3209 3171//3168
f 3171//3168 3212//3209 3172//3169
f 3212//3209 3213//3210 3172//3169
f 3172//3169 3213//3210 3173//3170
f 3213//3210 3214//3211 3173//3170
f 3173//3170 3214//3211 3174//3171
f 3214//3211 3215//3212 3174//3171
f 3174//3171 3215//3212 3175//3172
f 3215//3212 3216//3213 3175//3172
f 3175//3172 3216//3213 3176//3173
f 3216//3213 3217//3214 3176//3173
f 3176//3173 3217//3214 3177//3174
f 3217//3214 3218//3215 3177//3174
f 3177//3174 3218//3215 3178//3175
f 3218//3215 3219//3216 3178//3175
f 3178//3175 3219//3216 3179//3176
f 3219//3216 3220//3217 3179//3176
f 3179//3176 3220//3217 3180//3177
f 3220//3217 3221//3218 3180//3177
f 3180//3177 3221//3218 3181//3178
f 3221//3218 3222//3219 3181//3178
f 3181//3178 3222//3219 3182//3179
f 3222//3219 3223//3220 3182//3179
f 3182//3179 3223//3220 3183//3180
f 3223//3220 3224//3221 3183//3180
f 3183//3180 3224//3221 3184//3181
f 3224//3221 3225//3222 3184//3181
f 3184//3181 3225//3222 3185//3182
f 3225//3222 3226//3223 3185//3182
f 3185//3182 3226//3223 3186//3183
f 3226//3223 3227//3224 3186//3183
f 3186//3183 3227//3224 3187//3184
f 3227//3224 3228//3225 3187//3184
f 3187//3184 3228//3225 3188//3185
f 3228//3225 3229//3226 3188//3185
f 3188//3185 3229//3226 3189//3186
f 3229//3226 3230//3227 3189//3186
f 3189//3186 3230//3227 3190//3187
f 3230//3227 3231//3228 3190//3187
f 3190//3187 3231//3228 3191//3188
f 3231//3228 3232//3229 3191//3188
f 3191//3188 3232//3229 3192//3189
f 3232//3229 3233//3230 3192//3189
f 3192//3189 3233//3230 3193//3190
f 3233//3230 3234//3231 3193//3190
f 3193//3190 3234//3231 3194//3191
f 3234//3231 3235//3232 3194//3191
f 3194//3191 3235//3232 3195//3192
f 3235//3232 3236//3233 3195//3192
f 3195//3192 3236//3233 3196//3193
f 3236//3233 3237//3234 3196//3193
f 3196//3193 3237//3234 3197//3194
f 3237//3234 3238//3235 3197//3194
f 3197//3194 3238//3235 3198//3195
f 3238//3235 3239//3236 3198//3195
f 3198//3195 3239//3236 3199//3196
f 3239//3236 3240//3237 3199//3196
f 3199//3196 3240//3237 3200//3197
f 3240//3237 3241//3238 3200//3197
f 3200//3197 3241//3238 3201//3198
f 3241//3238 3242//3239 3201//3198
f 3202//3199 3243//3240 3203//3200
f 3243//3240 3244//3241 3203//3200
f 3203//3200 3244//3241 3204//3201
f 3244//3241 3245//3242 3204//3201
f 3204//3201 3245//3242 3205//3202
f 3245//3242 3246//3243 3205//3202
f 3205//3202 3246//3243 3206//3203
f 3246//3243 3247//3244 3206//3203
f 3206//3203 3247//3244 3207//3204
f 3247//3244 3248//3245 3207//3204
f 3207//3204 3248//3245 3208//3205
f 3248//3245 3249//3246 3208//3205
f 3208//3205 3249//3246 3209//3206
f 3249//3246 3250//3247 3209//3206
f 3209//3206 3250//3247 3210//3207
f 3250//3247 3251//3248 3210//3207
f 3210//3207 3251//3248 3211//3208
f 3251//3248 3252//3249 3211//3208
f 3211//3208 3252//3249 3212//3209
f 3252//3249 3253//3250 3212//3209
f 3212//3209 3253//3250 3213//3210
f 3253//3250 3254//3251 3213//3210
f 3213//3210 3254//3251 3214//3211
f 3254//3251 3255//3252 3214//3211
f 3214//3211 3255//3252 3215//3212
f 3255//3252 3256//3253 3215//3212
f 3215//3212 3256//3253 3216//3213
f 3256//3253 3257//3254 3216//3213
f 3216//3213 3257//3254 3217//3214
f 3257//3254 3258//3255 3217//3214
f 3217//3214 3258//3255 3218//3215
f 3258//3255 3259//3256 3218//3215
f 3218//3215 3259//3256 3219//3216
f 3259//3256 3260//3257 3219//3216
f 3219//3216 3260//3257 3220//3217
f 3260//3257 3261//3258 3220//3217
f 3220//3217 3261//3258 3221//3218
f 3261//3258 3262//3259 3221//3218
f 3221//3218 3262//3259 3222//3219
f 3262//3259 3263//3260 3222//3219
f 3222//3219 3263//3260 3223//3220
f 3263//3260 3264//3261 3223//3220
f 3223//3220 3264//3261 3224//3221
f 3264//3261 3265//3262 3224//3221
f 3224//3221 3265//3262 3225//3222
f 3265//3262 3266//3263 3225//3222
f 3225//3222 3266//3263 3226//3223
f 3266//3263 3267//3264 3226//3223
f 3226//3223 3267//3264 3227//3224
f 3267//3264 3268//3265 3227//3224
f 3227//3224 3268//3265 3228//3225
f 3268//3265 3269//3266 3228//3225
f 3228//3225 3269//3266 3229//3226
f 3269//3266 3270//3267 3229//3226
f 3229//3226 3270//3267 3230//3227
f 3270//3267 3271//3268 3230//3227
f 3230//3227 3271//3268 3231//3228
f 3271//3268 3272//3269 3231//3228
f 3231//3228 3272//3269 3232//3229
f 3272//3269 3273//3270 3232//3229
f 3232//3229 3273//3270 3233//3230
f 3273//3270 3274//3271 3233//3230
f 3233//3230 3274//3271 3234//3231
f 3274//3271 3275//3272 3234//3231
f 3234//3231 3275//3272 3235//3232
f 3275//3272 3276//3273 3235//3232
f 3235//3232 3276//3273 3236//3233
f 3276//3273 3277//3274 3236//3233
f 3236//3233 3277//3274 3237//3234
f 3277//3274 3278//3275 3237//3234
f 3237//3234 3278//3275 3238//3235
f 3278//3275 3279//3276 3238//3235
f 3238//3235 3279//3276 3239//3236
f 3279//3276 3280//3277 3239//3236
f 3239//3236 3280//3277 3240//3237
f 3280//3277 3281//3278 3240//3237
f 3240//3237 3281//3278 3241//3238
f 3281//3278 3282//3279 3241//3238
f 3241//3238 3282//3279 3242//3239
f 3282//3279 3283//3280 3242//3239
f 3243//3240 3284//3281 3244//3241
f 3284//3281 3285//3282 3244//3241
f 3244//3241 3285//3282 3245//3242
f 3285//3282 3286//3283 3245//3242
f 3245//3242 3286//3283 3246//3243
f 3286//3283 3287//3284 3246//3243
f 3246//3243 3287//3284 3247//3244
f 3287//3284 3288//3285 3247//3244
f 3247//3244 3288//3285 3248//3245
f 3288//3285 3289//3286 3248//3245
f 3248//3245 3289//3286 3249//3246
f 3289//3286 3290//3287 3249//3246
f 3249//3246 3290//3287 3250//3247
f 3290//3287 3291//3288 3250//3247
f 3250//3247 3291//3288 3251//3248
f 3291//3288 3292//3289 3251//3248
f 3251//3248 3292//3289 3252//3249
f 3292//3289 3293//3290 3252//3249
f 3252//3249 3293//3290 3253//3250
f 3293//3290 3294//3291 3253//3250
f 3253//3250 3294//3291 3254//3251
f 3294//3291 3295//3292 3254//3251
f 3254//3251 3295//3292 3255//3252
f 3295//3292 3296//3293 3255//3252
f 3255//3252 3296//3293 3256//3253
f 3296//3293 3297//3294 3256//3253
f 3256//3253 3297//3294 3257//3254
f 3297//3294 3298//3295 3257//3254
f 3257//3254 3298//3295 3258//3255
f 3298//3295 3299//3296 3258//3255
f 3258//3255 3299//3296 3259//3256
f 3299//3296 3300//3297 3259//3256
f 3259//3256 3300//3297 3260//3257
f 3300//3297 3301//3298 3260//3257
f 3260//3257 3301//3298 3261//3258
f 3301//3298 3302//3299 3261//3258
f 3261//3258 3302//3299 3262//3259
f 3302//3299 3303//3300 3262//3259
f 3262//3259 3303//3300 3263//3260
f 3303//3300 3304//3301 3263//3260
f 3263//3260 3304//3301 3264//3261
f 3304//3301 3305//3302 3264//3261
f 3264//3261 3305//3302 3265//3262
f 3305//3302 3306//3303 3265//3262
f 3265//3262 3306//3303 3266//3263
f 3306//3303 3307//3304 3266//3263
f 3266//3263 3307//3304 3267//3264
f 3307//3304 3308//3305 3267//3264
f 3267//3264 3308//3305 3268//3265
f 3308//3305 3309//3306 3268//3265
f 3268//3265 3309//3306 3269//3266
f 3309//3306 3310//3307 3269//3266
f 3269//3266 3310//3307 3270//3267
f 3310//3307 3311//3308 3270//3267
f 3270//3267 3311//3308 3271//3268
f 3311//3308 3312//3309 3271//3268
f 3271//3268 3312//3309 3272//3269
f 3312//3309 3313//3310 3272//3269
f 3272//3269 3313//3310 3273//3270
f 3313//3310 3314//3311 3273//3270
f 3273//3270 3314//3311 3274//3271
f 3314//3311 3315//3312 3274//3271
f 3274//3271 3315//3312 3275//3272
f 3315//3312 3316//3313 3275//3272
f 3275//3272 3316//3313 3276//3273
f 3316//3313 3317//3314 3276//3273
f 3276//3273 3317//3314 3277//3274
f 3317//3314 3318//3315 3277//3274
f 3277//3274 3318//3315 3278//3275
f 3318//3315 3319//3316 3278//3275
f 3278//3275 3319//3316 3279//3276
f 3319//3316 3320//3317 3279//3276
f 3279//3276 3320//3317 3280//3277
f 3320//3317 3321//3318 3280//3277
f 3280//3277 3321//3318 3281//3278
f 3321//3318 3322//3319 3281//3278
f 3281//3278 3322//3319 3282//3279
f 3322//3319 3323//3320 3282//3279
f 3282//3279 3323//3320 3283//3280
f 3323//3320 3324//3321 3283//3280
f 3284//3281 3325//3322 3285//3282
f 3325//3322 3326//3323 3285//3282
f 3285//3282 3326//3323 3286//3283
f 3326//3323 3327//3324 3286//3283
f 3286//3283 3327//3324 3287//3284
f 3327//3324 3328//3325 3287//3284
f 3287//3284 3328//3325 3288//3285
f 3328//3325 3329//3326 3288//3285
f 3288//3285 3329//3326 3289//3286
f 3329//3326 3330//3327 3289//3286
f 3289//3286 3330//3327 3290//3287
f 3330//3327 3331//3328 3290//3287
f 3290//3287 3331//3328 3291//3288
f 3331//3328 3332//3329 3291//3288
f 3291//3288 3332//3329 3292//3289
f 3332//3329 3333//3330 3292//3289
f 3292//3289 3333//3330 3293//3290
f 3333//3330 3334//3331 3293//3290
f 3293//3290 3334//3331 3294//3291
f 3334//3331 3335//3332 3294//3291
f 3294//3291 3335//3332 3295//3292
f 3335//3332 3336//3333 3295//3292
f 3295//3292 3336//3333 3296//3293
f 3336//3333 3337//3334 3296//3293
f 3296//3293 3337//3334 3297//3294
f 3337//3334 3338//3335 3297//3294
f 3297//3294 3338//3335 3298//3295
f 3338//3335 3339//3336 3298//3295
f 3298//3295 3339//3336 3299//3296
f 3339//3336 3340//3337 3299//3296
f 3299//3296 3340//3337 3300//3297
f 3340//3337 3341//3338 3300//3297
f 3300//3297 3341//3338 3301//3298
f 3341//3338 3342//3339 3301//3298
f 3301//3298 3342//3339 3302//3299
f 3342//3339 3343//3340 3302//3299
f 3302//3299 3343//3340 3303//3300
f 3343//3340 3344//3341 3303//3300
f 3303//3300 3344//3341 3304//3301
f 3344//3341 3345//3342 3304//3301
f 3304//3301 3345//3342 3305//3302
f 3345//3342 3346//3343 3305//3302
f 3305//3302 3346//3343 3306//3303
f 3346//3343 3347//3344 3306//3303
f 3306//3303 3347//3344 3307//3304
f 3347//3344 3348//3345 3307//3304
f 3307//3304 3348//3345 3308//3305
f 3348//3345 3349//3346 3308//3305
f 3308//3305 3349//3346 3309//3306
f 3349//3346 3350//3347 3309//3306
f 3309//3306 3350//3347 3310//3307
f 3350//3347 3351//3348 3310//3307
f 3310//3307 3351//3348 3311//3308
f 3351//3348 3352//3349 3311//3308
f 3311//3308 3352//3349 3312//3309
f 3352//3349 3353//3350 3312//3309
f 3312//3309 3353//3350 3313//3310
f 3353//3350 3354//3351 3313//3310
f 3313//3310 3354//3351 3314//3311
f 3354//3351 3355//3352 3314//3311
f 3314//3311 3355//3352 3315//3312
f 3355//3352 3356//3353 3315//3312
f 3315//3312 3356//3353 3316//3313
f 3356//3353 3357//3354 3316//3313
f 3316//3313 3357//3354 3317//3314
f 3357//3354 3358//3355 3317//3314
f 3317//3314 3358//3355 3318//3315
f 3358//3355 3359//3356 3318//3315
f 3318//3315 3359//3356 3319//3316
f 3359//3356 3360//3357 3319//3316
f 3319//3316 3360//3357 3320//3317
f 3360//3357 3361//3358 3320//3317
f 3320//3317 3361//3358 3321//3318
f 3361//3358 3362//3359 3321//3318
f 3321//3318 3362//3359 3322//3319
f 3362//3359 3363//3360 3322//3319
f 3322//3319 3363//3360 3323//3320
f 3363//3360 3364//3361 3323//3320
f 3323//3320 3364//3361 3324//3321
f 3364//3361 3365//3362 3324//3321
f 3325//3322 3366//3363 3326//3323
f 3366//3363 3367//3364 3326//3323
f 3326//3323 3367//3364 3327//3324
f 3367//3364 3368//3365 3327//3324
f 3327//3324 3368//3365 3328//3325
f 3368//3365 3369//3366 3328//3325
f 3328//3325 3369//3366 3329//3326
f 3369//3366 3370//3367 3329//3326
f 3329//3326 3370//3367 3330//3327
f 3370//3367 3371//3368 3330//3327
f 3330//3327 3371//3368 3331//3328
f 3371//3368 3372//3369 3331//3328
f 3331//3328 3372//3369 3332//3329
f 3372//3369 3373//3370 3332//3329
f 3332//3329 3373//3370 3333//3330
f 3373//3370 3374//3371 3333//3330
f 3333//3330 3374//3371 3334//3331
f 3374//3371 3375//3372 3334//3331
f 3334//3331 3375//3372 3335//3332
f 3375//3372 3376//3373 3335//3332
f 3335//3332 3376//3373 3336//3333
f 3376//3373 3377//3374 3336//3333
f 3336//3333 3377//3374 3337//3334
f 3377//3374 3378//3375 3337//3334
f 3337//3334 3378//3375 3338//3335
f 3378//3375 3379//3376 3338//3335
f 3338//3335 3379//3376 3339//3336
f 3379//3376 3380//3377 3339//3336
f 3339//3336 3380//3377 3340//3337
f 3380//3377 3381//3378 3340//3337
f 3340//3337 3381//3378 3341//3338
f 3381//3378 3382//3379 3341//3338
f 3341//3338 3382//3379 3342//3339
f 3382//3379 3383//3380 3342//3339
f 3342//3339 3383//3380 3343//3340
f 3383//3380 3384//3381 3343//3340
f 3343//3340 3384//3381 3344//3341
f 3384//3381 3385//3382 3344//3341
f 3344//3341 3385//3382 3345//3342
f 3385//3382 3386//3383 3345//3342
f 3345//3342 3386//3383 3346//3343
f 3386//3383 3387//3384 3346//3343
f 3346//3343 3387//3384 3347//3344
f 3387//3384 3388//3385 3347//3344
f 3347//3344 3388//3385 3348//3345
f 3388//3385 3389//3386 3348//3345
f 3348//3345 3389//3386 3349//3346
f 3389//3386 3390//3387 3349//3346
f 3349//3346 3390//3387 3350//3347
f 3390//3387 3391//3388 3350//3347
f 3350//3347 3391//3388 3351//3348
f 3391//3388 3392//3389 3351//3348
f 3351//3348 3392//3389 3352//3349
f 3392//3389 3393//3390 3352//3349
f 3352//3349 3393//3390 3353//3350
f 3393//3390 3394//3391 3353//3350
f 3353//3350 3394//3391 3354//3351
f 3394//3391 3395//3392 3354//3351
f 3354//3351 3395//3392 3355//3352
f 3395//3392 3396//3393 3355//3352
f 3355//3352 3396//3393 3356//3353
f 3396//3393 3397//3394 3356//3353
f 3356//3353 3397//3394 3357//3354
f 3397//3394 3398//3395 3357//3354
f 3357//3354 3398//3395 3358//3355
f 3398//3395 3399//3396 3358//3355
f 3358//3355 3399//3396 3359//3356
f 3399//3396 3400//3397 3359//3356
f 3359//3356 3400//3397 3360//3357
f 3400//3397 3401//3398 3360//3357
f 3360//3357 3401//3398 3361//3358
f 3401//3398 3402//3399 3361//3358
f 3361//3358 3402//3399 3362//3359
f 3402//3399 3403//3400 3362//3359
f 3362//3359 3403//3400 3363//3360
f 3403//3400 3404//3401 3363//3360
f 3363//3360 3404//3401 3364//3361
f 3404//3401 3405//3402 3364//3361
f 3364//3361 3405//3402 3365//3362
f 3405//3402 3406//3403 3365//3362
f 3366//3363 3407//3404 3367//3364
f 3407//3404 3408//3405 3367//3364
f 3367//3364 3408//3405 3368//3365
f 3408//3405 3409//3406 3368//3365
f 3368//3365 3409//3406 3369//3366
f 3409//3406 3410//3407 3369//3366
f 3369//3366 3410//3407 3370//3367
f 3410//3407 3411//3408 3370//3367
f 3370//3367 3411//3408 3371//3368
f 3411//3408 3412//3409 3371//3368
f 3371//3368 3412//3409 3372//3369
f 3412//3409 3413//3410 3372//3369
f 3372//3369 3413//3410 3373//3370
f 3413//3410 3414//3411 3373//3370
f 3373//3370 3414//3411 3374//3371
f 3414//3411 3415//3412 3374//3371
f 3374//3371 3415//3412 3375//3372
f 3415//3412 3416//3413 3375//3372
f 3375//3372 3416//3413 3376//3373
f 3416//3413 3417//3414 3376//3373
f 3376//3373 3417//3414 3377//3374
f 3417//3414 3418//3415 3377//3374
f 3377//3374 3418//3415 3378//3375
f 3418//3415 3419//3416 3378//3375
f 3378//3375 3419//3416 3379//3376
f 3419//3416 3420//3417 3379//3376
f 3379//3376 3420//3417 3380//3377
f 3420//3417 3421//3418 3380//3377
f 3380//3377 3421//3418 3381//3378
f 3421//3418 3422//3419 3381//3378
f 3381//3378 3422//3419 3382//3379
f 3422//3419 3423//3420 3382//3379
f 3382//3379 3423//3420 3383//3380
f 3423//3420 3424//3421 3383//3380
f 3383//3380 3424//3421 3384//3381
f 3424//3421 3425//3422 3384//3381
f 3384//3381 3425//3422 3385//3382
f 3425//3422 3426//3423 3385//3382
f 3385//3382 3426//3423 3386//3383
f 3426//3423 3427//3424 3386//3383
f 3386//3383 3427//3424 3387//3384
f 3427//3424 3428//3425 3387//3384
f 3387//3384 3428//3425 3388//3385
f 3428//3425 3429//3426 3388//3385
f 3388//3385 3429//3426 3389//3386
f 3429//3426 3430//3427 3389//3386
f 3389//3386 3430//3427 3390//3387
f 3430//3427 3431//3428 3390//3387
f 3390//3387 3431//3428 3391//3388
f 3431//3428 3432//3429 3391//3388
f 3391//3388 3432//3429 3392//3389
f 3432//3429 3433//3430 3392//3389
f 3392//3389 3433//3430 3393//3390
f 3433//3430 3434//3431 3393//3390
f 3393//3390 3434//3431 3394//3391
f 3434//3431 3435//3432 3394//3391
f 3394//3391 3435//3432 3395//3392
f 3435//3432 3436//3433 3395//3392
f 3395//3392 3436//3433 3396//3393
f 3436//3433 3437//3434 3396//3393
f 3396//3393 3437//3434 3397//3394
f 3437//3434 3438//3435 3397//3394
f 3397//3394 3438//3435 3398//3395
f 3438//3435 3439//3436 3398//3395
f 3398//3395 3439//3436 3399//3396
f 3439//3436 3440//3437 3399//3396
f 3399//3396 3440//3437 3400//3397
f 3440//3437 3441//3438 3400//3397
f 3400//3397 3441//3438 3401//3398
f 3441//3438 3442//3439 3401//3398
f 3401//3398 3442//3439 3402//3399
f 3442//3439 3443//3440 3402//3399
f 3402//3399 3443//3440 3403//3400
f 3443//3440 3444//3441 3403//3400
f 3403//3400 3444//3441 3404//3401
f 3444//3441 3445//3442 3404//3401
f 3404//3401 3445//3442 3405//3402
f 3445//3442 3446//3443 3405//3402
f 3405//3402 3446//3443 3406//3403
f 3446//3443 3447//3444 3406//3403
f 3407//3404 3448//3445 3408//3405
f 3448//3445 3449//3446 3408//3405
f 3408//3405 3449//3446 3409//3406
f 3449//3446 3450//3447 3409//3406
f 3409//3406 3450//3447 3410//3407
f 3450//3447 3451//3448 3410//3407
f 3410//3407 3451//3448 3411//3408
f 3451//3448 3452//3449 3411//3408
f 3411//3408 3452//3449 3412//3409
f 3452//3449 3453//3450 3412//3409
f 3412//3409 3453//3450 3413//3410
f 3453//3450 3454//3451 3413//3410
f 3413//3410 3454//3451 3414//3411
f 3454//3451 3455//3452 3414//3411
f 3414//3411 3455//3452 3415//3412
f 3455//3452 3456//3453 3415//3412
f 3415//3412 3456//3453 3416//3413
f 3456//3453 3457//3454 3416//3413
f 3416//3413 3457//3454 3417//3414
f 3457//3454 3458//3455 3417//3414
f 3417//3414 3458//3455 3418//3415
f 3458//3455 3459//3456 3418//3415
f 3418//3415 3459//3456 3419//3416
f 3459//3456 3460//3457 3419//3416
f 3419//3416 3460//3457 3420//3417
f 3460//3457 3461//3458 3420//3417
f 3420//3417 3461//3458 3421//3418
f 3461//3458 3462//3459 3421//3418
f 3421//3418 3462//3459 3422//3419
f 3462//3459 3463//3460 3422//3419
f 3422//3419 3463//3460 3423//3420
f 3463//3460 3464//3461 3423//3420
f 3423//3420 3464//3461 3424//3421
f 3464//3461 3465//3462 3424//3421
f 3424//3421 3465//3462 3425//3422
f 3465//3462 3466//3463 3425//3422
f 3425//3422 3466//3463 3426//3423
f 3466//3463 3467//3464 3426//3423
f 3426//3423 3467//3464 3427//3424
f 3467//3464 3468//3465 3427//3424
f 3427//3424 3468//3465 3428//3425
f 3468//3465 3469//3466 3428//3425
f 3428//3425 3469//3466 3429//3426
f 3469//3466 3470//3467 3429//3426
f 3429//3426 3470//3467 3430//3427
f 3470//3467 3471//3468 3430//3427
f 3430//3427 3471//3468 3431//3428
f 3471//3468 3472//3469 3431//3428
f 3431//3428 3472//3469 3432//3429
f 3472//3469 3473//3470 3432//3429
f 3432//3429 3473//3470 3433//3430
f 3473//3470 3474//3471 3433//3430
f 3433//3430 3474//3471 3434//3431
f 3474//3471 3475//3472 3434//3431
f 3434//3431 3475//3472 3435//3432
f 3475//3472 3476//3473 3435//3432
f 3435//3432 3476//3473 3436//3433
f 3476//3473 3477//3474 3436//3433
f 3436//3433 3477//3474 3437//3434
f 3477//3474 3478//3475 3437//3434
f 3437//3434 3478//3475 3438//3435
f 3478//3475 3479//3476 3438//3435
f 3438//3435 3479//3476 3439//3436
f 3479//3476 3480//3477 3439//3436
f 3439//3436 3480//3477 3440//3437
f 3480//3477 3481//3478 3440//3437
f 3440//3437 3481//3478 3441//3438
f 3481//3478 3482//3479 3441//3438
f 3441//3438 3482//3479 3442//3439
f 3482//3479 3483//3480 3442//3439
f 3442//3439 3483//3480 3443//3440
f 3483//3480 3484//3481 3443//3440
f 3443//3440 3484//3481 3444//3441
f 3484//3481 3485//3482 3444//3441
f 3444//3441 3485//3482 3445//3442
f 3485//3482 3486//3483 3445//3442
f 3445//3442 3486//3483 3446//3443
f 3486//3483 3487//3484 3446//3443
f 3446//3443 3487//3484 3447//3444
f 3487//3484 3488//3485 3447//3444
f 3448//3445 3489//3486 3449//3446
f 3489//3486 3490//3487 3449//3446
f 3449//3446 3490//3487 3450//3447
f 3490//3487 3491//3488 3450//3447
f 3450//3447 3491//3488 3451//3448
f 3491//3488 3492//3489 3451//3448
f 3451//3448 3492//3489 3452//3449
f 3492//3489 3493//3490 3452//3449
f 3452//3449 3493//3490 3453//3450
f 3493//3490 3494//3491 3453//3450
f 3453//3450 3494//3491 3454//3451
f 3494//3491 3495//3492 3454//3451
f 3454//3451 3495//3492 3455//3452
f 3495//3492 3496//3493 3455//3452
f 3455//3452 3496//3493 3456//3453
f 3496//3493 3497//3494 3456//3453
f 3456//3453 3497//3494 3457//3454
f 3497//3494 3498//3495 3457//3454
f 3457//3454 3498//3495 3458//3455
f 3498//3495 3499//3496 3458//3455
f 3458//3455 3499//3496 3459//3456
f 3499//3496 3500//3497 3459//3456
f 3459//3456 3500//3497 3460//3457
f 3500//3497 3501//3498 3460//3457
f 3460//3457 3501//3498 3461//3458
f 3501//3498 3502//3499 3461//3458
f 3461//3458 3502//3499 3462//3459
f 3502//3499 3503//3500 3462//3459
f 3462//3459 3503//3500 3463//3460
f 3503//3500 3504//3501 3463//3460
f 3463//3460 3504//3501 3464//3461
f 3504//3501 3505//3502 3464//3461
f 3464//3461 3505//3502 3465//3462
f 3505//3502 3506//3503 3465//3462
f 3465//3462 3506//3503 3466//3463
f 3506//3503 3507//3504 3466//3463
f 3466//3463 3507//3504 3467//3464
f 3507//3504 3508//3505 3467//3464
f 3467//3464 3508//3505 3468//3465
f 3508//3505 3509//3506 3468//3465
f 3468//3465 3509//3506 3469//3466
f 3509//3506 3510//3507 3469//3466
f 3469//3466 3510//3507 3470//3467
f 3510//3507 3511//3508 3470//3467
f 3470//3467 3511//3508 3471//3468
f 3511//3508 3512//3509 3471//3468
f 3471//3468 3512//3509 3472//3469
f 3512//3509 3513//3510 3472//3469
f 3472//3469 3513//3510 3473//3470
f 3513//3510 3514//3511 3473//3470
f 3473//3470 3514//3511 3474//3471
f 3514//3511 3515//3512 3474//3471
f 3474//3471 3515//3512 3475//3472
f 3515//3512 3516//3513 3475//3472
f 3475//3472 3516//3513 3476//3473
f 3516//3513 3517//3514 3476//3473
f 3476//3473 3517//3514 3477//3474
f 3517//3514 3518//3515 3477//3474
f 3477//3474 3518//3515 3478//3475
f 3518//3515 3519//3516 3478//3475
f 3478//3475 3519//3516 3479//3476
f 3519//3516 3520//3517 3479//3476
f 3479//3476 3520//3517 3480//3477
f 3520//3517 3521//3518 3480//3477
f 3480//3477 3521//3518 3481//3478
f 3521//3518 3522//3519 3481//3478
f 3481//3478 3522//3519 3482//3479
f 3522//3519 3523//3520 3482//3479
f 3482//3479 3523//3520 3483//3480
f 3523//3520 3524//3521 3483//3480
f 3483//3480 3524//3521 3484//3481
f 3524//3521 3525//3522 3484//3481
f 3484//3481 3525//3522 3485//3482
f 3525//3522 3526//3523 3485//3482
f 3485//3482 3526//3523 3486//3483
f 3526//3523 3527//3524 3486//3483
f 3486//3483 3527//3524 3487//3484
f 3527//3524 3528//3525 3487//3484
f 3487//3484 3528//3525 3488//3485
f 3528//3525 3529//3526 3488//3485
f 3489//3486 3530//3527 3490//3487
f 3530//3527 3531//3528 3490//3487
f 3490//3487 3531//3528 3491//3488
f 3531//3528 3532//3529 3491//3488
f 3491//3488 3532//3529 3492//3489
f 3532//3529 3533//3530 3492//3489
f 3492//3489 3533//3530 3493//3490
f 3533//3530 3534//3531 3493//3490
f 3493//3490 3534//3531 3494//3491
f 3534//3531 3535//3532 3494//3491
f 3494//3491 3535//3532 3495//3492
f 3535//3532 3536//3533 3495//3492
f 3495//3492 3536//3533 3496//3493
f 3536//3533 3537//3534 3496//3493
f 3496//3493 3537//3534 3497//3494
f 3537//3534 3538//3535 3497//3494
f 3497//3494 3538//3535 3498//3495
f 3538//3535 3539//3536 3498//3495
f 3498//3495 3539//3536 3499//3496
f 3539//3536 3540//3537 3499//3496
f 3499//3496 3540//3537 3500//3497
f 3540//3537 3541//3538 3500//3497
f 3500//3497 3541//3538 3501//3498
f 3541//3538 3542//3539 3501//3498
f 3501//3498 3542//3539 3502//3499
f 3542//3539 3543//3540 3502//3499
f 3502//3499 3543//3540 3503//3500
f 3543//3540 3544//3541 3503//3500
f 3503//3500 3544//3541 3504//3501
f 3544//3541 3545//3542 3504//3501
f 3504//3501 3545//3542 3505//3502
f 3545//3542 3546//3543 3505//3502
f 3505//3502 3546//3543 3506//3503
f 3546//3543 3547//3544 3506//3503
f 3506//3503 3547//3544 3507//3504
f 3547//3544 3548//3545 3507//3504
f 3507//3504 3548//3545 3508//3505
f 3548//3545 3549//3546 3508//3505
f 3508//3505 3549//3546 3509//3506
f 3549//3546 3550//3547 3509//3506
f 3509//3506 3550//3547 3510//3507
f 3550//3547 3551//3548 3510//3507
f 3510//3507 3551//3548 3511//3508
f 3551//3548 3552//3549 3511//3508
f 3511//3508 3552//3549 3512//3509
f 3552//3549 3553//3550 3512//3509
f 3512//3509 3553//3550 3513//3510
f 3553//3550 3554//3551 3513//3510
f 3513//3510 3554//3551 3514//3511
f 3554//3551 3555//3552 3514//3511
f 3514//3511 3555//3552 3515//3512
f 3555//3552 3556//3553 3515//3512
f 3515//3512 3556//3553 3516//3513
f 3556//3553 3557//3554 3516//3513
f 3516//3513 3557//3554 3517//3514
f 3557//3554 3558//3555 3517//3514
f 3517//3514 3558//3555 3518//3515
f 3558//3555 3559//3556 3518//3515
f 3518//3515 3559//3556 3519//3516
f 3559//3556 3560//3557 3519//3516
f 3519//3516 3560//3557 3520//3517
f 3560//3557 3561//3558 3520//3517
f 3520//3517 3561//3558 3521//3518
f 3561//3558 3562//3559 3521//3518
f 3521//3518 3562//3559 3522//3519
f 3562//3559 3563//3560 3522//3519
f 3522//3519 3563//3560 3523//3520
f 3563//3560 3564//3561 3523//3520
f 3523//3520 3564//3561 3524//3521
f 3564//3561 3565//3562 3524//3521
f 3524//3521 3565//3562 3525//3522
f 3565//3562 3566//3563 3525//3522
f 3525//3522 3566//3563 3526//3523
f 3566//3563 3567//3564 3526//3523
f 3526//3523 3567//3564 3527//3524
f 3567//3564 3568//3565 3527//3524
f 3527//3524 3568//3565 3528//3525
f 3568//3565 3569//3566 3528//3525
f 3528//3525 3569//3566 3529//3526
f 3569//3566 3570//3567 3529//3526
f 3530//3527 3571//3568 3531//3528
f 3531//3528 3572//3569 3532//3529
f 3532//3529 3573//3570 3533//3530
f 3533//3530 3574//3571 3534//3531
f 3534//3531 3575//3572 3535//3532
f 3535//3532 3576//3573 3536//3533
f 3536//3533 3577//3574 3537//3534
f 3537//3534 3578//3575 3538//3535
f 3538//3535 3579//3576 3539//3536
f 3539//3536 3580//3577 3540//3537
f 3540//3537 3581//3578 3541//3538
f 3541//3538 3582//3579 3542//3539
f 3542//3539 3583//3580 3543//3540
f 3543//3540 3584//3581 3544//3541
f 3544//3541 3585//3582 3545//3542
f 3545//3542 3586//3583 3546//3543
f 3546//3543 3587//3584 3547//3544
f 3547//3544 3588//3585 3548//3545
f 3548//3545 3589//3586 3549//3546
f 3549//3546 3590//3587 3550//3547
f 3550//3547 3591//3588 3551//3548
f 3551//3548 3592//3589 3552//3549
f 3552//3549 3593//3590 3553//3550
f 3553//3550 3594//3591 3554//3551
f 3554//3551 3595//3592 3555//3552
f 3555//3552 3596//3593 3556//3553
f 3556//3553 3597//3594 3557//3554
f 3557//3554 3598//3595 3558//3555
f 3558//3555 3599//3596 3559//3556
f 3559//3556 3600//3597 3560//3557
f 3560//3557 3601//3598 3561//3558
f 3561//3558 3602//3599 3562//3559
f 3562//3559 3603//3600 3563//3560
f 3563//3560 3604//3601 3564//3561
f 3564//3561 3605//3602 3565//3562
f 3565//3562 3606//3603 3566//3563
f 3566//3563 3607//3604 3567//3564
f 3567//3564 3608//3605 3568//3565
f 3568//3565 3609//3606 3569//3566
f 3569//3566 3610//3607 3570//3567
usemtl steel
f 3653//3650 3654//3651 3613//3610
f 3654//3651 3655//3652 3614//3611
f 3655//3652 3656//3653 3615//3612
f 3656//3653 3657//3654 3616//3613
f 3657//3654 3658//3655 3617//3614
f 3658//3655 3659//3656 3618//3615
f 3659//3656 3660//3657 3619//3616
f 3660//3657 3661//3658 3620//3617
f 3661//3658 3662//3659 3621//3618
f 3662//3659 3663//3660 3622//3619
f 3663//3660 3664//3661 3623//3620
f 3664//3661 3665//3662 3624//3621
f 3665//3662 3666//3663 3625//3622
f 3666//3663 3667//3664 3626//3623
f 3667//3664 3668//3665 3627//3624
f 3668//3665 3669//3666 3628//3625
f 3669//3666 3670//3667 3629//3626
f 3670//3667 3671//3668 3630//3627
f 3671//3668 3672//3669 3631//3628
f 3672//3669 3673//3670 3632//3629
f 3673//3670 3674//3671 3633//3630
f 3674//3671 3675//3672 3634//3631
f 3675//3672 3676//3673 3635//3632
f 3676//3673 3677//3674 3636//3633
f 3677//3674 3678//3675 3637//3634
f 3678//3675 3679//3676 3638//3635
f 3679//3676 3680//3677 3639//3636
f 3680//3677 3681//3678 3640//3637
f 3681//3678 3682//3679 3641//3638
f 3682//3679 3683//3680 3642//3639
f 3683//3680 3684//3681 3643//3640
f 3684//3681 3685//3682 3644//3641
f 3685//3682 3686//3683 3645//3642
f 3686//3683 3687//3684 3646//3643
f 3687//3684 3688//3685 3647//3644
f 3688//3685 3689//3686 3648//3645
f 3689//3686 3690//3687 3649//3646
f 3690//3687 3691//3688 3650//3647
f 3691//3688 3692//3689 3651//3648
f 3692//3689 3693//3690 3652//3649
f 3653//3650 3694//3691 3654//3651
f 3694//3691 3695//3692 3654//3651
f 3654//3651 3695//3692 3655//3652
f 3695//3692 3696//3693 3655//3652
f 3655//3652 3696//3693 3656//3653
f 3696//3693 3697//3694 3656//3653
f 3656//3653 3697//3694 3657//3654
f 3697//3694 3698//3695 3657//3654
f 3657//3654 3698//3695 3658//3655
f 3698//3695 3699//3696 3658//3655
f 3658//3655 3699//3696 3659//3656
f 3699//3696 3700//3697 3659//3656
f 3659//3656 3700//3697 3660//3657
f 3700//3697 3701//3698 3660//3657
f 3660//3657 3701//3698 3661//3658
f 3701//3698 3702//3699 3661//3658
f 3661//3658 3702//3699 3662//3659
f 3702//3699 3703//3700 3662//3659
f 3662//3659 3703//3700 3663//3660
f 3703//3700 3704//3701 3663//3660
f 3663//3660 3704//3701 3664//3661
f 3704//3701 3705//3702 3664//3661
f 3664//3661 3705//3702 3665//3662
f 3705//3702 3706//3703 3665//3662
f 3665//3662 3706//3703 3666//3663
f 3706//3703 3707//3704 3666//3663
f 3666//3663 3707//3704 3667//3664
f 3707//3704 3708//3705 3667//3664
f 3667//3664 3708//3705 3668//3665
f 3708//3705 3709//3706 3668//3665
f 3668//3665 3709//3706 3669//3666
f 3709//3706 3710//3707 3669//3666
f 3669//3666 3710//3707 3670//3667
f 3710//3707 3711//3708 3670//3667
f 3670//3667 3711//3708 3671//3668
f 3711//3708 3712//3709 3671//3668
f 3671//3668 3712//3709 3672//3669
f 3712//3709 3713//3710 3672//3669
f 3672//3669 3713//3710 3673//3670
f 3713//3710 3714//3711 3673//3670
f 3673//3670 3714//3711 3674//3671
f 3714//3711 3715//3712 3674//3671
f 3674//3671 3715//3712 3675//3672
f 3715//3712 3716//3713 3675//3672
f 3675//3672 3716//3713 3676//3673
f 3716//3713 3717//3714 3676//3673
f 3676//3673 3717//3714 3677//3674
f 3717//3714 3718//3715 3677//3674
f 3677//3674 3718//3715 3678//3675
f 3718//3715 3719//3716 3678//3675
f 3678//3675 3719//3716 3679//3676
f 3719//3716 3720//3717 3679//3676
f 3679//3676 3720//3717 3680//3677
f 3720//3717 3721//3718 3680//3677
f 3680//3677 3721//3718 3681//3678
f 3721//3718 3722//3719 3681//3678
f 3681//3678 3722//3719 3682//3679
f 3722//3719 3723//3720 3682//3679
f 3682//3679 3723//3720 3683//3680
f 3723//3720 3724//3721 3683//3680
f 3683//3680 3724//3721 3684//3681
f 3724//3721 3725//3722 3684//3681
f 3684//3681 3725//3722 3685//3682
f 3725//3722 3726//3723 3685//3682
f 3685//3682 3726//3723 3686//3683
f 3726//3723 3727//3724 3686//3683
f 3686//3683 3727//3724 3687//3684
f 3727//3724 3728//3725 3687//3684
f 3687//3684 3728//3725 3688//3685
f 3728//3725 3729//3726 3688//3685
f 3688//3685 3729//3726 3689//3686
f 3729//3726 3730//3727 3689//3686
f 3689//3686 3730//3727 3690//3687
f 3730//3727 3731//3728 3690//3687
f 3690//3687 3731//3728 3691//3688
f 3731//3728 3732//3729 3691//3688
f 3691//3688 3732//3729 3692//3689
f 3732//3729 3733//3730 3692//3689
f 3692//3689 3733//3730 3693//3690
f 3733//3730 3734//3731 3693//3690
f 3694//3691 3735//3732 3695//3692
f 3735//3732 3736//3733 3695//3692
f 3695//3692 3736//3733 3696//3693
f 3736//3733 3737//3734 3696//3693
f 3696//3693 3737//3734 3697//3694
f 3737//3734 3738//3735 3697//3694
f 3697//3694 3738//3735 3698//3695
f 3738//3735 3739//3736 3698//3695
f 3698//3695 3739//3736 3699//3696
f 3739//3736 3740//3737 3699//3696
f 3699//3696 3740//3737 3700//3697
f 3740//3737 3741//3738 3700//3697
f 3700//3697 3741//3738 3701//3698
f 3741//3738 3742//3739 3701//3698
f 3701//3698 3742//3739 3702//3699
f 3742//3739 3743//3740 3702//3699
f 3702//3699 3743//3740 3703//3700
f 3743//3740 3744//3741 3703//3700
f 3703//3700 3744//3741 3704//3701
f 3744//3741 3745//3742 3704//3701
f 3704//3701 3745//3742 3705//3702
f 3745//3742 3746//3743 3705//3702
f 3705//3702 3746//3743 3706//3703
f 3746//3743 3747//3744 3706//3703
f 3706//3703 3747//3744 3707//3704
f 3747//3744 3748//3745 3707//3704
f 3707//3704 3748//3745 3708//3705
f 3748//3745 3749//3746 3708//3705
f 3708//3705 3749//3746 3709//3706
f 3749//3746 3750//3747 3709//3706
f 3709//3706 3750//3747 3710//3707
f 3750//3747 3751//3748 3710//3707
f 3710//3707 3751//3748 3711//3708
f 3751//3748 3752//3749 3711//3708
f 3711//3708 3752//3749 3712//3709
f 3752//3749 3753//3750 3712//3709
f 3712//3709 3753//3750 3713//3710
f 3753//3750 3754//3751 3713//3710
f 3713//3710 3754//3751 3714//3711
f 3754//3751 3755//3752 3714//3711
f 3714//3711 3755//3752 3715//3712
f 3755//3752 3756//3753 3715//3712
f 3715//3712 3756//3753 3716//3713
f 3756//3753 3757//3754 3716//3713
f 3716//3713 3757//3754 3717//3714
f 3757//3754 3758//3755 3717//3714
f 3717//3714 3758//3755 3718//3715
f 3758//3755 3759//3756 3718//3715
f 3718//3715 3759//3756 3719//3716
f 3759//3756 3760//3757 3719//3716
f 3719//3716 3760//3757 3720//3717
f 3760//3757 3761//3758 3720//3717
f 3720//3717 3761//3758 3721//3718
f 3761//3758 3762//3759 3721//3718
f 3721//3718 3762//3759 3722//3719
f 3762//3759 3763//3760 3722//3719
f 3722//3719 3763//3760 3723//3720
f 3763//3760 3764//3761 3723//3720
f 3723//3720 3764//3761 3724//3721
f 3764//3761 3765//3762 3724//3721
f 3724//3721 3765//3762 3725//3722
f 3765//3762 3766//3763 3725//3722
f 3725//3722 3766//3763 3726//3723
f 3766//3763 3767//3764 3726//3723
f 3726//3723 3767//3764 3727//3724
f 3767//3764 3768//3765 3727//3724
f 3727//3724 3768//3765 3728//3725
f 3768//3765 3769//3766 3728//3725
f 3728//3725 3769//3766 3729//3726
f 3769//3766 3770//3767 3729//3726
f 3729//3726 3770//3767 3730//3727
f 3770//3767 3771//3768 3730//3727
f 3730//3727 3771//3768 3731//3728
f 3771//3768 3772//3769 3731//3728
f 3731//3728 3772//3769 3732//3729
f 3772//3769 3773//3770 3732//3729
f 3732//3729 3773//3770 3733//3730
f 3773//3770 3774//3771 3733//3730
f 3733//3730 3774//3771 3734//3731
f 3774//3771 3775//3772 3734//3731
f 3735//3732 3776//3773 3736//3733
f 3776//3773 3777//3774 3736//3733
f 3736//3733 3777//3774 3737//3734
f 3777//3774 3778//3775 3737//3734
f 3737//3734 3778//3775 3738//3735
f 3778//3775 3779//3776 3738//3735
f 3738//3735 3779//3776 3739//3736
f 3779//3776 3780//3777 3739//3736
f 3739//3736 3780//3777 3740//3737
f 3780//3777 3781//3778 3740//3737
f 3740//3737 3781//3778 3741//3738
f 3781//3778 3782//3779 3741//3738
f 3741//3738 3782//3779 3742//3739
f 3782//3779 3783//3780 3742//3739
f 3742//3739 3783//3780 3743//3740
f 3783//3780 3784//3781 3743//3740
f 3743//3740 3784//3781 3744//3741
f 3784//3781 3785//3782 3744//3741
f 3744//3741 3785//3782 3745//3742
f 3785//3782 3786//3783 3745//3742
f 3745//3742 3786//3783 3746//3743
f 3786//3783 3787//3784 3746//3743
f 3746//3743 3787//3784 3747//3744
f 3787//3784 3788//3785 3747//3744
f 3747//3744 3788//3785 3748//3745
f 3788//3785 3789//3786 3748//3745
f 3748//3745 3789//3786 3749//3746
f 3789//3786 3790//3787 3749//3746
f 3749//3746 3790//3787 3750//3747
f 3790//3787 3791//3788 3750//3747
f 3750//3747 3791//3788 3751//3748
f 3791//3788 3792//3789 3751//3748
f 3751//3748 3792//3789 3752//3749
f 3792//3789 3793//3790 3752//3749
f 3752//3749 3793//3790 3753//3750
f 3793//3790 3794//3791 3753//3750
f 3753//3750 3794//3791 3754//3751
f 3794//3791 3795//3792 3754//3751
f 3754//3751 3795//3792 3755//3752
f 3795//3792 3796//3793 3755//3752
f 3755//3752 3796//3793 3756//3753
f 3796//3793 3797//3794 3756//3753
f 3756//3753 3797//3794 3757//3754
f 3797//3794 3798//3795 3757//3754
f 3757//3754 3798//3795 3758//3755
f 3798//3795 3799//3796 3758//3755
f 3758//3755 3799//3796 3759//3756
f 3799//3796 3800//3797 3759//3756
f 3759//3756 3800//3797 3760//3757
f 3800//3797 3801//3798 3760//3757
f 3760//3757 3801//3798 3761//3758
f 3801//3798 3802//3799 3761//3758
f 3761//3758 3802//3799 3762//3759
f 3802//3799 3803//3800 3762//3759
f 3762//3759 3803//3800 3763//3760
f 3803//3800 3804//3801 3763//3760
f 3763//3760 3804//3801 3764//3761
f 3804//3801 3805//3802 3764//3761
f 3764//3761 3805//3802 3765//3762
f 3805//3802 3806//3803 3765//3762
f 3765//3762 3806//3803 3766//3763
f 3806//3803 3807//3804 3766//3763
f 3766//3763 3807//3804 3767//3764
f 3807//3804 3808//3805 3767//3764
f 3767//3764 3808//3805 3768//3765
f 3808//3805 3809//3806 3768//3765
f 3768//3765 3809//3806 3769//3766
f 3809//3806 3810//3807 3769//3766
f 3769//3766 3810//3807 3770//3767
f 3810//3807 3811//3808 3770//3767
f 3770//3767 3811//3808 3771//3768
f 3811//3808 3812//3809 3771//3768
f 3771//3768 3812//3809 3772//3769
f 3812//3809 3813//3810 3772//3769
f 3772//3769 3813//3810 3773//3770
f 3813//3810 3814//3811 3773//3770
f 3773//3770 3814//3811 3774//3771
f 3814//3811 3815//3812 3774//3771
f 3774//3771 3815//3812 3775//3772
f 3815//3812 3816//3813 3775//3772
f 3776//3773 3817//3814 3777//3774
f 3817//3814 3818//3815 3777//3774
f 3777//3774 3818//3815 3778//3775
f 3818//3815 3819//3816 3778//3775
f 3778//3775 3819//3816 3779//3776
f 3819//3816 3820//3817 3779//3776
f 3779//3776 3820//3817 3780//3777
f 3820//3817 3821//3818 3780//3777
f 3780//3777 3821//3818 3781//3778
f 3821//3818 3822//3819 3781//3778
f 3781//3778 3822//3819 3782//3779
f 3822//3819 3823//3820 3782//3779
f 3782//3779 3823//3820 3783//3780
f 3823//3820 3824//3821 3783//3780
f 3783//3780 3824//3821 3784//3781
f 3824//3821 3825//3822 3784//3781
f 3784//3781 3825//3822 3785//3782
f 3825//3822 3826//3823 3785//3782
f 3785//3782 3826//3823 3786//3783
f 3826//3823 3827//3824 3786//3783
f 3786//3783 3827//3824 3787//3784
f 3827//3824 3828//3825 3787//3784
f 3787//3784 3828//3825 3788//3785
f 3828//3825 3829//3826 3788//3785
f 3788//3785 3829//3826 3789//3786
f 3829//3826 3830//3827 3789//3786
f 3789//3786 3830//3827 3790//3787
f 3830//3827 3831//3828 3790//3787
f 3790//3787 3831//3828 3791//3788
f 3831//3828 3832//3829 3791//3788
f 3791//3788 3832//3829 3792//3789
f 3832//3829 3833//3830 3792//3789
f 3792//3789 3833//3830 3793//3790
f 3833//3830 3834//3831 3793//3790
f 3793//3790 3834//3831 3794//3791
f 3834//3831 3835//3832 3794//3791
f 3794//3791 3835//3832 3795//3792
f 3835//3832 3836//3833 3795//3792
f 3795//3792 3836//3833 3796//3793
f 3836//3833 3837//3834 3796//3793
f 3796//3793 3837//3834 3797//3794
f 3837//3834 3838//3835 3797//3794
f 3797//3794 3838//3835 3798//3795
f 3838//3835 3839//3836 3798//3795
f 3798//3795 3839//3836 3799//3796
f 3839//3836 3840//3837 3799//3796
f 3799//3796 3840//3837 3800//3797
f 3840//3837 3841//3838 3800//3797
f 3800//3797 3841//3838 3801//3798
f 3841//3838 3842//3839 3801//3798
f 3801//3798 3842//3839 3802//3799
f 3842//3839 3843//3840 3802//3799
f 3802//3799 3843//3840 3803//3800
f 3843//3840 3844//3841 3803//3800
f 3803//3800 3844//3841 3804//3801
f 3844//3841 3845//3842 3804//3801
f 3804//3801 3845//3842 3805//3802
f 3845//3842 3846//3843 3805//3802
f 3805//3802 3846//3843 3806//3803
f 3846//3843 3847//3844 3806//3803
f 3806//3803 3847//3844 3807//3804
f 3847//3844 3848//3845 3807//3804
f 3807//3804 3848//3845 3808//3805
f 3848//3845 3849//3846 3808//3805
f 3808//3805 3849//3846 3809//3806
f 3849//3846 3850//3847 3809//3806
f 3809//3806 3850//3847 3810//3807
f 3850//3847 3851//3848 3810//3807
f 3810//3807 3851//3848 3811//3808
f 3851//3848 3852//3849 3811//3808
f 3811//3808 3852//3849 3812//3809
f 3852//3849 3853//3850 3812//3809
f 3812//3809 3853//3850 3813//3810
f 3853//3850 3854//3851 3813//3810
f 3813//3810 3854//3851 3814//3811
f 3854//3851 3855//3852 3814//3811
f 3814//3811 3855//3852 3815//3812
f 3855//3852 3856//3853 3815//3812
f 3815//3812 3856//3853 3816//3813
f 3856//3853 3857//3854 3816//3813
f 3817//3814 3858//3855 3818//3815
f 3858//3855 3859//3856 3818//3815
f 3818//3815 3859//3856 3819//3816
f 3859//3856 3860//3857 3819//3816
f 3819//3816 3860//3857 3820//3817
f 3860//3857 3861//3858 3820//3817
f 3820//3817 3861//3858 3821//3818
f 3861//3858 3862//3859 3821//3818
f 3821//3818 3862//3859 3822//3819
f 3862//3859 3863//3860 3822//3819
f 3822//3819 3863//3860 3823//3820
f 3863//3860 3864//3861 3823//3820
f 3823//3820 3864//3861 3824//3821
f 3864//3861 3865//3862 3824//3821
f 3824//3821 3865//3862 3825//3822
f 3865//3862 3866//3863 3825//3822
f 3825//3822 3866//3863 3826//3823
f 3866//3863 3867//3864 3826//3823
f 3826//3823 3867//3864 3827//3824
f 3867//3864 3868//3865 3827//3824
f 3827//3824 3868//3865 3828//3825
f 3868//3865 3869//3866 3828//3825
f 3828//3825 3869//3866 3829//3826
f 3869//3866 3870//3867 3829//3826
f 3829//3826 3870//3867 3830//3827
f 3870//3867 3871//3868 3830//3827
f 3830//3827 3871//3868 3831//3828
f 3871//3868 3872//3869 3831//3828
f 3831//3828 3872//3869 3832//3829
f 3872//3869 3873//3870 3832//3829
f 3832//3829 3873//3870 3833//3830
f 3873//3870 3874//3871 3833//3830
f 3833//3830 3874//3871 3834//3831
f 3874//3871 3875//3872 3834//3831
f 3834//3831 3875//3872 3835//3832
f 3875//3872 3876//3873 3835//3832
f 3835//3832 3876//3873 3836//3833
f 3876//3873 3877//3874 3836//3833
f 3836//3833 3877//3874 3837//3834
f 3877//3874 3878//3875 3837//3834
f 3837//3834 3878//3875 3838//3835
f 3878//3875 3879//3876 3838//3835
f 3838//3835 3879//3876 3839//3836
f 3879//3876 3880//3877 3839//3836
f 3839//3836 3880//3877 3840//3837
f 3880//3877 3881//3878 3840//3837
f 3840//3837 3881//3878 3841//3838
f 3881//3878 3882//3879 3841//3838
f 3841//3838 3882//3879 3842//3839
f 3882//3879 3883//3880 3842//3839
f 3842//3839 3883//3880 3843//3840
f 3883//3880 3884//3881 3843//3840
f 3843//3840 3884//3881 3844//3841
f 3884//3881 3885//3882 3844//3841
f 3844//3841 3885//3882 3845//3842
f 3885//3882 3886//3883 3845//3842
f 3845//3842 3886//3883 3846//3843
f 3886//3883 3887//3884 3846//3843
f 3846//3843 3887//3884 3847//3844
f 3887//3884 3888//3885 3847//3844
f 3847//3844 3888//3885 3848//3845
f 3888//3885 3889//3886 3848//3845
f 3848//3845 3889//3886 3849//3846
f 3889//3886 3890//3887 3849//3846
f 3849//3846 3890//3887 3850//3847
f 3890//3887 3891//3888 3850//3847
f 3850//3847 3891//3888 3851//3848
f 3891//3888 3892//3889 3851//3848
f 3851//3848 3892//3889 3852//3849
f 3892//3889 3893//3890 3852//3849
f 3852//3849 3893//3890 3853//3850
f 3893//3890 3894//3891 3853//3850
f 3853//3850 3894//3891 3854//3851
f 3894//3891 3895//3892 3854//3851
f 3854//3851 3895//3892 3855//3852
f 3895//3892 3896//3893 3855//3852
f 3855//3852 3896//3893 3856//3853
f 3896//3893 3897//3894 3856//3853
f 3856//3853 3897//3894 3857//3854
f 3897//3894 3898//3895 3857//3854
f 3858//3855 3899//3896 3859//3856
f 3899//3896 3900//3897 3859//3856
f 3859//3856 3900//3897 3860//3857
f 3900//3897 3901//3898 3860//3857
f 3860//3857 3901//3898 3861//3858
f 3901//3898 3902//3899 3861//3858
f 3861//3858 3902//3899 3862//3859
f 3902//3899 3903//3900 3862//3859
f 3862//3859 3903//3900 3863//3860
f 3903//3900 3904//3901 3863//3860
f 3863//3860 3904//3901 3864//3861
f 3904//3901 3905//3902 3864//3861
f 3864//3861 3905//3902 3865//3862
f 3905//3902 3906//3903 3865//3862
f 3865//3862 3906//3903 3866//3863
f 3906//3903 3907//3904 3866//3863
f 3866//3863 3907//3904 3867//3864
f 3907//3904 3908//3905 3867//3864
f 3867//3864 3908//3905 3868//3865
f 3908//3905 3909//3906 3868//3865
f 3868//3865 3909//3906 3869//3866
f 3909//3906 3910//3907 3869//3866
f 3869//3866 3910//3907 3870//3867
f 3910//3907 3911//3908 3870//3867
f 3870//3867 3911//3908 3871//3868
f 3911//3908 3912//3909 3871//3868
f 3871//3868 3912//3909 3872//3869
f 3912//3909 3913//3910 3872//3869
f 3872//3869 3913//3910 3873//3870
f 3913//3910 3914//3911 3873//3870
f 3873//3870 3914//3911 3874//3871
f 3914//3911 3915//3912 3874//3871
f 3874//3871 3915//3912 3875//3872
f 3915//3912 3916//3913 3875//3872
f 3875//3872 3916//3913 3876//3873
f 3916//3913 3917//3914 3876//3873
f 3876//3873 3917//3914 3877//3874
f 3917//3914 3918//3915 3877//3874
f 3877//3874 3918//3915 3878//3875
f 3918//3915 3919//3916 3878//3875
f 3878//3875 3919//3916 3879//3876
f 3919//3916 3920//3917 3879//3876
f 3879//3876 3920//3917 3880//3877
f 3920//3917 3921//3918 3880//3877
f 3880//3877 3921//3918 3881//3878
f 3921//3918 3922//3919 3881//3878
f 3881//3878 3922//3919 3882//3879
f 3922//3919 3923//3920 3882//3879
f 3882//3879 3923//3920 3883//3880
f 3923//3920 3924//3921 3883//3880
f 3883//3880 3924//3921 3884//3881
f 3924//3921 3925//3922 3884//3881
f 3884//3881 3925//3922 3885//3882
f 3925//3922 3926//3923 3885//3882
f 3885//3882 3926//3923 3886//3883
f 3926//3923 3927//3924 3886//3883
f 3886//3883 3927//3924 3887//3884
f 3927//3924 3928//3925 3887//3884
f 3887//3884 3928//3925 3888//3885
f 3928//3925 3929//3926 3888//3885
f 3888//3885 3929//3926 3889//3886
f 3929//3926 3930//3927 3889//3886
f 3889//3886 3930//3927 3890//3887
f 3930//3927 3931//3928 3890//3887
f 3890//3887 3931//3928 3891//3888
f 3931//3928 3932//3929 3891//3888
f 3891//3888 3932//3929 3892//3889
f 3932//3929 3933//3930 3892//3889
f 3892//3889 3933//3930 3893//3890
f 3933//3930 3934//3931 3893//3890
f 3893//3890 3934//3931 3894//3891
f 3934//3931 3935//3932 3894//3891
f 3894//3891 3935//3932 3895//3892
f 3935//3932 3936//3933 3895//3892
f 3895//3892 3936//3933 3896//3893
f 3936//3933 3937//3934 3896//3893
f 3896//3893 3937//3934 3897//3894
f 3937//3934 3938//3935 3897//3894
f 3897//3894 3938//3935 3898//3895
f 3938//3935 3939//3936 3898//3895
f 3899//3896 3940//3937 3900//3897
f 3940//3937 3941//3938 3900//3897
f 3900//3897 3941//3938 3901//3898
f 3941//3938 3942//3939 3901//3898
f 3901//3898 3942//3939 3902//3899
f 3942//3939 3943//3940 3902//3899
f 3902//3899 3943//3940 3903//3900
f 3943//3940 3944//3941 3903//3900
f 3903//3900 3944//3941 3904//3901
f 3944//3941 3945//3942 3904//3901
f 3904//3901 3945//3942 3905//3902
f 3945//3942 3946//3943 3905//3902
f 3905//3902 3946//3943 3906//3903
f 3946//3943 3947//3944 3906//3903
f 3906//3903 3947//3944 3907//3904
f 3947//3944 3948//3945 3907//3904
f 3907//3904 3948//3945 3908//3905
f 3948//3945 3949//3946 3908//3905
f 3908//3905 3949//3946 3909//3906
f 3949//3946 3950//3947 3909//3906
f 3909//3906 3950//3947 3910//3907
f 3950//3947 3951//3948 3910//3907
f 3910//3907 3951//3948 3911//3908
f 3951//3948 3952//3949 3911//3908
f 3911//3908 3952//3949 3912//3909
f 3952//3949 3953//3950 3912//3909
f 3912//3909 3953//3950 3913//3910
f 3953//3950 3954//3951 3913//3910
f 3913//3910 3954//3951 3914//3911
f 3954//3951 3955//3952 3914//3911
f 3914//3911 3955//3952 3915//3912
f 3955//3952 3956//3953 3915//3912
f 3915//3912 3956//3953 3916//3913
f 3956//3953 3957//3954 3916//3913
f 3916//3913 3957//3954 3917//3914
f 3957//3954 3958//3955 3917//3914
f 3917//3914 3958//3955 3918//3915
f 3958//3955 3959//3956 3918//3915
f 3918//3915 3959//3956 3919//3916
f 3959//3956 3960//3957 3919//3916
f 3919//3916 3960//3957 3920//3917
f 3960//3957 3961//3958 3920//3917
f 3920//3917 3961//3958 3921//3918
f 3961//3958 3962//3959 3921//3918
f 3921//3918 3962//3959 3922//3919
f 3962//3959 3963//3960 3922//3919
f 3922//3919 3963//3960 3923//3920
f 3963//3960 3964//3961 3923//3920
f 3923//3920 3964//3961 3924//3921
f 3964//3961 3965//3962 3924//3921
f 3924//3921 3965//3962 3925//3922
f 3965//3962 3966//3963 3925//3922
f 3925//3922 3966//3963 3926//3923
f 3966//3963 3967//3964 3926//3923
f 3926//3923 3967//3964 3927//3924
f 3967//3964 3968//3965 3927//3924
f 3927//3924 3968//3965 3928//3925
f 3968//3965 3969//3966 3928//3925
f 3928//3925 3969//3966 3929//3926
f 3969//3966 3970//3967 3929//3926
f 3929//3926 3970//3967 3930//3927
f 3970//3967 3971//3968 3930//3927
f 3930//3927 3971//3968 3931//3928
f 3971//3968 3972//3969 3931//3928
f 3931//3928 3972//3969 3932//3929
f 3972//3969 3973//3970 3932//3929
f 3932//3929 3973//3970 3933//3930
f 3973//3970 3974//3971 3933//3930
f 3933//3930 3974//3971 3934//3931
f 3974//3971 3975//3972 3934//3931
f 3934//3931 3975//3972 3935//3932
f 3975//3972 3976//3973 3935//3932
f 3935//3932 3976//3973 3936//3933
f 3976//3973 3977//3974 3936//3933
f 3936//3933 3977//3974 3937//3934
f 3977//3974 3978//3975 3937//3934
f 3937//3934 3978//3975 3938//3935
f 3978//3975 3979//3976 3938//3935
f 3938//3935 3979//3976 3939//3936
f 3979//3976 3980//3977 3939//3936
f 3940//3937 3981//3978 3941//3938
f 3981//3978 3982//3979 3941//3938
f 3941//3938 3982//3979 3942//3939
f 3982//3979 3983//3980 3942//3939
f 3942//3939 3983//3980 3943//3940
f 3983//3980 3984//3981 3943//3940
f 3943//3940 3984//3981 3944//3941
f 3984//3981 3985//3982 3944//3941
f 3944//3941 3985//3982 3945//3942
f 3985//3982 3986//3983 3945//3942
f 3945//3942 3986//3983 3946//3943
f 3986//3983 3987//3984 3946//3943
f 3946//3943 3987//3984 3947//3944
f 3987//3984 3988//3985 3947//3944
f 3947//3944 3988//3985 3948//3945
f 3988//3985 3989//3986 3948//3945
f 3948//3945 3989//3986 3949//3946
f 3989//3986 3990//3987 3949//3946
f 3949//3946 3990//3987 3950//3947
f 3990//3987 3991//3988 3950//3947
f 3950//3947 3991//3988 3951//3948
f 3991//3988 3992//3989 3951//3948
f 3951//3948 3992//3989 3952//3949
f 3992//3989 3993//3990 3952//3949
f 3952//3949 3993//3990 3953//3950
f 3993//3990 3994//3991 3953//3950
f 3953//3950 3994//3991 3954//3951
f 3994//3991 3995//3992 3954//3951
f 3954//3951 3995//3992 3955//3952
f 3995//3992 3996//3993 3955//3952
f 3955//3952 3996//3993 3956//3953
f 3996//3993 3997//3994 3956//3953
f 3956//3953 3997//3994 3957//3954
f 3997//3994 3998//3995 3957//3954
f 3957//3954 3998//3995 3958//3955
f 3998//3995 3999//3996 3958//3955
f 3958//3955 3999//3996 3959//3956
f 3999//3996 4000//3997 3959//3956
f 3959//3956 4000//3997 3960//3957
f 4000//3997 4001//3998 3960//3957
f 3960//3957 4001//3998 3961//3958
f 4001//3998 4002//3999 3961//3958
f 3961//3958 4002//3999 3962//3959
f 4002//3999 4003//4000 3962//3959
f 3962//3959 4003//4000 3963//3960
f 4003//4000 4004//4001 3963//3960
f 3963//3960 4004//4001 3964//3961
f 4004//4001 4005//4002 3964//3961
f 3964//3961 4005//4002 3965//3962
f 4005//4002 4006//4003 3965//3962
f 3965//3962 4006//4003 3966//3963
f 4006//4003 4007//4004 3966//3963
f 3966//3963 4007//4004 3967//3964
f 4007//4004 4008//4005 3967//3964
f 3967//3964 4008//4005 3968//3965
f 4008//4005 4009//4006 3968//3965
f 3968//3965 4009//4006 3969//3966
f 4009//4006 4010//4007 3969//3966
f 3969//3966 4010//4007 3970//3967
f 4010//4007 4011//4008 3970//3967
f 3970//3967 4011//4008 3971//3968
f 4011//4008 4012//4009 3971//3968
f 3971//3968 4012//4009 3972//3969
f 4012//4009 4013//4010 3972//3969
f 3972//3969 4013//4010 3973//3970
f 4013//4010 4014//4011 3973//3970
f 3973//3970 4014//4011 3974//3971
f 4014//4011 4015//4012 3974//3971
f 3974//3971 4015//4012 3975//3972
f 4015//4012 4016//4013 3975//3972
f 3975//3972 4016//4013 3976//3973
f 4016//4013 4017//4014 3976//3973
f 3976//3973 4017//4014 3977//3974
f 4017//4014 4018//4015 3977//3974
f 3977//3974 4018//4015 3978//3975
f 4018//4015 4019//4016 3978//3975
f 3978//3975 4019//4016 3979//3976
f 4019//4016 4020//4017 3979//3976
f 3979//3976 4020//4017 3980//3977
f 4020//4017 4021//4018 3980//3977
f 3981//3978 4022//4019 3982//3979
f 4022//4019 4023//4020 3982//3979
f 3982//3979 4023//4020 3983//3980
f 4023//4020 4024//4021 3983//3980
f 3983//3980 4024//4021 3984//3981
f 4024//4021 4025//4022 3984//3981
f 3984//3981 4025//4022 3985//3982
f 4025//4022 4026//4023 3985//3982
f 3985//3982 4026//4023 3986//3983
f 4026//4023 4027//4024 3986//3983
f 3986//3983 4027//4024 3987//3984
f 4027//4024 4028//4025 3987//3984
f 3987//3984 4028//4025 3988//3985
f 4028//4025 4029//4026 3988//3985
f 3988//3985 4029//4026 3989//3986
f 4029//4026 4030//4027 3989//3986
f 3989//3986 4030//4027 3990//3987
f 4030//4027 4031//4028 3990//3987
f 3990//3987 4031//4028 3991//3988
f 4031//4028 4032//4029 3991//3988
f 3991//3988 4032//4029 3992//3989
f 4032//4029 4033//4030 3992//3989
f 3992//3989 4033//4030 3993//3990
f 4033//4030 4034//4031 3993//3990
f 3993//3990 4034//4031 3994//3991
f 4034//4031 4035//4032 3994//3991
f 3994//3991 4035//4032 3995//3992
f 4035//4032 4036//4033 3995//3992
f 3995//3992 4036//4033 3996//3993
f 4036//4033 4037//4034 3996//3993
f 3996//3993 4037//4034 3997//3994
f 4037//4034 4038//4035 3997//3994
f 3997//3994 4038//4035 3998//3995
f 4038//4035 4039//4036 3998//3995
f 3998//3995 4039//4036 3999//3996
f 4039//4036 4040//4037 3999//3996
f 3999//3996 4040//4037 4000//3997
f 4040//4037 4041//4038 4000//3997
f 4000//3997 4041//4038 4001//3998
f 4041//4038 4042//4039 4001//3998
f 4001//3998 4042//4039 4002//3999
f 4042//4039 4043//4040 4002//3999
f 4002//3999 4043//4040 4003//4000
f 4043//4040 4044//4041 4003//4000
f 4003//4000 4044//4041 4004//4001
f 4044//4041 4045//4042 4004//4001
f 4004//4001 4045//4042 4005//4002
f 4045//4042 4046//4043 4005//4002
f 4005//4002 4046//4043 4006//4003
f 4046//4043 4047//4044 4006//4003
f 4006//4003 4047//4044 4007//4004
f 4047//4044 4048//4045 4007//4004
f 4007//4004 4048//4045 4008//4005
f 4048//4045 4049//4046 4008//4005
f 4008//4005 4049//4046 4009//4006
f 4049//4046 4050//4047 4009//4006
f 4009//4006 4050//4047 4010//4007
f 4050//4047 4051//4048 4010//4007
f 4010//4007 4051//4048 4011//4008
f 4051//4048 4052//4049 4011//4008
f 4011//4008 4052//4049 4012//4009
f 4052//4049 4053//4050 4012//4009
f 4012//4009 4053//4050 4013//4010
f 4053//4050 4054//4051 4013//4010
f 4013//4010 4054//4051 4014//4011
f 4054//4051 4055//4052 4014//4011
f 4014//4011 4055//4052 4015//4012
f 4055//4052 4056//4053 4015//4012
f 4015//4012 4056//4053 4016//4013
f 4056//4053 4057//4054 4016//4013
f 4016//4013 4057//4054 4017//4014
f 4057//4054 4058//4055 4017//4014
f 4017//4014 4058//4055 4018//4015
f 4058//4055 4059//4056 4018//4015
f 4018//4015 4059//4056 4019//4016
f 4059//4056 4060//4057 4019//4016
f 4019//4016 4060//4057 4020//4017
f 4060//4057 4061//4058 4020//4017
f 4020//4017 4061//4058 4021//4018
f 4061//4058 4062//4059 4021//4018
f 4022//4019 4063//4060 4023//4020
f 4063//4060 4064//4061 4023//4020
f 4023//4020 4064//4061 4024//4021
f 4064//4061 4065//4062 4024//4021
f 4024//4021 4065//4062 4025//4022
f 4065//4062 4066//4063 4025//4022
f 4025//4022 4066//4063 4026//4023
f 4066//4063 4067//4064 4026//4023
f 4026//4023 4067//4064 4027//4024
f 4067//4064 4068//4065 4027//4024
f 4027//4024 4068//4065 4028//4025
f 4068//4065 4069//4066 4028//4025
f 4028//4025 4069//4066 4029//4026
f 4069//4066 4070//4067 4029//4026
f 4029//4026 4070//4067 4030//4027
f 4070//4067 4071//4068 4030//4027
f 4030//4027 4071//4068 4031//4028
f 4071//4068 4072//4069 4031//4028
f 4031//4028 4072//4069 4032//4029
f 4072//4069 4073//4070 4032//4029
f 4032//4029 4073//4070 4033//4030
f 4073//4070 4074//4071 4033//4030
f 4033//4030 4074//4071 4034//4031
f 4074//4071 4075//4072 4034//4031
f 4034//4031 4075//4072 4035//4032
f 4075//4072 4076//4073 4035//4032
f 4035//4032 4076//4073 4036//4033
f 4076//4073 4077//4074 4036//4033
f 4036//4033 4077//4074 4037//4034
f 4077//4074 4078//4075 4037//4034
f 4037//4034 4078//4075 4038//4035
f 4078//4075 4079//4076 4038//4035
f 4038//4035 4079//4076 4039//4036
f 4079//4076 4080//4077 4039//4036
f 4039//4036 4080//4077 4040//4037
f 4080//4077 4081//4078 4040//4037
f 4040//4037 4081//4078 4041//4038
f 4081//4078 4082//4079 4041//4038
f 4041//4038 4082//4079 4042//4039
f 4082//4079 4083//4080 4042//4039
f 4042//4039 4083//4080 4043//4040
f 4083//4080 4084//4081 4043//4040
f 4043//4040 4084//4081 4044//4041
f 4084//4081 4085//4082 4044//4041
f 4044//4041 4085//4082 4045//4042
f 4085//4082 4086//4083 4045//4042
f 4045//4042 4086//4083 4046//4043
f 4086//4083 4087//4084 4046//4043
f 4046//4043 4087//4084 4047//4044
f 4087//4084 4088//4085 4047//4044
f 4047//4044 4088//4085 4048//4045
f 4088//4085 4089//4086 4048//4045
f 4048//4045 4089//4086 4049//4046
f 4089//4086 4090//4087 4049//4046
f 4049//4046 4090//4087 4050//4047
f 4090//4087 4091//4088 4050//4047
f 4050//4047 4091//4088 4051//4048
f 4091//4088 4092//4089 4051//4048
f 4051//4048 4092//4089 4052//4049
f 4092//4089 4093//4090 4052//4049
f 4052//4049 4093//4090 4053//4050
f 4093//4090 4094//4091 4053//4050
f 4053//4050 4094//4091 4054//4051
f 4094//4091 4095//4092 4054//4051
f 4054//4051 4095//4092 4055//4052
f 4095//4092 4096//4093 4055//4052
f 4055//4052 4096//4093 4056//4053
f 4096//4093 4097//4094 4056//4053
f 4056//4053 4097//4094 4057//4054
f 4097//4094 4098//4095 4057//4054
f 4057//4054 4098//4095 4058//4055
f 4098//4095 4099//4096 4058//4055
f 4058//4055 4099//4096 4059//4056
f 4099//4096 4100//4097 4059//4056
f 4059//4056 4100//4097 4060//4057
f 4100//4097 4101//4098 4060//4057
f 4060//4057 4101//4098 4061//4058
f 4101//4098 4102//4099 4061//4058
f 4061//4058 4102//4099 4062//4059
f 4102//4099 4103//4100 4062//4059
f 4063//4060 4104//4101 4064//4061
f 4104//4101 4105//4102 4064//4061
f 4064//4061 4105//4102 4065//4062
f 4105//4102 4106//4103 4065//4062
f 4065//4062 4106//4103 4066//4063
f 4106//4103 4107//4104 4066//4063
f 4066//4063 4107//4104 4067//4064
f 4107//4104 4108//4105 4067//4064
f 4067//4064 4108//4105 4068//4065
f 4108//4105 4109//4106 4068//4065
f 4068//4065 4109//4106 4069//4066
f 4109//4106 4110//4107 4069//4066
f 4069//4066 4110//4107 4070//4067
f 4110//4107 4111//4108 4070//4067
f 4070//4067 4111//4108 4071//4068
f 4111//4108 4112//4109 4071//4068
f 4071//4068 4112//4109 4072//4069
f 4112//4109 4113//4110 4072//4069
f 4072//4069 4113//4110 4073//4070
f 4113//4110 4114//4111 4073//4070
f 4073//4070 4114//4111 4074//4071
f 4114//4111 4115//4112 4074//4071
f 4074//4071 4115//4112 4075//4072
f 4115//4112 4116//4113 4075//4072
f 4075//4072 4116//4113 4076//4073
f 4116//4113 4117//4114 4076//4073
f 4076//4073 4117//4114 4077//4074
f 4117//4114 4118//4115 4077//4074
f 4077//4074 4118//4115 4078//4075
f 4118//4115 4119//4116 4078//4075
f 4078//4075 4119//4116 4079//4076
f 4119//4116 4120//4117 4079//4076
f 4079//4076 4120//4117 4080//4077
f 4120//4117 4121//4118 4080//4077
f 4080//4077 4121//4118 4081//4078
f 4121//4118 4122//4119 4081//4078
f 4081//4078 4122//4119 4082//4079
f 4122//4119 4123//4120 4082//4079
f 4082//4079 4123//4120 4083//4080
f 4123//4120 4124//4121 4083//4080
f 4083//4080 4124//4121 4084//4081
f 4124//4121 4125//4122 4084//4081
f 4084//4081 4125//4122 4085//4082
f 4125//4122 4126//4123 4085//4082
f 4085//4082 4126//4123 4086//4083
f 4126//4123 4127//4124 4086//4083
f 4086//4083 4127//4124 4087//4084
f 4127//4124 4128//4125 4087//4084
f 4087//4084 4128//4125 4088//4085
f 4128//4125 4129//4126 4088//4085
f 4088//4085 4129//4126 4089//4086
f 4129//4126 4130//4127 4089//4086
f 4089//4086 4130//4127 4090//4087
f 4130//4127 4131//4128 4090//4087
f 4090//4087 4131//4128 4091//4088
f 4131//4128 4132//4129 4091//4088
f 4091//4088 4132//4129 4092//4089
f 4132//4129 4133//4130 4092//4089
f 4092//4089 4133//4130 4093//4090
f 4133//4130 4134//4131 4093//4090
f 4093//4090 4134//4131 4094//4091
f 4134//4131 4135//4132 4094//4091
f 4094//4091 4135//4132 4095//4092
f 4135//4132 4136//4133 4095//4092
f 4095//4092 4136//4133 4096//4093
f 4136//4133 4137//4134 4096//4093
f 4096//4093 4137//4134 4097//4094
f 4137//4134 4138//4135 4097//4094
f 4097//4094 4138//4135 4098//4095
f 4138//4135 4139//4136 4098//4095
f 4098//4095 4139//4136 4099//4096
f 4139//4136 4140//4137 4099//4096
f 4099//4096 4140//4137 4100//4097
f 4140//4137 4141//4138 4100//4097
f 4100//4097 4141//4138 4101//4098
f 4141//4138 4142//4139 4101//4098
f 4101//4098 4142//4139 4102//4099
f 4142//4139 4143//4140 4102//4099
f 4102//4099 4143//4140 4103//4100
f 4143//4140 4144//4141 4103//4100
f 4104//4101 4145//4142 4105//4102
f 4145//4142 4146//4143 4105//4102
f 4105//4102 4146//4143 4106//4103
f 4146//4143 4147//4144 4106//4103
f 4106//4103 4147//4144 4107//4104
f 4147//4144 4148//4145 4107//4104
f 4107//4104 4148//4145 4108//4105
f 4148//4145 4149//4146 4108//4105
f 4108//4105 4149//4146 4109//4106
f 4149//4146 4150//4147 4109//4106
f 4109//4106 4150//4147 4110//4107
f 4150//4147 4151//4148 4110//4107
f 4110//4107 4151//4148 4111//4108
f 4151//4148 4152//4149 4111//4108
f 4111//4108 4152//4149 4112//4109
f 4152//4149 4153//4150 4112//4109
f 4112//4109 4153//4150 4113//4110
f 4153//4150 4154//4151 4113//4110
f 4113//4110 4154//4151 4114//4111
f 4154//4151 4155//4152 4114//4111
f 4114//4111 4155//4152 4115//4112
f 4155//4152 4156//4153 4115//4112
f 4115//4112 4156//4153 4116//4113
f 4156//4153 4157//4154 4116//4113
f 4116//4113 4157//4154 4117//4114
f 4157//4154 4158//4155 4117//4114
f 4117//4114 4158//4155 4118//4115
f 4158//4155 4159//4156 4118//4115
f 4118//4115 4159//4156 4119//4116
f 4159//4156 4160//4157 4119//4116
f 4119//4116 4160//4157 4120//4117
f 4160//4157 4161//4158 4120//4117
f 4120//4117 4161//4158 4121//4118
f 4161//4158 4162//4159 4121//4118
f 4121//4118 4162//4159 4122//4119
f 4162//4159 4163//4160 4122//4119
f 4122//4119 4163//4160 4123//4120
f 4163//4160 4164//4161 4123//4120
f 4123//4120 4164//4161 4124//4121
f 4164//4161 4165//4162 4124//4121
f 4124//4121 4165//4162 4125//4122
f 4165//4162 4166//4163 4125//4122
f 4125//4122 4166//4163 4126//4123
f 4166//4163 4167//4164 4126//4123
f 4126//4123 4167//4164 4127//4124
f 4167//4164 4168//4165 4127//4124
f 4127//4124 4168//4165 4128//4125
f 4168//4165 4169//4166 4128//4125
f 4128//4125 4169//4166 4129//4126
f 4169//4166 4170//4167 4129//4126
f 4129//4126 4170//4167 4130//4127
f 4170//4167 4171//4168 4130//4127
f 4130//4127 4171//4168 4131//4128
f 4171//4168 4172//4169 4131//4128
f 4131//4128 4172//4169 4132//4129
f 4172//4169 4173//4170 4132//4129
f 4132//4129 4173//4170 4133//4130
f 4173//4170 4174//4171 4133//4130
f 4133//4130 4174//4171 4134//4131
f 4174//4171 4175//4172 4134//4131
f 4134//4131 4175//4172 4135//4132
f 4175//4172 4176//4173 4135//4132
f 4135//4132 4176//4173 4136//4133
f 4176//4173 4177//4174 4136//4133
f 4136//4133 4177//4174 4137//4134
f 4177//4174 4178//4175 4137//4134
f 4137//4134 4178//4175 4138//4135
f 4178//4175 4179//4176 4138//4135
f 4138//4135 4179//4176 4139//4136
f 4179//4176 4180//4177 4139//4136
f 4139//4136 4180//4177 4140//4137
f 4180//4177 4181//4178 4140//4137
f 4140//4137 4181//4178 4141//4138
f 4181//4178 4182//4179 4141//4138
f 4141//4138 4182//4179 4142//4139
f 4182//4179 4183//4180 4142//4139
f 4142//4139 4183//4180 4143//4140
f 4183//4180 4184//4181 4143//4140
f 4143//4140 4184//4181 4144//4141
f 4184//4181 4185//4182 4144//4141
f 4145//4142 4186//4183 4146//4143
f 4186//4183 4187//4184 4146//4143
f 4146//4143 4187//4184 4147//4144
f 4187//4184 4188//4185 4147//4144
f 4147//4144 4188//4185 4148//4145
f 4188//4185 4189//4186 4148//4145
f 4148//4145 4189//4186 4149//4146
f 4189//4186 4190//4187 4149//4146
f 4149//4146 4190//4187 4150//4147
f 4190//4187 4191//4188 4150//4147
f 4150//4147 4191//4188 4151//4148
f 4191//4188 4192//4189 4151//4148
f 4151//4148 4192//4189 4152//4149
f 4192//4189 4193//4190 4152//4149
f 4152//4149 4193//4190 4153//4150
f 4193//4190 4194//4191 4153//4150
f 4153//4150 4194//4191 4154//4151
f 4194//4191 4195//4192 4154//4151
f 4154//4151 4195//4192 4155//4152
f 4195//4192 4196//4193 4155//4152
f 4155//4152 4196//4193 4156//4153
f 4196//4193 4197//4194 4156//4153
f 4156//4153 4197//4194 4157//4154
f 4197//4194 4198//4195 4157//4154
f 4157//4154 4198//4195 4158//4155
f 4198//4195 4199//4196 4158//4155
f 4158//4155 4199//4196 4159//4156
f 4199//4196 4200//4197 4159//4156
f 4159//4156 4200//4197 4160//4157
f 4200//4197 4201//4198 4160//4157
f 4160//4157 4201//4198 4161//4158
f 4201//4198 4202//4199 4161//4158
f 4161//4158 4202//4199 4162//4159
f 4202//4199 4203//4200 4162//4159
f 4162//4159 4203//4200 4163//4160
f 4203//4200 4204//4201 4163//4160
f 4163//4160 4204//4201 4164//4161
f 4204//4201 4205//4202 4164//4161
f 4164//4161 4205//4202 4165//4162
f 4205//4202 4206//4203 4165//4162
f 4165//4162 4206//4203 4166//4163
f 4206//4203 4207//4204 4166//4163
f 4166//4163 4207//4204 4167//4164
f 4207//4204 4208//4205 4167//4164
f 4167//4164 4208//4205 4168//4165
f 4208//4205 4209//4206 4168//4165
f 4168//4165 4209//4206 4169//4166
f 4209//4206 4210//4207 4169//4166
f 4169//4166 4210//4207 4170//4167
f 4210//4207 4211//4208 4170//4167
f 4170//4167 4211//4208 4171//4168
f 4211//4208 4212//4209 4171//4168
f 4171//4168 4212//4209 4172//4169
f 4212//4209 4213//4210 4172//4169
f 4172//4169 4213//4210 4173//4170
f 4213//4210 4214//4211 4173//4170
f 4173//4170 4214//4211 4174//4171
f 4214//4211 4215//4212 4174//4171
f 4174//4171 4215//4212 4175//4172
f 4215//4212 4216//4213 4175//4172
f 4175//4172 4216//4213 4176//4173
f 4216//4213 4217//4214 4176//4173
f 4176//4173 4217//4214 4177//4174
f 4217//4214 4218//4215 4177//4174
f 4177//4174 4218//4215 4178//4175
f 4218//4215 4219//4216 4178//4175
f 4178//4175 4219//4216 4179//4176
f 4219//4216 4220//4217 4179//4176
f 4179//4176 4220//4217 4180//4177
f 4220//4217 4221//4218 4180//4177
f 4180//4177 4221//4218 4181//4178
f 4221//4218 4222//4219 4181//4178
f 4181//4178 4222//4219 4182//4179
f 4222//4219 4223//4220 4182//4179
f 4182//4179 4223//4220 4183//4180
f 4223//4220 4224//4221 4183//4180
f 4183//4180 4224//4221 4184//4181
f 4224//4221 4225//4222 4184//4181
f 4184//4181 4225//4222 4185//4182
f 4225//4222 4226//4223 4185//4182
f 4186//4183 4227//4224 4187//4184
f 4227//4224 4228//4225 4187//4184
f 4187//4184 4228//4225 4188//4185
f 4228//4225 4229//4226 4188//4185
f 4188//4185 4229//4226 4189//4186
f 4229//4226 4230//4227 4189//4186
f 4189//4186 4230//4227 4190//4187
f 4230//4227 4231//4228 4190//4187
f 4190//4187 4231//4228 4191//4188
f 4231//4228 4232//4229 4191//4188
f 4191//4188 4232//4229 4192//4189
f 4232//4229 4233//4230 4192//4189
f 4192//4189 4233//4230 4193//4190
f 4233//4230 4234//4231 4193//4190
f 4193//4190 4234//4231 4194//4191
f 4234//4231 4235//4232 4194//4191
f 4194//4191 4235//4232 4195//4192
f 4235//4232 4236//4233 4195//4192
f 4195//4192 4236//4233 4196//4193
f 4236//4233 4237//4234 4196//4193
f 4196//4193 4237//4234 4197//4194
f 4237//4234 4238//4235 4197//4194
f 4197//4194 4238//4235 4198//4195
f 4238//4235 4239//4236 4198//4195
f 4198//4195 4239//4236 4199//4196
f 4239//4236 4240//4237 4199//4196
f 4199//4196 4240//4237 4200//4197
f 4240//4237 4241//4238 4200//4197
f 4200//4197 4241//4238 4201//4198
f 4241//4238 4242//4239 4201//4198
f 4201//4198 4242//4239 4202//4199
f 4242//4239 4243//4240 4202//4199
f 4202//4199 4243//4240 4203//4200
f 4243//4240 4244//4241 4203//4200
f 4203//4200 4244//4241 4204//4201
f 4244//4241 4245//4242 4204//4201
f 4204//4201 4245//4242 4205//4202
f 4245//4242 4246//4243 4205//4202
f 4205//4202 4246//4243 4206//4203
f 4246//4243 4247//4244 4206//4203
f 4206//4203 4247//4244 4207//4204
f 4247//4244 4248//4245 4207//4204
f 4207//4204 4248//4245 4208//4205
f 4248//4245 4249//4246 4208//4205
f 4208//4205 4249//4246 4209//4206
f 4249//4246 4250//4247 4209//4206
f 4209//4206 4250//4247 4210//4207
f 4250//4247 4251//4248 4210//4207
f 4210//4207 4251//4248 4211//4208
f 4251//4248 4252//4249 4211//4208
f 4211//4208 4252//4249 4212//4209
f 4252//4249 4253//4250 4212//4209
f 4212//4209 4253//4250 4213//4210
f 4253//4250 4254//4251 4213//4210
f 4213//4210 4254//4251 4214//4211
f 4254//4251 4255//4252 4214//4211
f 4214//4211 4255//4252 4215//4212
f 4255//4252 4256//4253 4215//4212
f 4215//4212 4256//4253 4216//4213
f 4256//4253 4257//4254 4216//4213
f 4216//4213 4257//4254 4217//4214
f 4257//4254 4258//4255 4217//4214
f 4217//4214 4258//4255 4218//4215
f 4258//4255 4259//4256 4218//4215
f 4218//4215 4259//4256 4219//4216
f 4259//4256 4260//4257 4219//4216
f 4219//4216 4260//4257 4220//4217
f 4260//4257 4261//4258 4220//4217
f 4220//4217 4261//4258 4221//4218
f 4261//4258 4262//4259 4221//4218
f 4221//4218 4262//4259 4222//4219
f 4262//4259 4263//4260 4222//4219
f 4222//4219 4263//4260 4223//4220
f 4263//4260 4264//4261 4223//4220
f 4223//4220 4264//4261 4224//4221
f 4264//4261 4265//4262 4224//4221
f 4224//4221 4265//4262 4225//4222
f 4265//4262 4266//4263 4225//4222
f 4225//4222 4266//4263 4226//4223
f 4266//4263 4267//4264 4226//4223
f 4227//4224 4268//4265 4228//4225
f 4268//4265 4269//4266 4228//4225
f 4228//4225 4269//4266 4229//4226
f 4269//4266 4270//4267 4229//4226
f 4229//4226 4270//4267 4230//4227
f 4270//4267 4271//4268 4230//4227
f 4230//4227 4271//4268 4231//4228
f 4271//4268 4272//4269 4231//4228
f 4231//4228 4272//4269 4232//4229
f 4272//4269 4273//4270 4232//4229
f 4232//4229 4273//4270 4233//4230
f 4273//4270 4274//4271 4233//4230
f 4233//4230 4274//4271 4234//4231
f 4274//4271 4275//4272 4234//4231
f 4234//4231 4275//4272 4235//4232
f 4275//4272 4276//4273 4235//4232
f 4235//4232 4276//4273 4236//4233
f 4276//4273 4277//4274 4236//4233
f 4236//4233 4277//4274 4237//4234
f 4277//4274 4278//4275 4237//4234
f 4237//4234 4278//4275 4238//4235
f 4278//4275 4279//4276 4238//4235
f 4238//4235 4279//4276 4239//4236
f 4279//4276 4280//4277 4239//4236
f 4239//4236 4280//4277 4240//4237
f 4280//4277 4281//4278 4240//4237
f 4240//4237 4281//4278 4241//4238
f 4281//4278 4282//4279 4241//4238
f 4241//4238 4282//4279 4242//4239
f 4282//4279 4283//4280 4242//4239
f 4242//4239 4283//4280 4243//4240
f 4283//4280 4284//4281 4243//4240
f 4243//4240 4284//4281 4244//4241
f 4284//4281 4285//4282 4244//4241
f 4244//4241 4285//4282 4245//4242
f 4285//4282 4286//4283 4245//4242
f 4245//4242 4286//4283 4246//4243
f 4286//4283 4287//4284 4246//4243
f 4246//4243 4287//4284 4247//4244
f 4287//4284 4288//4285 4247//4244
f 4247//4244 4288//4285 4248//4245
f 4288//4285 4289//4286 4248//4245
f 4248//4245 4289//4286 4249//4246
f 4289//4286 4290//4287 4249//4246
f 4249//4246 4290//4287 4250//4247
f 4290//4287 4291//4288 4250//4247
f 4250//4247 4291//4288 4251//4248
f 4291//4288 4292//4289 4251//4248
f 4251//4248 4292//4289 4252//4249
f 4292//4289 4293//4290 4252//4249
f 4252//4249 4293//4290 4253//4250
f 4293//4290 4294//4291 4253//4250
f 4253//4250 4294//4291 4254//4251
f 4294//4291 4295//4292 4254//4251
f 4254//4251 4295//4292 4255//4252
f 4295//4292 4296//4293 4255//4252
f 4255//4252 4296//4293 4256//4253
f 4296//4293 4297//4294 4256//4253
f 4256//4253 4297//4294 4257//4254
f 4297//4294 4298//4295 4257//4254
f 4257//4254 4298//4295 4258//4255
f 4298//4295 4299//4296 4258//4255
f 4258//4255 4299//4296 4259//4256
f 4299//4296 4300//4297 4259//4256
f 4259//4256 4300//4297 4260//4257
f 4300//4297 4301//4298 4260//4257
f 4260//4257 4301//4298 4261//4258
f 4301//4298 4302//4299 4261//4258
f 4261//4258 4302//4299 4262//4259
f 4302//4299 4303//4300 4262//4259
f 4262//4259 4303//4300 4263//4260
f 4303//4300 4304//4301 4263//4260
f 4263//4260 4304//4301 4264//4261
f 4304//4301 4305//4302 4264//4261
f 4264//4261 4305//4302 4265//4262
f 4305//4302 4306//4303 4265//4262
f 4265//4262 4306//4303 4266//4263
f 4306//4303 4307//4304 4266//4263
f 4266//4263 4307//4304 4267//4264
f 4307//4304 4308//4305 4267//4264
f 4268//4265 4309//4306 4269//4266
f 4309//4306 4310//4307 4269//4266
f 4269//4266 4310//4307 4270//4267
f 4310//4307 4311//4308 4270//4267
f 4270//4267 4311//4308 4271//4268
f 4311//4308 4312//4309 4271//4268
f 4271//4268 4312//4309 4272//4269
f 4312//4309 4313//4310 4272//4269
f 4272//4269 4313//4310 4273//4270
f 4313//4310 4314//4311 4273//4270
f 4273//4270 4314//4311 4274//4271
f 4314//4311 4315//4312 4274//4271
f 4274//4271 4315//4312 4275//4272
f 4315//4312 4316//4313 4275//4272
f 4275//4272 4316//4313 4276//4273
f 4316//4313 4317//4314 4276//4273
f 4276//4273 4317//4314 4277//4274
f 4317//4314 4318//4315 4277//4274
f 4277//4274 4318//4315 4278//4275
f 4318//4315 4319//4316 4278//4275
f 4278//4275 4319//4316 4279//4276
f 4319//4316 4320//4317 4279//4276
f 4279//4276 4320//4317 4280//4277
f 4320//4317 4321//4318 4280//4277
f 4280//4277 4321//4318 4281//4278
f 4321//4318 4322//4319 4281//4278
f 4281//4278 4322//4319 4282//4279
f 4322//4319 4323//4320 4282//4279
f 4282//4279 4323//4320 4283//4280
f 4323//4320 4324//4321 4283//4280
f 4283//4280 4324//4321 4284//4281
f 4324//4321 4325//4322 4284//4281
f 4284//4281 4325//4322 4285//4282
f 4325//4322 4326//4323 4285//4282
f 4285//4282 4326//4323 4286//4283
f 4326//4323 4327//4324 4286//4283
f 4286//4283 4327//4324 4287//4284
f 4327//4324 4328//4325 4287//4284
f 4287//4284 4328//4325 4288//4285
f 4328//4325 4329//4326 4288//4285
f 4288//4285 4329//4326 4289//4286
f 4329//4326 4330//4327 4289//4286
f 4289//4286 4330//4327 4290//4287
f 4330//4327 4331//4328 4290//4287
f 4290//4287 4331//4328 4291//4288
f 4331//4328 4332//4329 4291//4288
f 4291//4288 4332//4329 4292//4289
f 4332//4329 4333//4330 4292//4289
f 4292//4289 4333//4330 4293//4290
f 4333//4330 4334//4331 4293//4290
f 4293//4290 4334//4331 4294//4291
f 4334//4331 4335//4332 4294//4291
f 4294//4291 4335//4332 4295//4292
f 4335//4332 4336//4333 4295//4292
f 4295//4292 4336//4333 4296//4293
f 4336//4333 4337//4334 4296//4293
f 4296//4293 4337//4334 4297//4294
f 4337//4334 4338//4335 4297//4294
f 4297//4294 4338//4335 4298//4295
f 4338//4335 4339//4336 4298//4295
f 4298//4295 4339//4336 4299//4296
f 4339//4336 4340//4337 4299//4296
f 4299//4296 4340//4337 4300//4297
f 4340//4337 4341//4338 4300//4297
f 4300//4297 4341//4338 4301//4298
f 4341//4338 4342//4339 4301//4298
f 4301//4298 4342//4339 4302//4299
f 4342//4339 4343//4340 4302//4299
f 4302//4299 4343//4340 4303//4300
f 4343//4340 4344//4341 4303//4300
f 4303//4300 4344//4341 4304//4301
f 4344//4341 4345//4342 4304//4301
f 4304//4301 4345//4342 4305//4302
f 4345//4342 4346//4343 4305//4302
f 4305//4302 4346//4343 4306//4303
f 4346//4343 4347//4344 4306//4303
f 4306//4303 4347//4344 4307//4304
f 4347//4344 4348//4345 4307//4304
f 4307//4304 4348//4345 4308//4305
f 4348//4345 4349//4346 4308//4305
f 4309//4306 4350//4347 4310//4307
f 4350//4347 4351//4348 4310//4307
f 4310//4307 4351//4348 4311//4308
f 4351//4348 4352//4349 4311//4308
f 4311//4308 4352//4349 4312//4309
f 4352//4349 4353//4350 4312//4309
f 4312//4309 4353//4350 4313//4310
f 4353//4350 4354//4351 4313//4310
f 4313//4310 4354//4351 4314//4311
f 4354//4351 4355//4352 4314//4311
f 4314//4311 4355//4352 4315//4312
f 4355//4352 4356//4353 4315//4312
f 4315//4312 4356//4353 4316//4313
f 4356//4353 4357//4354 4316//4313
f 4316//4313 4357//4354 4317//4314
f 4357//4354 4358//4355 4317//4314
f 4317//4314 4358//4355 4318//4315
f 4358//4355 4359//4356 4318//4315
f 4318//4315 4359//4356 4319//4316
f 4359//4356 4360//4357 4319//4316
f 4319//4316 4360//4357 4320//4317
f 4360//4357 4361//4358 4320//4317
f 4320//4317 4361//4358 4321//4318
f 4361//4358 4362//4359 4321//4318
f 4321//4318 4362//4359 4322//4319
f 4362//4359 4363//4360 4322//4319
f 4322//4319 4363//4360 4323//4320
f 4363//4360 4364//4361 4323//4320
f 4323//4320 4364//4361 4324//4321
f 4364//4361 4365//4362 4324//4321
f 4324//4321 4365//4362 4325//4322
f 4365//4362 4366//4363 4325//4322
f 4325//4322 4366//4363 4326//4323
f 4366//4363 4367//4364 4326//4323
f 4326//4323 4367//4364 4327//4324
f 4367//4364 4368//4365 4327//4324
f 4327//4324 4368//4365 4328//4325
f 4368//4365 4369//4366 4328//4325
f 4328//4325 4369//4366 4329//4326
f 4369//4366 4370//4367 4329//4326
f 4329//4326 4370//4367 4330//4327
f 4370//4367 4371//4368 4330//4327
f 4330//4327 4371//4368 4331//4328
f 4371//4368 4372//4369 4331//4328
f 4331//4328 4372//4369 4332//4329
f 4372//4369 4373//4370 4332//4329
f 4332//4329 4373//4370 4333//4330
f 4373//4370 4374//4371 4333//4330
f 4333//4330 4374//4371 4334//4331
f 4374//4371 4375//4372 4334//4331
f 4334//4331 4375//4372 4335//4332
f 4375//4372 4376//4373 4335//4332
f 4335//4332 4376//4373 4336//4333
f 4376//4373 4377//4374 4336//4333
f 4336//4333 4377//4374 4337//4334
f 4377//4374 4378//4375 4337//4334
f 4337//4334 4378//4375 4338//4335
f 4378//4375 4379//4376 4338//4335
f 4338//4335 4379//4376 4339//4336
f 4379//4376 4380//4377 4339//4336
f 4339//4336 4380//4377 4340//4337
f 4380//4377 4381//4378 4340//4337
f 4340//4337 4381//4378 4341//4338
f 4381//4378 4382//4379 4341//4338
f 4341//4338 4382//4379 4342//4339
f 4382//4379 4383//4380 4342//4339
f 4342//4339 4383//4380 4343//4340
f 4383//4380 4384//4381 4343//4340
f 4343//4340 4384//4381 4344//4341
f 4384//4381 4385//4382 4344//4341
f 4344//4341 4385//4382 4345//4342
f 4385//4382 4386//4383 4345//4342
f 4345//4342 4386//4383 4346//4343
f 4386//4383 4387//4384 4346//4343
f 4346//4343 4387//4384 4347//4344
f 4387//4384 4388//4385 4347//4344
f 4347//4344 4388//4385 4348//4345
f 4388//4385 4389//4386 4348//4345
f 4348//4345 4389//4386 4349//4346
f 4389//4386 4390//4387 4349//4346
f 4350//4347 4391//4388 4351//4348
f 4391//4388 4392//4389 4351//4348
f 4351//4348 4392//4389 4352//4349
f 4392//4389 4393//4390 4352//4349
f 4352//4349 4393//4390 4353//4350
f 4393//4390 4394//4391 4353//4350
f 4353//4350 4394//4391 4354//4351
f 4394//4391 4395//4392 4354//4351
f 4354//4351 4395//4392 4355//4352
f 4395//4392 4396//4393 4355//4352
f 4355//4352 4396//4393 4356//4353
f 4396//4393 4397//4394 4356//4353
f 4356//4353 4397//4394 4357//4354
f 4397//4394 4398//4395 4357//4354
f 4357//4354 4398//4395 4358//4355
f 4398//4395 4399//4396 4358//4355
f 4358//4355 4399//4396 4359//4356
f 4399//4396 4400//4397 4359//4356
f 4359//4356 4400//4397 4360//4357
f 4400//4397 4401//4398 4360//4357
f 4360//4357 4401//4398 4361//4358
f 4401//4398 4402//4399 4361//4358
f 4361//4358 4402//4399 4362//4359
f 4402//4399 4403//4400 4362//4359
f 4362//4359 4403//4400 4363//4360
f 4403//4400 4404//4401 4363//4360
f 4363//4360 4404//4401 4364//4361
f 4404//4401 4405//4402 4364//4361
f 4364//4361 4405//4402 4365//4362
f 4405//4402 4406//4403 4365//4362
f 4365//4362 4406//4403 4366//4363
f 4406//4403 4407//4404 4366//4363
f 4366//4363 4407//4404 4367//4364
f 4407//4404 4408//4405 4367//4364
f 4367//4364 4408//4405 4368//4365
f 4408//4405 4409//4406 4368//4365
f 4368//4365 4409//4406 4369//4366
f 4409//4406 4410//4407 4369//4366
f 4369//4366 4410//4407 4370//4367
f 4410//4407 4411//4408 4370//4367
f 4370//4367 4411//4408 4371//4368
f 4411//4408 4412//4409 4371//4368
f 4371//4368 4412//4409 4372//4369
f 4412//4409 4413//4410 4372//4369
f 4372//4369 4413//4410 4373//4370
f 4413//4410 4414//4411 4373//4370
f 4373//4370 4414//4411 4374//4371
f 4414//4411 4415//4412 4374//4371
f 4374//4371 4415//4412 4375//4372
f 4415//4412 4416//4413 4375//4372
f 4375//4372 4416//4413 4376//4373
f 4416//4413 4417//4414 4376//4373
f 4376//4373 4417//4414 4377//4374
f 4417//4414 4418//4415 4377//4374
f 4377//4374 4418//4415 4378//4375
f 4418//4415 4419//4416 4378//4375
f 4378//4375 4419//4416 4379//4376
f 4419//4416 4420//4417 4379//4376
f 4379//4376 4420//4417 4380//4377
f 4420//4417 4421//4418 4380//4377
f 4380//4377 4421//4418 4381//4378
f 4421//4418 4422//4419 4381//4378
f 4381//4378 4422//4419 4382//4379
f 4422//4419 4423//4420 4382//4379
f 4382//4379 4423//4420 4383//4380
f 4423//4420 4424//4421 4383//4380
f 4383//4380 4424//4421 4384//4381
f 4424//4421 4425//4422 4384//4381
f 4384//4381 4425//4422 4385//4382
f 4425//4422 4426//4423 4385//4382
f 4385//4382 4426//4423 4386//4383
f 4426//4423 4427//4424 4386//4383
f 4386//4383 4427//4424 4387//4384
f 4427//4424 4428//4425 4387//4384
f 4387//4384 4428//4425 4388//4385
f 4428//4425 4429//4426 4388//4385
f 4388//4385 4429//4426 4389//4386
f 4429//4426 4430//4427 4389//4386
f 4389//4386 4430//4427 4390//4387
f 4430//4427 4431//4428 4390//4387
f 4391//4388 4432//4429 4392//4389
f 4392//4389 4433//4430 4393//4390
f 4393//4390 4434//4431 4394//4391
f 4394//4391 4435//4432 4395//4392
f 4395//4392 4436//4433 4396//4393
f 4396//4393 4437//4434 4397//4394
f 4397//4394 4438//4435 4398//4395
f 4398//4395 4439//4436 4399//4396
f 4399//4396 4440//4437 4400//4397
f 4400//4397 4441//4438 4401//4398
f 4401//4398 4442//4439 4402//4399
f 4402//4399 4443//4440 4403//4400
f 4403//4400 4444//4441 4404//4401
f 4404//4401 4445//4442 4405//4402
f 4405//4402 4446//4443 4406//4403
f 4406//4403 4447//4444 4407//4404
f 4407//4404 4448//4445 4408//4405
f 4408//4405 4449//4446 4409//4406
f 4409//4406 4450//4447 4410//4407
f 4410//4407 4451//4448 4411//4408
f 4411//4408 4452//4449 4412//4409
f 4412//4409 4453//4450 4413//4410
f 4413//4410 4454//4451 4414//4411
f 4414//4411 4455//4452 4415//4412
f 4415//4412 4456//4453 4416//4413
f 4416//4413 4457//4454 4417//4414
f 4417//4414 4458//4455 4418//4415
f 4418//4415 4459//4456 4419//4416
f 4419//4416 4460//4457 4420//4417
f 4420//4417 4461//4458 4421//4418
f 4421//4418 4462//4459 4422//4419
f 4422//4419 4463//4460 4423//4420
f 4423//4420 4464//4461 4424//4421
f 4424//4421 4465//4462 4425//4422
f 4425//4422 4466//4463 4426//4423
f 4426//4423 4467//4464 4427//4424
f 4427//4424 4468//4465 4428//4425
f 4428//4425 4469//4466 4429//4426
f 4429//4426 4470//4467 4430//4427
f 4430//4427 4471//4468 4431//4428
